awb_number,batch_id,courier_,merchant_id,city,tier,discrepancy_type,expected_value,actual_value,variance_rs,severity,detected_at
AWB100000,BATCH-D,DTDC,M-018,Pune,Tier-2,EXCESS_FORWARD_CHARGE,95.0,114.0,19.0,LOW,2026-09-14 22:11:32.127304
AWB100001,BATCH-A,Bluedart,M-011,Delhi,Tier-1,PHANTOM_RTO_CHARGE,0.0,140.0,140.0,MEDIUM,2026-09-14 22:11:31.631484
AWB100002,BATCH-A,DTDC,M-001,Indore,Tier-2,PHANTOM_RTO_CHARGE,0.0,183.0,183.0,MEDIUM,2026-09-14 22:11:31.631484
AWB100008,BATCH-D,Shiprocket,M-014,Mumbai,Tier-1,OVERDUE_REMITTANCE,14.0,19.0,0.0,MEDIUM,2026-09-14 22:11:31.791087
AWB100011,BATCH-B,DTDC,M-007,Pune,Tier-2,EXCESS_FORWARD_CHARGE,95.0,114.0,19.0,LOW,2026-09-14 22:11:32.127304
AWB100019,BATCH-C,Delhivery,M-019,Mumbai,Tier-1,COD_SHORT_REMITTANCE,3213.0,2992.0,221.0,MEDIUM,2026-09-14 22:10:12.726074
AWB100020,BATCH-C,Kwikship,M-014,Jaipur,Tier-3,ETA_SLA_BREACH,72.0,103.4,0.0,LOW,2026-09-14 22:11:32.038362
AWB100030,BATCH-C,DTDC,M-020,Pune,Tier-2,EXCESS_FORWARD_CHARGE,65.0,78.0,13.0,LOW,2026-09-14 22:11:32.127304
AWB100035,BATCH-A,Delhivery,M-011,Indore,Tier-2,PHANTOM_RTO_CHARGE,0.0,203.0,203.0,MEDIUM,2026-09-14 22:11:31.631484
AWB100039,BATCH-A,Kwikship,M-016,Jaipur,Tier-3,ETA_SLA_BREACH,72.0,117.0,0.0,LOW,2026-09-14 22:11:32.038362
AWB100039,BATCH-A,Kwikship,M-016,Jaipur,Tier-3,PHANTOM_RTO_CHARGE,0.0,120.0,120.0,MEDIUM,2026-09-14 22:11:31.631484
AWB100047,BATCH-D,DTDC,M-006,Lucknow,Tier-3,EXCESS_FORWARD_CHARGE,95.0,114.0,19.0,LOW,2026-09-14 22:11:32.127304
AWB100051,BATCH-C,DTDC,M-017,Pune,Tier-2,EXCESS_FORWARD_CHARGE,95.0,114.0,19.0,LOW,2026-09-14 22:11:32.127304
AWB100052,BATCH-C,DTDC,M-009,Lucknow,Tier-3,EXCESS_FORWARD_CHARGE,65.0,78.0,13.0,LOW,2026-09-14 22:11:32.127304
AWB100054,BATCH-C,Shiprocket,M-008,Delhi,Tier-1,OVERDUE_REMITTANCE,14.0,25.0,0.0,MEDIUM,2026-09-14 22:11:31.791087
AWB100062,BATCH-C,Kwikship,M-003,Jaipur,Tier-3,PHANTOM_RTO_CHARGE,0.0,232.0,232.0,MEDIUM,2026-09-14 22:11:31.631484
AWB100073,BATCH-B,Kwikship,M-002,Jaipur,Tier-3,ETA_SLA_BREACH,72.0,125.3,0.0,LOW,2026-09-14 22:11:32.038362
AWB100078,BATCH-B,Kwikship,M-004,Lucknow,Tier-3,ETA_SLA_BREACH,72.0,135.6,0.0,LOW,2026-09-14 22:11:32.038362
AWB100079,BATCH-B,DTDC,M-020,Jaipur,Tier-3,PHANTOM_RTO_CHARGE,0.0,175.0,175.0,MEDIUM,2026-09-14 22:11:31.631484
AWB100089,BATCH-B,DTDC,M-019,Delhi,Tier-1,EXCESS_FORWARD_CHARGE,95.0,114.0,19.0,LOW,2026-09-14 22:11:32.127304
AWB100090,BATCH-D,Bluedart,M-003,Pune,Tier-2,PHANTOM_RTO_CHARGE,0.0,164.0,164.0,MEDIUM,2026-09-14 22:11:31.631484
AWB100097,BATCH-A,Shiprocket,M-015,Mumbai,Tier-1,PHANTOM_RTO_CHARGE,0.0,124.0,124.0,MEDIUM,2026-09-14 22:11:31.631484
AWB100103,BATCH-C,DTDC,M-004,Indore,Tier-2,EXCESS_FORWARD_CHARGE,95.0,114.0,19.0,LOW,2026-09-14 22:11:32.127304
AWB100110,BATCH-A,DTDC,M-002,Indore,Tier-2,EXCESS_FORWARD_CHARGE,95.0,114.0,19.0,LOW,2026-09-14 22:11:32.127304
AWB100111,BATCH-B,Bluedart,M-014,Delhi,Tier-1,PHANTOM_RTO_CHARGE,0.0,148.0,148.0,MEDIUM,2026-09-14 22:11:31.631484
AWB100112,BATCH-C,Delhivery,M-013,Lucknow,Tier-3,COD_SHORT_REMITTANCE,5683.0,5508.0,175.0,MEDIUM,2026-09-14 22:10:12.726074
AWB100112,BATCH-C,Delhivery,M-013,Lucknow,Tier-3,DUPLICATE_SETTLEMENT,1.0,2.0,5508.0,HIGH,2026-09-14 22:11:31.913657
AWB100112,BATCH-DUP,Delhivery,M-013,Lucknow,Tier-3,COD_SHORT_REMITTANCE,5683.0,5508.0,175.0,MEDIUM,2026-09-14 22:10:12.726074
AWB100112,BATCH-DUP,Delhivery,M-013,Lucknow,Tier-3,DUPLICATE_SETTLEMENT,1.0,2.0,5508.0,HIGH,2026-09-14 22:11:31.913657
AWB100113,BATCH-A,Kwikship,M-005,Lucknow,Tier-3,ETA_SLA_BREACH,72.0,108.7,0.0,LOW,2026-09-14 22:11:32.038362
AWB100128,BATCH-D,DTDC,M-016,Mumbai,Tier-1,EXCESS_FORWARD_CHARGE,95.0,114.0,19.0,LOW,2026-09-14 22:11:32.127304
AWB100133,BATCH-B,Delhivery,M-019,Lucknow,Tier-3,COD_SHORT_REMITTANCE,3151.0,3004.0,147.0,MEDIUM,2026-09-14 22:10:12.726074
AWB100137,BATCH-C,DTDC,M-020,Delhi,Tier-1,PHANTOM_RTO_CHARGE,0.0,196.0,196.0,MEDIUM,2026-09-14 22:11:31.631484
AWB100142,BATCH-D,Delhivery,M-003,Indore,Tier-2,COD_SHORT_REMITTANCE,3499.0,3387.0,112.0,MEDIUM,2026-09-14 22:10:12.726074
AWB100147,BATCH-D,DTDC,M-004,Indore,Tier-2,EXCESS_FORWARD_CHARGE,95.0,114.0,19.0,LOW,2026-09-14 22:11:32.127304
AWB100153,BATCH-D,Delhivery,M-005,Mumbai,Tier-1,COD_SHORT_REMITTANCE,5216.0,4944.0,272.0,MEDIUM,2026-09-14 22:10:12.726074
AWB100160,BATCH-B,Kwikship,M-013,Lucknow,Tier-3,ETA_SLA_BREACH,72.0,113.9,0.0,LOW,2026-09-14 22:11:32.038362
AWB100163,BATCH-B,DTDC,M-002,Mumbai,Tier-1,EXCESS_FORWARD_CHARGE,95.0,114.0,19.0,LOW,2026-09-14 22:11:32.127304
AWB100165,BATCH-C,DTDC,M-019,Mumbai,Tier-1,EXCESS_FORWARD_CHARGE,65.0,78.0,13.0,LOW,2026-09-14 22:11:32.127304
AWB100172,BATCH-C,Delhivery,M-006,Pune,Tier-2,COD_SHORT_REMITTANCE,5007.0,4809.0,198.0,MEDIUM,2026-09-14 22:10:12.726074
AWB100175,BATCH-C,DTDC,M-005,Mumbai,Tier-1,PHANTOM_RTO_CHARGE,0.0,207.0,207.0,MEDIUM,2026-09-14 22:11:31.631484
AWB100178,BATCH-C,Bluedart,M-009,Jaipur,Tier-3,WEIGHT_DISPUTE,7.29,8.89,96.0,LOW,2026-09-14 22:11:31.453814
AWB100182,BATCH-B,DTDC,M-019,Indore,Tier-2,EXCESS_FORWARD_CHARGE,95.0,114.0,19.0,LOW,2026-09-14 22:11:32.127304
AWB100182,BATCH-B,DTDC,M-019,Indore,Tier-2,PHANTOM_RTO_CHARGE,0.0,249.0,249.0,MEDIUM,2026-09-14 22:11:31.631484
AWB100183,BATCH-C,Bluedart,M-014,Delhi,Tier-1,PHANTOM_RTO_CHARGE,0.0,224.0,224.0,MEDIUM,2026-09-14 22:11:31.631484
AWB100188,BATCH-D,Bluedart,M-001,Lucknow,Tier-3,WEIGHT_DISPUTE,7.41,9.42,120.0,MEDIUM,2026-09-14 22:11:31.453814
AWB100189,BATCH-D,Bluedart,M-004,Jaipur,Tier-3,WEIGHT_DISPUTE,1.86,2.28,25.0,LOW,2026-09-14 22:11:31.453814
AWB100191,BATCH-A,Bluedart,M-019,Lucknow,Tier-3,WEIGHT_DISPUTE,2.26,2.7,26.0,LOW,2026-09-14 22:11:31.453814
AWB100194,BATCH-C,Delhivery,M-007,Jaipur,Tier-3,PHANTOM_RTO_CHARGE,0.0,134.0,134.0,MEDIUM,2026-09-14 22:11:31.631484
AWB100205,BATCH-D,DTDC,M-007,Mumbai,Tier-1,EXCESS_FORWARD_CHARGE,95.0,114.0,19.0,LOW,2026-09-14 22:11:32.127304
AWB100209,BATCH-B,DTDC,M-014,Lucknow,Tier-3,EXCESS_FORWARD_CHARGE,95.0,114.0,19.0,LOW,2026-09-14 22:11:32.127304
AWB100215,BATCH-C,Kwikship,M-008,Jaipur,Tier-3,ETA_SLA_BREACH,72.0,110.4,0.0,LOW,2026-09-14 22:11:32.038362
AWB100217,BATCH-D,Bluedart,M-020,Jaipur,Tier-3,WEIGHT_DISPUTE,5.24,6.79,93.0,LOW,2026-09-14 22:11:31.453814
AWB100223,BATCH-B,DTDC,M-016,Delhi,Tier-1,EXCESS_FORWARD_CHARGE,95.0,114.0,19.0,LOW,2026-09-14 22:11:32.127304
AWB100228,BATCH-A,Shiprocket,M-015,Mumbai,Tier-1,OVERDUE_REMITTANCE,14.0,18.0,0.0,MEDIUM,2026-09-14 22:11:31.791087
AWB100238,BATCH-C,Shiprocket,M-011,Pune,Tier-2,PHANTOM_RTO_CHARGE,0.0,171.0,171.0,MEDIUM,2026-09-14 22:11:31.631484
AWB100240,BATCH-A,Shiprocket,M-016,Delhi,Tier-1,OVERDUE_REMITTANCE,14.0,26.0,2285.0,MEDIUM,2026-09-14 22:11:31.791087
AWB100243,BATCH-C,Delhivery,M-008,Indore,Tier-2,COD_SHORT_REMITTANCE,3604.0,3358.0,246.0,MEDIUM,2026-09-14 22:10:12.726074
AWB100248,BATCH-B,Kwikship,M-003,Indore,Tier-2,PHANTOM_RTO_CHARGE,0.0,117.0,117.0,MEDIUM,2026-09-14 22:11:31.631484
AWB100250,BATCH-C,Delhivery,M-009,Delhi,Tier-1,COD_SHORT_REMITTANCE,5584.0,5218.0,366.0,MEDIUM,2026-09-14 22:10:12.726074
AWB100250,BATCH-C,Delhivery,M-009,Delhi,Tier-1,PHANTOM_RTO_CHARGE,0.0,113.0,113.0,MEDIUM,2026-09-14 22:11:31.631484
AWB100257,BATCH-B,DTDC,M-019,Pune,Tier-2,EXCESS_FORWARD_CHARGE,65.0,78.0,13.0,LOW,2026-09-14 22:11:32.127304
AWB100259,BATCH-B,DTDC,M-008,Pune,Tier-2,EXCESS_FORWARD_CHARGE,95.0,114.0,19.0,LOW,2026-09-14 22:11:32.127304
AWB100260,BATCH-C,DTDC,M-017,Lucknow,Tier-3,EXCESS_FORWARD_CHARGE,95.0,114.0,19.0,LOW,2026-09-14 22:11:32.127304
AWB100262,BATCH-D,Kwikship,M-004,Jaipur,Tier-3,ETA_SLA_BREACH,72.0,133.3,0.0,LOW,2026-09-14 22:11:32.038362
AWB100274,BATCH-B,DTDC,M-010,Pune,Tier-2,PHANTOM_RTO_CHARGE,0.0,208.0,208.0,MEDIUM,2026-09-14 22:11:31.631484
AWB100279,BATCH-B,Delhivery,M-008,Indore,Tier-2,COD_SHORT_REMITTANCE,3196.0,2988.0,208.0,MEDIUM,2026-09-14 22:10:12.726074
AWB100284,BATCH-C,Bluedart,M-006,Lucknow,Tier-3,WEIGHT_DISPUTE,2.87,3.5,38.0,LOW,2026-09-14 22:11:31.453814
AWB100287,BATCH-A,Kwikship,M-017,Lucknow,Tier-3,ETA_SLA_BREACH,72.0,140.7,0.0,LOW,2026-09-14 22:11:32.038362
AWB100287,BATCH-A,Kwikship,M-017,Lucknow,Tier-3,PHANTOM_RTO_CHARGE,0.0,212.0,212.0,MEDIUM,2026-09-14 22:11:31.631484
AWB100288,BATCH-C,DTDC,M-002,Delhi,Tier-1,EXCESS_FORWARD_CHARGE,95.0,114.0,19.0,LOW,2026-09-14 22:11:32.127304
AWB100289,BATCH-A,Shiprocket,M-007,Indore,Tier-2,PHANTOM_RTO_CHARGE,0.0,165.0,165.0,MEDIUM,2026-09-14 22:11:31.631484
AWB100294,BATCH-C,DTDC,M-009,Delhi,Tier-1,EXCESS_FORWARD_CHARGE,95.0,114.0,19.0,LOW,2026-09-14 22:11:32.127304
AWB100297,BATCH-A,Bluedart,M-010,Lucknow,Tier-3,WEIGHT_DISPUTE,7.64,9.13,90.0,LOW,2026-09-14 22:11:31.453814
AWB100298,BATCH-A,Bluedart,M-017,Lucknow,Tier-3,WEIGHT_DISPUTE,5.08,6.52,86.0,LOW,2026-09-14 22:11:31.453814
AWB100309,BATCH-B,DTDC,M-002,Jaipur,Tier-3,EXCESS_FORWARD_CHARGE,65.0,78.0,13.0,LOW,2026-09-14 22:11:32.127304
AWB100321,BATCH-C,Shiprocket,M-007,Mumbai,Tier-1,OVERDUE_REMITTANCE,14.0,22.0,4873.0,MEDIUM,2026-09-14 22:11:31.791087
AWB100322,BATCH-A,Bluedart,M-005,Jaipur,Tier-3,WEIGHT_DISPUTE,7.35,8.81,88.0,LOW,2026-09-14 22:11:31.453814
AWB100332,BATCH-C,DTDC,M-004,Pune,Tier-2,EXCESS_FORWARD_CHARGE,95.0,114.0,19.0,LOW,2026-09-14 22:11:32.127304
AWB100338,BATCH-C,DTDC,M-020,Jaipur,Tier-3,EXCESS_FORWARD_CHARGE,65.0,78.0,13.0,LOW,2026-09-14 22:11:32.127304
AWB100341,BATCH-A,Kwikship,M-016,Lucknow,Tier-3,ETA_SLA_BREACH,72.0,128.9,0.0,LOW,2026-09-14 22:11:32.038362
AWB100341,BATCH-A,Kwikship,M-016,Lucknow,Tier-3,PHANTOM_RTO_CHARGE,0.0,162.0,162.0,MEDIUM,2026-09-14 22:11:31.631484
AWB100343,BATCH-C,Bluedart,M-020,Delhi,Tier-1,DUPLICATE_SETTLEMENT,1.0,2.0,0.0,HIGH,2026-09-14 22:11:31.913657
AWB100343,BATCH-C,Bluedart,M-020,Delhi,Tier-1,PHANTOM_RTO_CHARGE,0.0,207.0,207.0,MEDIUM,2026-09-14 22:11:31.631484
AWB100343,BATCH-DUP,Bluedart,M-020,Delhi,Tier-1,DUPLICATE_SETTLEMENT,1.0,2.0,0.0,HIGH,2026-09-14 22:11:31.913657
AWB100343,BATCH-DUP,Bluedart,M-020,Delhi,Tier-1,PHANTOM_RTO_CHARGE,0.0,207.0,207.0,MEDIUM,2026-09-14 22:11:31.631484
AWB100345,BATCH-D,DTDC,M-004,Pune,Tier-2,EXCESS_FORWARD_CHARGE,42.0,50.0,8.0,LOW,2026-09-14 22:11:32.127304
AWB100345,BATCH-D,DTDC,M-004,Pune,Tier-2,PHANTOM_RTO_CHARGE,0.0,118.0,118.0,MEDIUM,2026-09-14 22:11:31.631484
AWB100349,BATCH-D,DTDC,M-015,Mumbai,Tier-1,EXCESS_FORWARD_CHARGE,95.0,114.0,19.0,LOW,2026-09-14 22:11:32.127304
AWB100363,BATCH-D,DTDC,M-013,Mumbai,Tier-1,EXCESS_FORWARD_CHARGE,95.0,114.0,19.0,LOW,2026-09-14 22:11:32.127304
AWB100369,BATCH-A,DTDC,M-016,Mumbai,Tier-1,EXCESS_FORWARD_CHARGE,95.0,114.0,19.0,LOW,2026-09-14 22:11:32.127304
AWB100372,BATCH-D,Bluedart,M-016,Lucknow,Tier-3,WEIGHT_DISPUTE,5.68,7.42,104.0,MEDIUM,2026-09-14 22:11:31.453814
AWB100375,BATCH-A,Kwikship,M-005,Mumbai,Tier-1,PHANTOM_RTO_CHARGE,0.0,238.0,238.0,MEDIUM,2026-09-14 22:11:31.631484
AWB100377,BATCH-A,DTDC,M-015,Lucknow,Tier-3,EXCESS_FORWARD_CHARGE,95.0,114.0,19.0,LOW,2026-09-14 22:11:32.127304
AWB100380,BATCH-B,Kwikship,M-010,Lucknow,Tier-3,ETA_SLA_BREACH,72.0,142.6,0.0,LOW,2026-09-14 22:11:32.038362
AWB100385,BATCH-C,Bluedart,M-009,Jaipur,Tier-3,WEIGHT_DISPUTE,3.95,4.99,62.0,LOW,2026-09-14 22:11:31.453814
AWB100389,BATCH-B,DTDC,M-001,Pune,Tier-2,DUPLICATE_SETTLEMENT,1.0,2.0,0.0,HIGH,2026-09-14 22:11:31.913657
AWB100389,BATCH-DUP,DTDC,M-001,Pune,Tier-2,DUPLICATE_SETTLEMENT,1.0,2.0,0.0,HIGH,2026-09-14 22:11:31.913657
AWB100392,BATCH-C,Bluedart,M-017,Lucknow,Tier-3,WEIGHT_DISPUTE,0.57,0.71,8.0,LOW,2026-09-14 22:11:31.453814
AWB100401,BATCH-D,DTDC,M-011,Mumbai,Tier-1,EXCESS_FORWARD_CHARGE,95.0,114.0,19.0,LOW,2026-09-14 22:11:32.127304
AWB100412,BATCH-A,Shiprocket,M-007,Jaipur,Tier-3,PHANTOM_RTO_CHARGE,0.0,133.0,133.0,MEDIUM,2026-09-14 22:11:31.631484
AWB100416,BATCH-C,DTDC,M-012,Pune,Tier-2,EXCESS_FORWARD_CHARGE,65.0,78.0,13.0,LOW,2026-09-14 22:11:32.127304
AWB100418,BATCH-B,DTDC,M-006,Mumbai,Tier-1,PHANTOM_RTO_CHARGE,0.0,151.0,151.0,MEDIUM,2026-09-14 22:11:31.631484
AWB100419,BATCH-C,Kwikship,M-005,Delhi,Tier-1,PHANTOM_RTO_CHARGE,0.0,114.0,114.0,MEDIUM,2026-09-14 22:11:31.631484
AWB100421,BATCH-B,Shiprocket,M-009,Mumbai,Tier-1,PHANTOM_RTO_CHARGE,0.0,135.0,135.0,MEDIUM,2026-09-14 22:11:31.631484
AWB100422,BATCH-D,Delhivery,M-002,Lucknow,Tier-3,COD_SHORT_REMITTANCE,3237.0,3129.0,108.0,MEDIUM,2026-09-14 22:10:12.726074
AWB100435,BATCH-A,Delhivery,M-008,Mumbai,Tier-1,DUPLICATE_SETTLEMENT,1.0,2.0,2344.0,HIGH,2026-09-14 22:11:31.913657
AWB100435,BATCH-DUP,Delhivery,M-008,Mumbai,Tier-1,DUPLICATE_SETTLEMENT,1.0,2.0,2344.0,HIGH,2026-09-14 22:11:31.913657
AWB100436,BATCH-A,DTDC,M-011,Jaipur,Tier-3,EXCESS_FORWARD_CHARGE,42.0,50.0,8.0,LOW,2026-09-14 22:11:32.127304
AWB100437,BATCH-C,Bluedart,M-009,Lucknow,Tier-3,WEIGHT_DISPUTE,1.8,2.29,29.0,LOW,2026-09-14 22:11:31.453814
AWB100439,BATCH-D,DTDC,M-011,Mumbai,Tier-1,PHANTOM_RTO_CHARGE,0.0,188.0,188.0,MEDIUM,2026-09-14 22:11:31.631484
AWB100441,BATCH-A,DTDC,M-012,Indore,Tier-2,EXCESS_FORWARD_CHARGE,65.0,78.0,13.0,LOW,2026-09-14 22:11:32.127304
AWB100441,BATCH-A,DTDC,M-012,Indore,Tier-2,PHANTOM_RTO_CHARGE,0.0,164.0,164.0,MEDIUM,2026-09-14 22:11:31.631484
AWB100458,BATCH-A,DTDC,M-020,Mumbai,Tier-1,EXCESS_FORWARD_CHARGE,95.0,114.0,19.0,LOW,2026-09-14 22:11:32.127304
AWB100472,BATCH-B,DTDC,M-014,Indore,Tier-2,EXCESS_FORWARD_CHARGE,95.0,114.0,19.0,LOW,2026-09-14 22:11:32.127304
AWB100473,BATCH-C,Kwikship,M-009,Jaipur,Tier-3,ETA_SLA_BREACH,72.0,122.0,0.0,LOW,2026-09-14 22:11:32.038362
AWB100481,BATCH-D,Bluedart,M-008,Lucknow,Tier-3,WEIGHT_DISPUTE,2.34,2.92,35.0,LOW,2026-09-14 22:11:31.453814
AWB100489,BATCH-A,DTDC,M-011,Mumbai,Tier-1,EXCESS_FORWARD_CHARGE,95.0,114.0,19.0,LOW,2026-09-14 22:11:32.127304
AWB100489,BATCH-A,DTDC,M-011,Mumbai,Tier-1,PHANTOM_RTO_CHARGE,0.0,223.0,223.0,MEDIUM,2026-09-14 22:11:31.631484
AWB100490,BATCH-C,Delhivery,M-015,Pune,Tier-2,COD_SHORT_REMITTANCE,4777.0,4626.0,151.0,MEDIUM,2026-09-14 22:10:12.726074
AWB100492,BATCH-A,Delhivery,M-006,Delhi,Tier-1,COD_SHORT_REMITTANCE,3789.0,3659.0,130.0,MEDIUM,2026-09-14 22:10:12.726074
AWB100497,BATCH-D,DTDC,M-009,Pune,Tier-2,EXCESS_FORWARD_CHARGE,95.0,114.0,19.0,LOW,2026-09-14 22:11:32.127304
AWB100498,BATCH-B,Delhivery,M-018,Indore,Tier-2,COD_SHORT_REMITTANCE,5547.0,5228.0,319.0,MEDIUM,2026-09-14 22:10:12.726074
AWB100499,BATCH-C,DTDC,M-006,Lucknow,Tier-3,EXCESS_FORWARD_CHARGE,95.0,114.0,19.0,LOW,2026-09-14 22:11:32.127304
AWB100504,BATCH-B,DTDC,M-015,Lucknow,Tier-3,PHANTOM_RTO_CHARGE,0.0,143.0,143.0,MEDIUM,2026-09-14 22:11:31.631484
AWB100509,BATCH-C,Delhivery,M-009,Mumbai,Tier-1,COD_SHORT_REMITTANCE,3305.0,3080.0,225.0,MEDIUM,2026-09-14 22:10:12.726074
AWB100515,BATCH-B,Bluedart,M-018,Jaipur,Tier-3,WEIGHT_DISPUTE,2.69,3.31,37.0,LOW,2026-09-14 22:11:31.453814
AWB100516,BATCH-C,Bluedart,M-008,Lucknow,Tier-3,WEIGHT_DISPUTE,5.34,6.95,97.0,LOW,2026-09-14 22:11:31.453814
AWB100520,BATCH-C,DTDC,M-003,Jaipur,Tier-3,EXCESS_FORWARD_CHARGE,42.0,50.0,8.0,LOW,2026-09-14 22:11:32.127304
AWB100521,BATCH-C,Kwikship,M-013,Pune,Tier-2,PHANTOM_RTO_CHARGE,0.0,198.0,198.0,MEDIUM,2026-09-14 22:11:31.631484
AWB100527,BATCH-A,DTDC,M-019,Lucknow,Tier-3,EXCESS_FORWARD_CHARGE,95.0,114.0,19.0,LOW,2026-09-14 22:11:32.127304
AWB100534,BATCH-B,Shiprocket,M-004,Indore,Tier-2,PHANTOM_RTO_CHARGE,0.0,105.0,105.0,MEDIUM,2026-09-14 22:11:31.631484
AWB100537,BATCH-D,Delhivery,M-014,Mumbai,Tier-1,PHANTOM_RTO_CHARGE,0.0,189.0,189.0,MEDIUM,2026-09-14 22:11:31.631484
AWB100543,BATCH-B,Bluedart,M-018,Lucknow,Tier-3,WEIGHT_DISPUTE,7.91,10.29,143.0,MEDIUM,2026-09-14 22:11:31.453814
AWB100544,BATCH-D,Delhivery,M-015,Mumbai,Tier-1,DUPLICATE_SETTLEMENT,1.0,2.0,0.0,HIGH,2026-09-14 22:11:31.913657
AWB100544,BATCH-DUP,Delhivery,M-015,Mumbai,Tier-1,DUPLICATE_SETTLEMENT,1.0,2.0,0.0,HIGH,2026-09-14 22:11:31.913657
AWB100549,BATCH-B,Bluedart,M-010,Indore,Tier-2,PHANTOM_RTO_CHARGE,0.0,190.0,190.0,MEDIUM,2026-09-14 22:11:31.631484
AWB100551,BATCH-D,DTDC,M-014,Jaipur,Tier-3,EXCESS_FORWARD_CHARGE,65.0,78.0,13.0,LOW,2026-09-14 22:11:32.127304
AWB100553,BATCH-D,DTDC,M-012,Delhi,Tier-1,PHANTOM_RTO_CHARGE,0.0,105.0,105.0,MEDIUM,2026-09-14 22:11:31.631484
AWB100557,BATCH-D,Shiprocket,M-013,Pune,Tier-2,PHANTOM_RTO_CHARGE,0.0,240.0,240.0,MEDIUM,2026-09-14 22:11:31.631484
AWB100558,BATCH-D,Shiprocket,M-009,Mumbai,Tier-1,OVERDUE_REMITTANCE,14.0,25.0,0.0,MEDIUM,2026-09-14 22:11:31.791087
AWB100559,BATCH-B,DTDC,M-001,Indore,Tier-2,PHANTOM_RTO_CHARGE,0.0,117.0,117.0,MEDIUM,2026-09-14 22:11:31.631484
AWB100561,BATCH-C,Kwikship,M-009,Jaipur,Tier-3,ETA_SLA_BREACH,72.0,134.0,0.0,LOW,2026-09-14 22:11:32.038362
AWB100563,BATCH-C,Kwikship,M-020,Pune,Tier-2,PHANTOM_RTO_CHARGE,0.0,186.0,186.0,MEDIUM,2026-09-14 22:11:31.631484
AWB100570,BATCH-D,DTDC,M-006,Mumbai,Tier-1,EXCESS_FORWARD_CHARGE,95.0,114.0,19.0,LOW,2026-09-14 22:11:32.127304
AWB100572,BATCH-B,Kwikship,M-005,Lucknow,Tier-3,ETA_SLA_BREACH,72.0,124.3,0.0,LOW,2026-09-14 22:11:32.038362
AWB100575,BATCH-D,Bluedart,M-010,Jaipur,Tier-3,WEIGHT_DISPUTE,5.95,7.11,70.0,LOW,2026-09-14 22:11:31.453814
AWB100576,BATCH-D,Delhivery,M-019,Mumbai,Tier-1,DUPLICATE_SETTLEMENT,1.0,2.0,4125.0,HIGH,2026-09-14 22:11:31.913657
AWB100576,BATCH-DUP,Delhivery,M-019,Mumbai,Tier-1,DUPLICATE_SETTLEMENT,1.0,2.0,4125.0,HIGH,2026-09-14 22:11:31.913657
AWB100578,BATCH-D,Delhivery,M-003,Indore,Tier-2,PHANTOM_RTO_CHARGE,0.0,176.0,176.0,MEDIUM,2026-09-14 22:11:31.631484
AWB100586,BATCH-C,DTDC,M-018,Lucknow,Tier-3,PHANTOM_RTO_CHARGE,0.0,169.0,169.0,MEDIUM,2026-09-14 22:11:31.631484
AWB100591,BATCH-C,Shiprocket,M-008,Delhi,Tier-1,OVERDUE_REMITTANCE,14.0,24.0,3947.0,MEDIUM,2026-09-14 22:11:31.791087
AWB100600,BATCH-D,Kwikship,M-011,Jaipur,Tier-3,ETA_SLA_BREACH,72.0,133.9,0.0,LOW,2026-09-14 22:11:32.038362
AWB100602,BATCH-C,DTDC,M-018,Delhi,Tier-1,EXCESS_FORWARD_CHARGE,95.0,114.0,19.0,LOW,2026-09-14 22:11:32.127304
AWB100604,BATCH-D,DTDC,M-006,Pune,Tier-2,EXCESS_FORWARD_CHARGE,65.0,78.0,13.0,LOW,2026-09-14 22:11:32.127304
AWB100607,BATCH-A,Delhivery,M-003,Pune,Tier-2,COD_SHORT_REMITTANCE,3892.0,3769.0,123.0,MEDIUM,2026-09-14 22:10:12.726074
AWB100616,BATCH-C,Bluedart,M-007,Lucknow,Tier-3,WEIGHT_DISPUTE,3.82,4.88,63.0,LOW,2026-09-14 22:11:31.453814
AWB100631,BATCH-B,Bluedart,M-006,Lucknow,Tier-3,WEIGHT_DISPUTE,4.18,5.07,54.0,LOW,2026-09-14 22:11:31.453814
AWB100635,BATCH-D,Bluedart,M-017,Jaipur,Tier-3,WEIGHT_DISPUTE,0.67,0.81,8.0,LOW,2026-09-14 22:11:31.453814
AWB100636,BATCH-A,Shiprocket,M-012,Pune,Tier-2,OVERDUE_REMITTANCE,14.0,26.0,2055.0,MEDIUM,2026-09-14 22:11:31.791087
AWB100639,BATCH-A,Bluedart,M-009,Lucknow,Tier-3,WEIGHT_DISPUTE,5.61,6.76,69.0,LOW,2026-09-14 22:11:31.453814
AWB100645,BATCH-D,Bluedart,M-016,Jaipur,Tier-3,PHANTOM_RTO_CHARGE,0.0,158.0,158.0,MEDIUM,2026-09-14 22:11:31.631484
AWB100646,BATCH-B,Bluedart,M-013,Lucknow,Tier-3,WEIGHT_DISPUTE,6.01,7.48,88.0,LOW,2026-09-14 22:11:31.453814
AWB100648,BATCH-A,Bluedart,M-006,Pune,Tier-2,PHANTOM_RTO_CHARGE,0.0,150.0,150.0,MEDIUM,2026-09-14 22:11:31.631484
AWB100654,BATCH-D,Bluedart,M-005,Indore,Tier-2,PHANTOM_RTO_CHARGE,0.0,179.0,179.0,MEDIUM,2026-09-14 22:11:31.631484
AWB100660,BATCH-A,Delhivery,M-008,Indore,Tier-2,COD_SHORT_REMITTANCE,4605.0,4360.0,245.0,MEDIUM,2026-09-14 22:10:12.726074
AWB100663,BATCH-D,Kwikship,M-001,Jaipur,Tier-3,PHANTOM_RTO_CHARGE,0.0,193.0,193.0,MEDIUM,2026-09-14 22:11:31.631484
AWB100667,BATCH-B,DTDC,M-009,Lucknow,Tier-3,PHANTOM_RTO_CHARGE,0.0,188.0,188.0,MEDIUM,2026-09-14 22:11:31.631484
AWB100673,BATCH-D,Shiprocket,M-010,Lucknow,Tier-3,PHANTOM_RTO_CHARGE,0.0,175.0,175.0,MEDIUM,2026-09-14 22:11:31.631484
AWB100675,BATCH-C,Bluedart,M-019,Lucknow,Tier-3,WEIGHT_DISPUTE,2.78,3.47,41.0,LOW,2026-09-14 22:11:31.453814
AWB100683,BATCH-B,Shiprocket,M-016,Jaipur,Tier-3,OVERDUE_REMITTANCE,14.0,21.0,5047.0,MEDIUM,2026-09-14 22:11:31.791087
AWB100691,BATCH-D,DTDC,M-019,Delhi,Tier-1,PHANTOM_RTO_CHARGE,0.0,145.0,145.0,MEDIUM,2026-09-14 22:11:31.631484
AWB100698,BATCH-C,Bluedart,M-015,Lucknow,Tier-3,WEIGHT_DISPUTE,2.84,3.62,47.0,LOW,2026-09-14 22:11:31.453814
AWB100700,BATCH-C,DTDC,M-010,Lucknow,Tier-3,EXCESS_FORWARD_CHARGE,65.0,78.0,13.0,LOW,2026-09-14 22:11:32.127304
AWB100702,BATCH-A,Bluedart,M-006,Lucknow,Tier-3,WEIGHT_DISPUTE,3.2,4.2,60.0,LOW,2026-09-14 22:11:31.453814
AWB100704,BATCH-A,Bluedart,M-014,Lucknow,Tier-3,WEIGHT_DISPUTE,2.08,2.52,27.0,LOW,2026-09-14 22:11:31.453814
AWB100712,BATCH-B,DTDC,M-019,Mumbai,Tier-1,EXCESS_FORWARD_CHARGE,95.0,114.0,19.0,LOW,2026-09-14 22:11:32.127304
AWB100726,BATCH-A,Delhivery,M-018,Indore,Tier-2,COD_SHORT_REMITTANCE,4142.0,3954.0,188.0,MEDIUM,2026-09-14 22:10:12.726074
AWB100731,BATCH-A,Delhivery,M-017,Jaipur,Tier-3,PHANTOM_RTO_CHARGE,0.0,189.0,189.0,MEDIUM,2026-09-14 22:11:31.631484
AWB100732,BATCH-C,Bluedart,M-019,Lucknow,Tier-3,WEIGHT_DISPUTE,1.65,2.18,32.0,LOW,2026-09-14 22:11:31.453814
AWB100740,BATCH-A,DTDC,M-016,Mumbai,Tier-1,EXCESS_FORWARD_CHARGE,65.0,78.0,13.0,LOW,2026-09-14 22:11:32.127304
AWB100742,BATCH-B,Delhivery,M-016,Lucknow,Tier-3,COD_SHORT_REMITTANCE,3857.0,3698.0,159.0,MEDIUM,2026-09-14 22:10:12.726074
AWB100745,BATCH-C,DTDC,M-019,Pune,Tier-2,EXCESS_FORWARD_CHARGE,95.0,114.0,19.0,LOW,2026-09-14 22:11:32.127304
AWB100748,BATCH-C,Delhivery,M-009,Lucknow,Tier-3,COD_SHORT_REMITTANCE,4560.0,4265.0,295.0,MEDIUM,2026-09-14 22:10:12.726074
AWB100749,BATCH-D,Shiprocket,M-010,Delhi,Tier-1,OVERDUE_REMITTANCE,14.0,19.0,4033.0,MEDIUM,2026-09-14 22:11:31.791087
AWB100750,BATCH-B,Delhivery,M-012,Delhi,Tier-1,PHANTOM_RTO_CHARGE,0.0,194.0,194.0,MEDIUM,2026-09-14 22:11:31.631484
AWB100762,BATCH-A,Kwikship,M-019,Pune,Tier-2,PHANTOM_RTO_CHARGE,0.0,159.0,159.0,MEDIUM,2026-09-14 22:11:31.631484
AWB100765,BATCH-B,Shiprocket,M-001,Lucknow,Tier-3,OVERDUE_REMITTANCE,14.0,21.0,0.0,MEDIUM,2026-09-14 22:11:31.791087
AWB100772,BATCH-C,DTDC,M-010,Lucknow,Tier-3,EXCESS_FORWARD_CHARGE,95.0,114.0,19.0,LOW,2026-09-14 22:11:32.127304
AWB100776,BATCH-A,Shiprocket,M-013,Lucknow,Tier-3,PHANTOM_RTO_CHARGE,0.0,235.0,235.0,MEDIUM,2026-09-14 22:11:31.631484
AWB100778,BATCH-A,DTDC,M-014,Indore,Tier-2,PHANTOM_RTO_CHARGE,0.0,128.0,128.0,MEDIUM,2026-09-14 22:11:31.631484
AWB100779,BATCH-B,Kwikship,M-007,Jaipur,Tier-3,PHANTOM_RTO_CHARGE,0.0,244.0,244.0,MEDIUM,2026-09-14 22:11:31.631484
AWB100782,BATCH-D,Bluedart,M-009,Lucknow,Tier-3,WEIGHT_DISPUTE,6.21,7.85,99.0,LOW,2026-09-14 22:11:31.453814
AWB100792,BATCH-B,Delhivery,M-006,Jaipur,Tier-3,COD_SHORT_REMITTANCE,3630.0,3358.0,272.0,MEDIUM,2026-09-14 22:10:12.726074
AWB100798,BATCH-D,DTDC,M-005,Pune,Tier-2,EXCESS_FORWARD_CHARGE,65.0,78.0,13.0,LOW,2026-09-14 22:11:32.127304
AWB100799,BATCH-B,DTDC,M-014,Delhi,Tier-1,EXCESS_FORWARD_CHARGE,95.0,114.0,19.0,LOW,2026-09-14 22:11:32.127304
AWB100804,BATCH-C,Kwikship,M-010,Jaipur,Tier-3,ETA_SLA_BREACH,72.0,106.9,0.0,LOW,2026-09-14 22:11:32.038362
AWB100811,BATCH-A,Bluedart,M-017,Jaipur,Tier-3,WEIGHT_DISPUTE,7.36,8.74,83.0,LOW,2026-09-14 22:11:31.453814
AWB100819,BATCH-B,Shiprocket,M-002,Delhi,Tier-1,OVERDUE_REMITTANCE,14.0,22.0,5291.0,MEDIUM,2026-09-14 22:11:31.791087
AWB100822,BATCH-A,Bluedart,M-005,Jaipur,Tier-3,WEIGHT_DISPUTE,1.26,1.52,16.0,LOW,2026-09-14 22:11:31.453814
AWB100831,BATCH-D,Delhivery,M-011,Lucknow,Tier-3,COD_SHORT_REMITTANCE,3260.0,3007.0,253.0,MEDIUM,2026-09-14 22:10:12.726074
AWB100838,BATCH-A,Shiprocket,M-018,Jaipur,Tier-3,PHANTOM_RTO_CHARGE,0.0,139.0,139.0,MEDIUM,2026-09-14 22:11:31.631484
AWB100839,BATCH-D,Shiprocket,M-012,Indore,Tier-2,DUPLICATE_SETTLEMENT,1.0,2.0,4430.0,HIGH,2026-09-14 22:11:31.913657
AWB100839,BATCH-DUP,Shiprocket,M-012,Indore,Tier-2,DUPLICATE_SETTLEMENT,1.0,2.0,4430.0,HIGH,2026-09-14 22:11:31.913657
AWB100840,BATCH-D,Bluedart,M-018,Lucknow,Tier-3,WEIGHT_DISPUTE,4.85,6.07,74.0,LOW,2026-09-14 22:11:31.453814
AWB100850,BATCH-B,Delhivery,M-018,Lucknow,Tier-3,PHANTOM_RTO_CHARGE,0.0,133.0,133.0,MEDIUM,2026-09-14 22:11:31.631484
AWB100855,BATCH-D,Delhivery,M-001,Pune,Tier-2,COD_SHORT_REMITTANCE,5170.0,4820.0,350.0,MEDIUM,2026-09-14 22:10:12.726074
AWB100857,BATCH-A,Shiprocket,M-020,Indore,Tier-2,PHANTOM_RTO_CHARGE,0.0,107.0,107.0,MEDIUM,2026-09-14 22:11:31.631484
AWB100865,BATCH-D,Shiprocket,M-008,Delhi,Tier-1,OVERDUE_REMITTANCE,14.0,27.0,0.0,MEDIUM,2026-09-14 22:11:31.791087
AWB100874,BATCH-C,Bluedart,M-014,Delhi,Tier-1,DUPLICATE_SETTLEMENT,1.0,2.0,0.0,HIGH,2026-09-14 22:11:31.913657
AWB100874,BATCH-DUP,Bluedart,M-014,Delhi,Tier-1,DUPLICATE_SETTLEMENT,1.0,2.0,0.0,HIGH,2026-09-14 22:11:31.913657
AWB100875,BATCH-B,DTDC,M-003,Indore,Tier-2,EXCESS_FORWARD_CHARGE,95.0,114.0,19.0,LOW,2026-09-14 22:11:32.127304
AWB100878,BATCH-D,Shiprocket,M-020,Mumbai,Tier-1,PHANTOM_RTO_CHARGE,0.0,212.0,212.0,MEDIUM,2026-09-14 22:11:31.631484
AWB100880,BATCH-A,Bluedart,M-001,Delhi,Tier-1,PHANTOM_RTO_CHARGE,0.0,175.0,175.0,MEDIUM,2026-09-14 22:11:31.631484
AWB100885,BATCH-D,Shiprocket,M-002,Pune,Tier-2,OVERDUE_REMITTANCE,14.0,20.0,0.0,MEDIUM,2026-09-14 22:11:31.791087
AWB100896,BATCH-B,Shiprocket,M-018,Indore,Tier-2,OVERDUE_REMITTANCE,14.0,18.0,0.0,MEDIUM,2026-09-14 22:11:31.791087
AWB100921,BATCH-D,Bluedart,M-005,Jaipur,Tier-3,WEIGHT_DISPUTE,7.31,8.83,92.0,LOW,2026-09-14 22:11:31.453814
AWB100922,BATCH-A,DTDC,M-002,Jaipur,Tier-3,PHANTOM_RTO_CHARGE,0.0,163.0,163.0,MEDIUM,2026-09-14 22:11:31.631484
AWB100923,BATCH-D,Shiprocket,M-005,Jaipur,Tier-3,PHANTOM_RTO_CHARGE,0.0,163.0,163.0,MEDIUM,2026-09-14 22:11:31.631484
AWB100928,BATCH-C,Delhivery,M-007,Jaipur,Tier-3,PHANTOM_RTO_CHARGE,0.0,217.0,217.0,MEDIUM,2026-09-14 22:11:31.631484
AWB100935,BATCH-C,Delhivery,M-010,Pune,Tier-2,COD_SHORT_REMITTANCE,3630.0,3425.0,205.0,MEDIUM,2026-09-14 22:10:12.726074
AWB100936,BATCH-A,Bluedart,M-007,Pune,Tier-2,PHANTOM_RTO_CHARGE,0.0,227.0,227.0,MEDIUM,2026-09-14 22:11:31.631484
AWB100938,BATCH-A,Kwikship,M-004,Jaipur,Tier-3,PHANTOM_RTO_CHARGE,0.0,179.0,179.0,MEDIUM,2026-09-14 22:11:31.631484
AWB100953,BATCH-D,Kwikship,M-018,Mumbai,Tier-1,PHANTOM_RTO_CHARGE,0.0,196.0,196.0,MEDIUM,2026-09-14 22:11:31.631484
AWB100958,BATCH-D,Shiprocket,M-019,Mumbai,Tier-1,PHANTOM_RTO_CHARGE,0.0,117.0,117.0,MEDIUM,2026-09-14 22:11:31.631484
AWB100960,BATCH-C,Kwikship,M-012,Lucknow,Tier-3,ETA_SLA_BREACH,72.0,122.0,0.0,LOW,2026-09-14 22:11:32.038362
AWB100961,BATCH-D,DTDC,M-005,Pune,Tier-2,EXCESS_FORWARD_CHARGE,95.0,114.0,19.0,LOW,2026-09-14 22:11:32.127304
AWB100963,BATCH-B,Kwikship,M-013,Lucknow,Tier-3,ETA_SLA_BREACH,72.0,124.5,0.0,LOW,2026-09-14 22:11:32.038362
AWB100970,BATCH-D,DTDC,M-004,Delhi,Tier-1,EXCESS_FORWARD_CHARGE,95.0,114.0,19.0,LOW,2026-09-14 22:11:32.127304
AWB100971,BATCH-A,Kwikship,M-015,Lucknow,Tier-3,ETA_SLA_BREACH,72.0,108.7,0.0,LOW,2026-09-14 22:11:32.038362
AWB100976,BATCH-D,Kwikship,M-006,Jaipur,Tier-3,ETA_SLA_BREACH,72.0,108.8,0.0,LOW,2026-09-14 22:11:32.038362
AWB100977,BATCH-C,Bluedart,M-004,Lucknow,Tier-3,WEIGHT_DISPUTE,7.27,8.93,99.0,LOW,2026-09-14 22:11:31.453814
AWB100992,BATCH-D,DTDC,M-013,Lucknow,Tier-3,EXCESS_FORWARD_CHARGE,65.0,78.0,13.0,LOW,2026-09-14 22:11:32.127304
AWB100995,BATCH-B,Bluedart,M-001,Jaipur,Tier-3,WEIGHT_DISPUTE,2.21,2.76,33.0,LOW,2026-09-14 22:11:31.453814
AWB100996,BATCH-C,Kwikship,M-002,Jaipur,Tier-3,ETA_SLA_BREACH,72.0,138.4,0.0,LOW,2026-09-14 22:11:32.038362
AWB101000,BATCH-C,DTDC,M-007,Lucknow,Tier-3,EXCESS_FORWARD_CHARGE,95.0,114.0,19.0,LOW,2026-09-14 22:11:32.127304
AWB101001,BATCH-A,DTDC,M-007,Delhi,Tier-1,EXCESS_FORWARD_CHARGE,95.0,114.0,19.0,LOW,2026-09-14 22:11:32.127304
AWB101002,BATCH-D,Kwikship,M-005,Jaipur,Tier-3,ETA_SLA_BREACH,72.0,137.3,0.0,LOW,2026-09-14 22:11:32.038362
AWB101009,BATCH-B,Delhivery,M-011,Jaipur,Tier-3,PHANTOM_RTO_CHARGE,0.0,147.0,147.0,MEDIUM,2026-09-14 22:11:31.631484
AWB101011,BATCH-A,DTDC,M-015,Lucknow,Tier-3,EXCESS_FORWARD_CHARGE,95.0,114.0,19.0,LOW,2026-09-14 22:11:32.127304
AWB101013,BATCH-A,Shiprocket,M-011,Indore,Tier-2,PHANTOM_RTO_CHARGE,0.0,203.0,203.0,MEDIUM,2026-09-14 22:11:31.631484
AWB101026,BATCH-A,Bluedart,M-011,Jaipur,Tier-3,WEIGHT_DISPUTE,4.2,5.34,68.0,LOW,2026-09-14 22:11:31.453814
AWB101029,BATCH-D,DTDC,M-011,Jaipur,Tier-3,EXCESS_FORWARD_CHARGE,65.0,78.0,13.0,LOW,2026-09-14 22:11:32.127304
AWB101030,BATCH-A,Delhivery,M-001,Indore,Tier-2,PHANTOM_RTO_CHARGE,0.0,239.0,239.0,MEDIUM,2026-09-14 22:11:31.631484
AWB101036,BATCH-B,Delhivery,M-008,Indore,Tier-2,PHANTOM_RTO_CHARGE,0.0,151.0,151.0,MEDIUM,2026-09-14 22:11:31.631484
AWB101044,BATCH-A,Kwikship,M-005,Lucknow,Tier-3,PHANTOM_RTO_CHARGE,0.0,228.0,228.0,MEDIUM,2026-09-14 22:11:31.631484
AWB101046,BATCH-B,Delhivery,M-003,Indore,Tier-2,COD_SHORT_REMITTANCE,4205.0,3884.0,321.0,MEDIUM,2026-09-14 22:10:12.726074
AWB101052,BATCH-A,Kwikship,M-013,Jaipur,Tier-3,ETA_SLA_BREACH,72.0,132.7,0.0,LOW,2026-09-14 22:11:32.038362
AWB101053,BATCH-B,Kwikship,M-016,Lucknow,Tier-3,ETA_SLA_BREACH,72.0,104.8,0.0,LOW,2026-09-14 22:11:32.038362
AWB101059,BATCH-D,Bluedart,M-013,Pune,Tier-2,PHANTOM_RTO_CHARGE,0.0,241.0,241.0,MEDIUM,2026-09-14 22:11:31.631484
AWB101065,BATCH-B,DTDC,M-018,Mumbai,Tier-1,EXCESS_FORWARD_CHARGE,95.0,114.0,19.0,LOW,2026-09-14 22:11:32.127304
AWB101076,BATCH-A,Bluedart,M-009,Lucknow,Tier-3,DUPLICATE_SETTLEMENT,1.0,2.0,0.0,HIGH,2026-09-14 22:11:31.913657
AWB101076,BATCH-DUP,Bluedart,M-009,Lucknow,Tier-3,DUPLICATE_SETTLEMENT,1.0,2.0,0.0,HIGH,2026-09-14 22:11:31.913657
AWB101077,BATCH-D,Delhivery,M-009,Pune,Tier-2,COD_SHORT_REMITTANCE,3490.0,3253.0,237.0,MEDIUM,2026-09-14 22:10:12.726074
AWB101083,BATCH-A,Kwikship,M-015,Lucknow,Tier-3,ETA_SLA_BREACH,72.0,114.5,0.0,LOW,2026-09-14 22:11:32.038362
AWB101084,BATCH-D,Bluedart,M-002,Indore,Tier-2,PHANTOM_RTO_CHARGE,0.0,170.0,170.0,MEDIUM,2026-09-14 22:11:31.631484
AWB101087,BATCH-C,DTDC,M-008,Pune,Tier-2,PHANTOM_RTO_CHARGE,0.0,133.0,133.0,MEDIUM,2026-09-14 22:11:31.631484
AWB101099,BATCH-A,Shiprocket,M-002,Jaipur,Tier-3,DUPLICATE_SETTLEMENT,1.0,2.0,4231.0,HIGH,2026-09-14 22:11:31.913657
AWB101099,BATCH-DUP,Shiprocket,M-002,Jaipur,Tier-3,DUPLICATE_SETTLEMENT,1.0,2.0,4231.0,HIGH,2026-09-14 22:11:31.913657
AWB101103,BATCH-A,Kwikship,M-009,Jaipur,Tier-3,ETA_SLA_BREACH,72.0,130.4,0.0,LOW,2026-09-14 22:11:32.038362
AWB101103,BATCH-A,Kwikship,M-009,Jaipur,Tier-3,PHANTOM_RTO_CHARGE,0.0,165.0,165.0,MEDIUM,2026-09-14 22:11:31.631484
AWB101104,BATCH-C,Shiprocket,M-005,Indore,Tier-2,PHANTOM_RTO_CHARGE,0.0,101.0,101.0,MEDIUM,2026-09-14 22:11:31.631484
AWB101112,BATCH-A,DTDC,M-020,Jaipur,Tier-3,PHANTOM_RTO_CHARGE,0.0,213.0,213.0,MEDIUM,2026-09-14 22:11:31.631484
AWB101130,BATCH-D,Shiprocket,M-013,Indore,Tier-2,OVERDUE_REMITTANCE,14.0,20.0,3294.0,MEDIUM,2026-09-14 22:11:31.791087
AWB101135,BATCH-C,Delhivery,M-011,Pune,Tier-2,PHANTOM_RTO_CHARGE,0.0,237.0,237.0,MEDIUM,2026-09-14 22:11:31.631484
AWB101140,BATCH-B,Kwikship,M-010,Jaipur,Tier-3,PHANTOM_RTO_CHARGE,0.0,117.0,117.0,MEDIUM,2026-09-14 22:11:31.631484
AWB101143,BATCH-D,Bluedart,M-002,Lucknow,Tier-3,WEIGHT_DISPUTE,6.53,8.2,100.0,MEDIUM,2026-09-14 22:11:31.453814
AWB101148,BATCH-C,Bluedart,M-015,Lucknow,Tier-3,WEIGHT_DISPUTE,1.71,2.21,30.0,LOW,2026-09-14 22:11:31.453814
AWB101149,BATCH-A,Delhivery,M-018,Pune,Tier-2,PHANTOM_RTO_CHARGE,0.0,223.0,223.0,MEDIUM,2026-09-14 22:11:31.631484
AWB101153,BATCH-A,Kwikship,M-003,Indore,Tier-2,PHANTOM_RTO_CHARGE,0.0,207.0,207.0,MEDIUM,2026-09-14 22:11:31.631484
AWB101167,BATCH-A,DTDC,M-003,Jaipur,Tier-3,EXCESS_FORWARD_CHARGE,95.0,114.0,19.0,LOW,2026-09-14 22:11:32.127304
AWB101169,BATCH-B,DTDC,M-013,Indore,Tier-2,EXCESS_FORWARD_CHARGE,95.0,114.0,19.0,LOW,2026-09-14 22:11:32.127304
AWB101174,BATCH-C,Shiprocket,M-010,Indore,Tier-2,OVERDUE_REMITTANCE,14.0,23.0,1991.0,MEDIUM,2026-09-14 22:11:31.791087
AWB101177,BATCH-B,DTDC,M-016,Jaipur,Tier-3,EXCESS_FORWARD_CHARGE,95.0,114.0,19.0,LOW,2026-09-14 22:11:32.127304
AWB101182,BATCH-B,Bluedart,M-007,Lucknow,Tier-3,WEIGHT_DISPUTE,8.11,10.71,156.0,MEDIUM,2026-09-14 22:11:31.453814
AWB101183,BATCH-C,Kwikship,M-007,Lucknow,Tier-3,ETA_SLA_BREACH,72.0,100.9,0.0,LOW,2026-09-14 22:11:32.038362
AWB101185,BATCH-C,Kwikship,M-009,Jaipur,Tier-3,ETA_SLA_BREACH,72.0,135.1,0.0,LOW,2026-09-14 22:11:32.038362
AWB101187,BATCH-B,DTDC,M-009,Pune,Tier-2,EXCESS_FORWARD_CHARGE,95.0,114.0,19.0,LOW,2026-09-14 22:11:32.127304
AWB101189,BATCH-B,Bluedart,M-003,Indore,Tier-2,PHANTOM_RTO_CHARGE,0.0,120.0,120.0,MEDIUM,2026-09-14 22:11:31.631484
AWB101194,BATCH-C,Delhivery,M-011,Jaipur,Tier-3,COD_SHORT_REMITTANCE,5598.0,5302.0,296.0,MEDIUM,2026-09-14 22:10:12.726074
AWB101202,BATCH-A,Bluedart,M-015,Lucknow,Tier-3,WEIGHT_DISPUTE,4.86,5.74,53.0,LOW,2026-09-14 22:11:31.453814
AWB101206,BATCH-C,Delhivery,M-002,Pune,Tier-2,COD_SHORT_REMITTANCE,3652.0,3505.0,147.0,MEDIUM,2026-09-14 22:10:12.726074
AWB101208,BATCH-A,DTDC,M-011,Lucknow,Tier-3,EXCESS_FORWARD_CHARGE,65.0,78.0,13.0,LOW,2026-09-14 22:11:32.127304
AWB101209,BATCH-D,DTDC,M-004,Lucknow,Tier-3,EXCESS_FORWARD_CHARGE,95.0,114.0,19.0,LOW,2026-09-14 22:11:32.127304
AWB101218,BATCH-A,Kwikship,M-003,Jaipur,Tier-3,ETA_SLA_BREACH,72.0,133.4,0.0,LOW,2026-09-14 22:11:32.038362
AWB101221,BATCH-D,Delhivery,M-003,Mumbai,Tier-1,COD_SHORT_REMITTANCE,4015.0,3854.0,161.0,MEDIUM,2026-09-14 22:10:12.726074
AWB101228,BATCH-C,DTDC,M-017,Mumbai,Tier-1,EXCESS_FORWARD_CHARGE,65.0,78.0,13.0,LOW,2026-09-14 22:11:32.127304
AWB101230,BATCH-A,Bluedart,M-013,Lucknow,Tier-3,WEIGHT_DISPUTE,6.47,8.02,93.0,LOW,2026-09-14 22:11:31.453814
AWB101232,BATCH-A,Delhivery,M-002,Jaipur,Tier-3,PHANTOM_RTO_CHARGE,0.0,189.0,189.0,MEDIUM,2026-09-14 22:11:31.631484
AWB101235,BATCH-C,DTDC,M-001,Indore,Tier-2,PHANTOM_RTO_CHARGE,0.0,140.0,140.0,MEDIUM,2026-09-14 22:11:31.631484
AWB101238,BATCH-A,Bluedart,M-011,Jaipur,Tier-3,WEIGHT_DISPUTE,6.68,8.3,97.0,LOW,2026-09-14 22:11:31.453814
AWB101255,BATCH-C,Shiprocket,M-014,Mumbai,Tier-1,OVERDUE_REMITTANCE,14.0,26.0,3812.0,MEDIUM,2026-09-14 22:11:31.791087
AWB101258,BATCH-A,Kwikship,M-010,Jaipur,Tier-3,PHANTOM_RTO_CHARGE,0.0,133.0,133.0,MEDIUM,2026-09-14 22:11:31.631484
AWB101275,BATCH-D,Kwikship,M-007,Delhi,Tier-1,PHANTOM_RTO_CHARGE,0.0,205.0,205.0,MEDIUM,2026-09-14 22:11:31.631484
AWB101292,BATCH-D,Kwikship,M-010,Lucknow,Tier-3,ETA_SLA_BREACH,72.0,103.9,0.0,LOW,2026-09-14 22:11:32.038362
AWB101295,BATCH-D,Bluedart,M-015,Jaipur,Tier-3,WEIGHT_DISPUTE,4.88,6.26,83.0,LOW,2026-09-14 22:11:31.453814
AWB101300,BATCH-B,Shiprocket,M-016,Delhi,Tier-1,OVERDUE_REMITTANCE,14.0,19.0,0.0,MEDIUM,2026-09-14 22:11:31.791087
AWB101304,BATCH-D,DTDC,M-009,Pune,Tier-2,EXCESS_FORWARD_CHARGE,65.0,78.0,13.0,LOW,2026-09-14 22:11:32.127304
AWB101304,BATCH-D,DTDC,M-009,Pune,Tier-2,PHANTOM_RTO_CHARGE,0.0,230.0,230.0,MEDIUM,2026-09-14 22:11:31.631484
AWB101309,BATCH-C,Shiprocket,M-012,Mumbai,Tier-1,OVERDUE_REMITTANCE,14.0,22.0,2687.0,MEDIUM,2026-09-14 22:11:31.791087
AWB101314,BATCH-B,Bluedart,M-009,Lucknow,Tier-3,WEIGHT_DISPUTE,3.12,4.02,54.0,LOW,2026-09-14 22:11:31.453814
AWB101316,BATCH-B,Kwikship,M-020,Lucknow,Tier-3,ETA_SLA_BREACH,72.0,114.1,0.0,LOW,2026-09-14 22:11:32.038362
AWB101324,BATCH-A,Kwikship,M-012,Lucknow,Tier-3,ETA_SLA_BREACH,72.0,126.6,0.0,LOW,2026-09-14 22:11:32.038362
AWB101325,BATCH-A,Shiprocket,M-018,Mumbai,Tier-1,PHANTOM_RTO_CHARGE,0.0,242.0,242.0,MEDIUM,2026-09-14 22:11:31.631484
AWB101326,BATCH-C,Delhivery,M-019,Pune,Tier-2,COD_SHORT_REMITTANCE,3826.0,3623.0,203.0,MEDIUM,2026-09-14 22:10:12.726074
AWB101328,BATCH-D,Delhivery,M-003,Lucknow,Tier-3,COD_SHORT_REMITTANCE,5466.0,5255.0,211.0,MEDIUM,2026-09-14 22:10:12.726074
AWB101346,BATCH-B,Bluedart,M-018,Indore,Tier-2,PHANTOM_RTO_CHARGE,0.0,144.0,144.0,MEDIUM,2026-09-14 22:11:31.631484
AWB101347,BATCH-D,Kwikship,M-011,Lucknow,Tier-3,ETA_SLA_BREACH,72.0,102.7,0.0,LOW,2026-09-14 22:11:32.038362
AWB101349,BATCH-C,Bluedart,M-002,Pune,Tier-2,PHANTOM_RTO_CHARGE,0.0,226.0,226.0,MEDIUM,2026-09-14 22:11:31.631484
AWB101360,BATCH-B,Delhivery,M-008,Mumbai,Tier-1,COD_SHORT_REMITTANCE,4430.0,4188.0,242.0,MEDIUM,2026-09-14 22:10:12.726074
AWB101377,BATCH-D,Delhivery,M-012,Delhi,Tier-1,COD_SHORT_REMITTANCE,3946.0,3825.0,121.0,MEDIUM,2026-09-14 22:10:12.726074
AWB101382,BATCH-B,Bluedart,M-010,Lucknow,Tier-3,WEIGHT_DISPUTE,7.32,9.5,131.0,MEDIUM,2026-09-14 22:11:31.453814
AWB101384,BATCH-A,DTDC,M-018,Pune,Tier-2,EXCESS_FORWARD_CHARGE,95.0,114.0,19.0,LOW,2026-09-14 22:11:32.127304
AWB101389,BATCH-D,Kwikship,M-016,Delhi,Tier-1,PHANTOM_RTO_CHARGE,0.0,120.0,120.0,MEDIUM,2026-09-14 22:11:31.631484
AWB101391,BATCH-D,Delhivery,M-001,Pune,Tier-2,PHANTOM_RTO_CHARGE,0.0,136.0,136.0,MEDIUM,2026-09-14 22:11:31.631484
AWB101399,BATCH-D,Bluedart,M-003,Lucknow,Tier-3,WEIGHT_DISPUTE,1.97,2.51,32.0,LOW,2026-09-14 22:11:31.453814
AWB101404,BATCH-D,DTDC,M-003,Mumbai,Tier-1,EXCESS_FORWARD_CHARGE,65.0,78.0,13.0,LOW,2026-09-14 22:11:32.127304
AWB101405,BATCH-D,Kwikship,M-009,Lucknow,Tier-3,ETA_SLA_BREACH,72.0,121.5,0.0,LOW,2026-09-14 22:11:32.038362
AWB101411,BATCH-B,DTDC,M-018,Pune,Tier-2,PHANTOM_RTO_CHARGE,0.0,184.0,184.0,MEDIUM,2026-09-14 22:11:31.631484
AWB101415,BATCH-A,Kwikship,M-018,Jaipur,Tier-3,ETA_SLA_BREACH,72.0,117.8,0.0,LOW,2026-09-14 22:11:32.038362
AWB101419,BATCH-C,Bluedart,M-018,Jaipur,Tier-3,WEIGHT_DISPUTE,8.03,10.45,145.0,MEDIUM,2026-09-14 22:11:31.453814
AWB101421,BATCH-D,DTDC,M-015,Mumbai,Tier-1,EXCESS_FORWARD_CHARGE,95.0,114.0,19.0,LOW,2026-09-14 22:11:32.127304
AWB101424,BATCH-C,Shiprocket,M-014,Delhi,Tier-1,PHANTOM_RTO_CHARGE,0.0,203.0,203.0,MEDIUM,2026-09-14 22:11:31.631484
AWB101443,BATCH-A,Kwikship,M-016,Pune,Tier-2,PHANTOM_RTO_CHARGE,0.0,194.0,194.0,MEDIUM,2026-09-14 22:11:31.631484
AWB101444,BATCH-A,Bluedart,M-017,Indore,Tier-2,PHANTOM_RTO_CHARGE,0.0,142.0,142.0,MEDIUM,2026-09-14 22:11:31.631484
AWB101450,BATCH-D,Delhivery,M-007,Delhi,Tier-1,PHANTOM_RTO_CHARGE,0.0,170.0,170.0,MEDIUM,2026-09-14 22:11:31.631484
AWB101454,BATCH-A,Bluedart,M-009,Lucknow,Tier-3,WEIGHT_DISPUTE,0.82,0.99,10.0,LOW,2026-09-14 22:11:31.453814
AWB101461,BATCH-A,Bluedart,M-003,Lucknow,Tier-3,WEIGHT_DISPUTE,0.86,1.04,11.0,LOW,2026-09-14 22:11:31.453814
AWB101465,BATCH-C,DTDC,M-018,Indore,Tier-2,PHANTOM_RTO_CHARGE,0.0,227.0,227.0,MEDIUM,2026-09-14 22:11:31.631484
AWB101482,BATCH-B,Bluedart,M-009,Lucknow,Tier-3,WEIGHT_DISPUTE,7.89,9.99,126.0,MEDIUM,2026-09-14 22:11:31.453814
AWB101487,BATCH-C,Delhivery,M-019,Jaipur,Tier-3,COD_SHORT_REMITTANCE,4856.0,4553.0,303.0,MEDIUM,2026-09-14 22:10:12.726074
AWB101493,BATCH-B,Bluedart,M-016,Jaipur,Tier-3,WEIGHT_DISPUTE,5.07,6.33,76.0,LOW,2026-09-14 22:11:31.453814
AWB101494,BATCH-C,Kwikship,M-007,Jaipur,Tier-3,ETA_SLA_BREACH,72.0,140.2,0.0,LOW,2026-09-14 22:11:32.038362
AWB101501,BATCH-D,DTDC,M-010,Jaipur,Tier-3,PHANTOM_RTO_CHARGE,0.0,206.0,206.0,MEDIUM,2026-09-14 22:11:31.631484
AWB101504,BATCH-D,Kwikship,M-002,Jaipur,Tier-3,ETA_SLA_BREACH,72.0,135.1,0.0,LOW,2026-09-14 22:11:32.038362
AWB101505,BATCH-D,Bluedart,M-007,Lucknow,Tier-3,WEIGHT_DISPUTE,6.7,7.95,75.0,LOW,2026-09-14 22:11:31.453814
AWB101510,BATCH-D,DTDC,M-016,Lucknow,Tier-3,EXCESS_FORWARD_CHARGE,42.0,50.0,8.0,LOW,2026-09-14 22:11:32.127304
AWB101517,BATCH-C,DTDC,M-018,Pune,Tier-2,EXCESS_FORWARD_CHARGE,95.0,114.0,19.0,LOW,2026-09-14 22:11:32.127304
AWB101523,BATCH-D,Kwikship,M-020,Jaipur,Tier-3,ETA_SLA_BREACH,72.0,132.5,0.0,LOW,2026-09-14 22:11:32.038362
AWB101527,BATCH-B,Bluedart,M-015,Lucknow,Tier-3,WEIGHT_DISPUTE,3.25,3.96,43.0,LOW,2026-09-14 22:11:31.453814
AWB101530,BATCH-D,Delhivery,M-015,Lucknow,Tier-3,COD_SHORT_REMITTANCE,3942.0,3776.0,166.0,MEDIUM,2026-09-14 22:10:12.726074
AWB101535,BATCH-C,Delhivery,M-020,Lucknow,Tier-3,COD_SHORT_REMITTANCE,5934.0,5585.0,349.0,MEDIUM,2026-09-14 22:10:12.726074
AWB101537,BATCH-C,Delhivery,M-004,Jaipur,Tier-3,PHANTOM_RTO_CHARGE,0.0,193.0,193.0,MEDIUM,2026-09-14 22:11:31.631484
AWB101544,BATCH-C,DTDC,M-006,Jaipur,Tier-3,EXCESS_FORWARD_CHARGE,95.0,114.0,19.0,LOW,2026-09-14 22:11:32.127304
AWB101544,BATCH-C,DTDC,M-006,Jaipur,Tier-3,PHANTOM_RTO_CHARGE,0.0,173.0,173.0,MEDIUM,2026-09-14 22:11:31.631484
AWB101547,BATCH-C,Delhivery,M-011,Delhi,Tier-1,PHANTOM_RTO_CHARGE,0.0,246.0,246.0,MEDIUM,2026-09-14 22:11:31.631484
AWB101553,BATCH-B,DTDC,M-015,Indore,Tier-2,EXCESS_FORWARD_CHARGE,95.0,114.0,19.0,LOW,2026-09-14 22:11:32.127304
AWB101555,BATCH-A,DTDC,M-014,Indore,Tier-2,EXCESS_FORWARD_CHARGE,42.0,50.0,8.0,LOW,2026-09-14 22:11:32.127304
AWB101556,BATCH-D,DTDC,M-019,Delhi,Tier-1,EXCESS_FORWARD_CHARGE,95.0,114.0,19.0,LOW,2026-09-14 22:11:32.127304
AWB101558,BATCH-A,Delhivery,M-005,Lucknow,Tier-3,COD_SHORT_REMITTANCE,3568.0,3444.0,124.0,MEDIUM,2026-09-14 22:10:12.726074
AWB101565,BATCH-A,Kwikship,M-013,Jaipur,Tier-3,ETA_SLA_BREACH,72.0,120.2,0.0,LOW,2026-09-14 22:11:32.038362
AWB101566,BATCH-C,Kwikship,M-020,Jaipur,Tier-3,ETA_SLA_BREACH,72.0,115.7,0.0,LOW,2026-09-14 22:11:32.038362
AWB101568,BATCH-B,Shiprocket,M-017,Delhi,Tier-1,OVERDUE_REMITTANCE,14.0,27.0,1695.0,MEDIUM,2026-09-14 22:11:31.791087
AWB101571,BATCH-D,Bluedart,M-004,Jaipur,Tier-3,WEIGHT_DISPUTE,8.31,10.56,135.0,MEDIUM,2026-09-14 22:11:31.453814
AWB101575,BATCH-D,Shiprocket,M-018,Jaipur,Tier-3,PHANTOM_RTO_CHARGE,0.0,133.0,133.0,MEDIUM,2026-09-14 22:11:31.631484
AWB101576,BATCH-A,Kwikship,M-016,Jaipur,Tier-3,ETA_SLA_BREACH,72.0,111.9,0.0,LOW,2026-09-14 22:11:32.038362
AWB101579,BATCH-C,Bluedart,M-008,Pune,Tier-2,PHANTOM_RTO_CHARGE,0.0,205.0,205.0,MEDIUM,2026-09-14 22:11:31.631484
AWB101582,BATCH-C,Kwikship,M-014,Delhi,Tier-1,PHANTOM_RTO_CHARGE,0.0,106.0,106.0,MEDIUM,2026-09-14 22:11:31.631484
AWB101584,BATCH-C,Delhivery,M-011,Jaipur,Tier-3,COD_SHORT_REMITTANCE,5174.0,4920.0,254.0,MEDIUM,2026-09-14 22:10:12.726074
AWB101588,BATCH-A,Kwikship,M-017,Indore,Tier-2,PHANTOM_RTO_CHARGE,0.0,171.0,171.0,MEDIUM,2026-09-14 22:11:31.631484
AWB101592,BATCH-D,Bluedart,M-006,Jaipur,Tier-3,WEIGHT_DISPUTE,2.12,2.64,31.0,LOW,2026-09-14 22:11:31.453814
AWB101595,BATCH-C,DTDC,M-020,Delhi,Tier-1,EXCESS_FORWARD_CHARGE,95.0,114.0,19.0,LOW,2026-09-14 22:11:32.127304
AWB101607,BATCH-C,Delhivery,M-010,Jaipur,Tier-3,COD_SHORT_REMITTANCE,4972.0,4682.0,290.0,MEDIUM,2026-09-14 22:10:12.726074
AWB101619,BATCH-A,DTDC,M-005,Pune,Tier-2,EXCESS_FORWARD_CHARGE,95.0,114.0,19.0,LOW,2026-09-14 22:11:32.127304
AWB101620,BATCH-C,DTDC,M-019,Pune,Tier-2,EXCESS_FORWARD_CHARGE,65.0,78.0,13.0,LOW,2026-09-14 22:11:32.127304
AWB101631,BATCH-D,Shiprocket,M-014,Lucknow,Tier-3,PHANTOM_RTO_CHARGE,0.0,108.0,108.0,MEDIUM,2026-09-14 22:11:31.631484
AWB101632,BATCH-A,DTDC,M-008,Mumbai,Tier-1,PHANTOM_RTO_CHARGE,0.0,170.0,170.0,MEDIUM,2026-09-14 22:11:31.631484
AWB101633,BATCH-D,Delhivery,M-014,Mumbai,Tier-1,COD_SHORT_REMITTANCE,5658.0,5297.0,361.0,MEDIUM,2026-09-14 22:10:12.726074
AWB101640,BATCH-A,DTDC,M-005,Jaipur,Tier-3,EXCESS_FORWARD_CHARGE,65.0,78.0,13.0,LOW,2026-09-14 22:11:32.127304
AWB101640,BATCH-A,DTDC,M-005,Jaipur,Tier-3,PHANTOM_RTO_CHARGE,0.0,111.0,111.0,MEDIUM,2026-09-14 22:11:31.631484
AWB101641,BATCH-C,DTDC,M-010,Mumbai,Tier-1,EXCESS_FORWARD_CHARGE,95.0,114.0,19.0,LOW,2026-09-14 22:11:32.127304
AWB101646,BATCH-A,Kwikship,M-011,Mumbai,Tier-1,PHANTOM_RTO_CHARGE,0.0,190.0,190.0,MEDIUM,2026-09-14 22:11:31.631484
AWB101654,BATCH-C,Shiprocket,M-008,Delhi,Tier-1,OVERDUE_REMITTANCE,14.0,19.0,0.0,MEDIUM,2026-09-14 22:11:31.791087
AWB101662,BATCH-A,DTDC,M-008,Pune,Tier-2,EXCESS_FORWARD_CHARGE,65.0,78.0,13.0,LOW,2026-09-14 22:11:32.127304
AWB101664,BATCH-C,Shiprocket,M-017,Pune,Tier-2,OVERDUE_REMITTANCE,14.0,25.0,3457.0,MEDIUM,2026-09-14 22:11:31.791087
AWB101666,BATCH-B,DTDC,M-020,Pune,Tier-2,EXCESS_FORWARD_CHARGE,95.0,114.0,19.0,LOW,2026-09-14 22:11:32.127304
AWB101670,BATCH-D,DTDC,M-020,Indore,Tier-2,EXCESS_FORWARD_CHARGE,95.0,114.0,19.0,LOW,2026-09-14 22:11:32.127304
AWB101676,BATCH-A,Bluedart,M-020,Jaipur,Tier-3,WEIGHT_DISPUTE,3.48,4.42,57.0,LOW,2026-09-14 22:11:31.453814
AWB101680,BATCH-D,Kwikship,M-001,Jaipur,Tier-3,ETA_SLA_BREACH,72.0,118.4,0.0,LOW,2026-09-14 22:11:32.038362
AWB101697,BATCH-A,Bluedart,M-006,Jaipur,Tier-3,WEIGHT_DISPUTE,3.29,4.29,60.0,LOW,2026-09-14 22:11:31.453814
AWB101701,BATCH-A,Kwikship,M-003,Lucknow,Tier-3,ETA_SLA_BREACH,72.0,124.4,0.0,LOW,2026-09-14 22:11:32.038362
AWB101701,BATCH-A,Kwikship,M-003,Lucknow,Tier-3,PHANTOM_RTO_CHARGE,0.0,123.0,123.0,MEDIUM,2026-09-14 22:11:31.631484
AWB101702,BATCH-A,Kwikship,M-010,Lucknow,Tier-3,ETA_SLA_BREACH,72.0,130.0,0.0,LOW,2026-09-14 22:11:32.038362
AWB101706,BATCH-B,Delhivery,M-009,Mumbai,Tier-1,COD_SHORT_REMITTANCE,5199.0,5026.0,173.0,MEDIUM,2026-09-14 22:10:12.726074
AWB101707,BATCH-C,Shiprocket,M-018,Lucknow,Tier-3,OVERDUE_REMITTANCE,14.0,25.0,4427.0,MEDIUM,2026-09-14 22:11:31.791087
AWB101709,BATCH-D,Bluedart,M-013,Jaipur,Tier-3,PHANTOM_RTO_CHARGE,0.0,226.0,226.0,MEDIUM,2026-09-14 22:11:31.631484
AWB101714,BATCH-C,DTDC,M-006,Mumbai,Tier-1,EXCESS_FORWARD_CHARGE,95.0,114.0,19.0,LOW,2026-09-14 22:11:32.127304
AWB101717,BATCH-B,Delhivery,M-009,Lucknow,Tier-3,DUPLICATE_SETTLEMENT,1.0,2.0,1503.0,HIGH,2026-09-14 22:11:31.913657
AWB101717,BATCH-DUP,Delhivery,M-009,Lucknow,Tier-3,DUPLICATE_SETTLEMENT,1.0,2.0,1503.0,HIGH,2026-09-14 22:11:31.913657
AWB101720,BATCH-B,DTDC,M-007,Delhi,Tier-1,EXCESS_FORWARD_CHARGE,95.0,114.0,19.0,LOW,2026-09-14 22:11:32.127304
AWB101722,BATCH-B,DTDC,M-012,Lucknow,Tier-3,EXCESS_FORWARD_CHARGE,95.0,114.0,19.0,LOW,2026-09-14 22:11:32.127304
AWB101726,BATCH-C,Bluedart,M-012,Lucknow,Tier-3,WEIGHT_DISPUTE,7.13,9.34,132.0,MEDIUM,2026-09-14 22:11:31.453814
AWB101727,BATCH-A,DTDC,M-001,Pune,Tier-2,EXCESS_FORWARD_CHARGE,95.0,114.0,19.0,LOW,2026-09-14 22:11:32.127304
AWB101728,BATCH-C,Shiprocket,M-003,Indore,Tier-2,OVERDUE_REMITTANCE,14.0,24.0,0.0,MEDIUM,2026-09-14 22:11:31.791087
AWB101734,BATCH-C,DTDC,M-004,Indore,Tier-2,EXCESS_FORWARD_CHARGE,95.0,114.0,19.0,LOW,2026-09-14 22:11:32.127304
AWB101741,BATCH-C,DTDC,M-009,Jaipur,Tier-3,EXCESS_FORWARD_CHARGE,95.0,114.0,19.0,LOW,2026-09-14 22:11:32.127304
AWB101748,BATCH-D,Shiprocket,M-002,Indore,Tier-2,OVERDUE_REMITTANCE,14.0,23.0,0.0,MEDIUM,2026-09-14 22:11:31.791087
AWB101755,BATCH-A,DTDC,M-012,Lucknow,Tier-3,EXCESS_FORWARD_CHARGE,95.0,114.0,19.0,LOW,2026-09-14 22:11:32.127304
AWB101757,BATCH-D,DTDC,M-001,Mumbai,Tier-1,EXCESS_FORWARD_CHARGE,65.0,78.0,13.0,LOW,2026-09-14 22:11:32.127304
AWB101772,BATCH-A,Bluedart,M-007,Delhi,Tier-1,DUPLICATE_SETTLEMENT,1.0,2.0,0.0,HIGH,2026-09-14 22:11:31.913657
AWB101772,BATCH-DUP,Bluedart,M-007,Delhi,Tier-1,DUPLICATE_SETTLEMENT,1.0,2.0,0.0,HIGH,2026-09-14 22:11:31.913657
AWB101775,BATCH-B,Shiprocket,M-011,Delhi,Tier-1,OVERDUE_REMITTANCE,14.0,25.0,0.0,MEDIUM,2026-09-14 22:11:31.791087
AWB101777,BATCH-B,DTDC,M-013,Mumbai,Tier-1,EXCESS_FORWARD_CHARGE,95.0,114.0,19.0,LOW,2026-09-14 22:11:32.127304
AWB101778,BATCH-C,DTDC,M-005,Indore,Tier-2,PHANTOM_RTO_CHARGE,0.0,127.0,127.0,MEDIUM,2026-09-14 22:11:31.631484
AWB101780,BATCH-B,DTDC,M-013,Mumbai,Tier-1,EXCESS_FORWARD_CHARGE,65.0,78.0,13.0,LOW,2026-09-14 22:11:32.127304
AWB101784,BATCH-D,Bluedart,M-016,Pune,Tier-2,DUPLICATE_SETTLEMENT,1.0,2.0,0.0,HIGH,2026-09-14 22:11:31.913657
AWB101784,BATCH-DUP,Bluedart,M-016,Pune,Tier-2,DUPLICATE_SETTLEMENT,1.0,2.0,0.0,HIGH,2026-09-14 22:11:31.913657
AWB101794,BATCH-D,DTDC,M-004,Delhi,Tier-1,EXCESS_FORWARD_CHARGE,95.0,114.0,19.0,LOW,2026-09-14 22:11:32.127304
AWB101804,BATCH-B,DTDC,M-003,Pune,Tier-2,EXCESS_FORWARD_CHARGE,95.0,114.0,19.0,LOW,2026-09-14 22:11:32.127304
AWB101807,BATCH-A,Bluedart,M-011,Lucknow,Tier-3,WEIGHT_DISPUTE,4.55,5.88,80.0,LOW,2026-09-14 22:11:31.453814
AWB101810,BATCH-A,DTDC,M-014,Jaipur,Tier-3,EXCESS_FORWARD_CHARGE,65.0,78.0,13.0,LOW,2026-09-14 22:11:32.127304
AWB101811,BATCH-A,Bluedart,M-013,Pune,Tier-2,PHANTOM_RTO_CHARGE,0.0,134.0,134.0,MEDIUM,2026-09-14 22:11:31.631484
AWB101813,BATCH-A,Shiprocket,M-008,Delhi,Tier-1,OVERDUE_REMITTANCE,14.0,21.0,4995.0,MEDIUM,2026-09-14 22:11:31.791087
AWB101816,BATCH-D,Kwikship,M-006,Mumbai,Tier-1,PHANTOM_RTO_CHARGE,0.0,228.0,228.0,MEDIUM,2026-09-14 22:11:31.631484
AWB101819,BATCH-A,Bluedart,M-004,Mumbai,Tier-1,DUPLICATE_SETTLEMENT,1.0,2.0,0.0,HIGH,2026-09-14 22:11:31.913657
AWB101819,BATCH-DUP,Bluedart,M-004,Mumbai,Tier-1,DUPLICATE_SETTLEMENT,1.0,2.0,0.0,HIGH,2026-09-14 22:11:31.913657
AWB101822,BATCH-C,Kwikship,M-011,Pune,Tier-2,PHANTOM_RTO_CHARGE,0.0,176.0,176.0,MEDIUM,2026-09-14 22:11:31.631484
AWB101824,BATCH-C,DTDC,M-016,Lucknow,Tier-3,EXCESS_FORWARD_CHARGE,95.0,114.0,19.0,LOW,2026-09-14 22:11:32.127304
AWB101826,BATCH-C,Shiprocket,M-005,Mumbai,Tier-1,OVERDUE_REMITTANCE,14.0,21.0,3526.0,MEDIUM,2026-09-14 22:11:31.791087
AWB101827,BATCH-D,Kwikship,M-002,Lucknow,Tier-3,ETA_SLA_BREACH,72.0,109.1,0.0,LOW,2026-09-14 22:11:32.038362
AWB101839,BATCH-B,Kwikship,M-004,Indore,Tier-2,DUPLICATE_SETTLEMENT,1.0,2.0,3880.0,HIGH,2026-09-14 22:11:31.913657
AWB101839,BATCH-DUP,Kwikship,M-004,Indore,Tier-2,DUPLICATE_SETTLEMENT,1.0,2.0,3880.0,HIGH,2026-09-14 22:11:31.913657
AWB101840,BATCH-C,DTDC,M-017,Pune,Tier-2,EXCESS_FORWARD_CHARGE,95.0,114.0,19.0,LOW,2026-09-14 22:11:32.127304
AWB101843,BATCH-C,DTDC,M-003,Mumbai,Tier-1,EXCESS_FORWARD_CHARGE,95.0,114.0,19.0,LOW,2026-09-14 22:11:32.127304
AWB101843,BATCH-C,DTDC,M-003,Mumbai,Tier-1,PHANTOM_RTO_CHARGE,0.0,103.0,103.0,MEDIUM,2026-09-14 22:11:31.631484
AWB101851,BATCH-B,DTDC,M-011,Lucknow,Tier-3,EXCESS_FORWARD_CHARGE,95.0,114.0,19.0,LOW,2026-09-14 22:11:32.127304
AWB101853,BATCH-D,DTDC,M-020,Pune,Tier-2,EXCESS_FORWARD_CHARGE,95.0,114.0,19.0,LOW,2026-09-14 22:11:32.127304
AWB101854,BATCH-B,Kwikship,M-004,Lucknow,Tier-3,ETA_SLA_BREACH,72.0,121.2,0.0,LOW,2026-09-14 22:11:32.038362
AWB101855,BATCH-A,DTDC,M-012,Delhi,Tier-1,EXCESS_FORWARD_CHARGE,65.0,78.0,13.0,LOW,2026-09-14 22:11:32.127304
AWB101855,BATCH-A,DTDC,M-012,Delhi,Tier-1,PHANTOM_RTO_CHARGE,0.0,131.0,131.0,MEDIUM,2026-09-14 22:11:31.631484
AWB101856,BATCH-C,DTDC,M-014,Lucknow,Tier-3,PHANTOM_RTO_CHARGE,0.0,232.0,232.0,MEDIUM,2026-09-14 22:11:31.631484
AWB101859,BATCH-B,Shiprocket,M-007,Delhi,Tier-1,OVERDUE_REMITTANCE,14.0,23.0,3578.0,MEDIUM,2026-09-14 22:11:31.791087
AWB101864,BATCH-A,Bluedart,M-011,Jaipur,Tier-3,WEIGHT_DISPUTE,4.41,5.67,75.0,LOW,2026-09-14 22:11:31.453814
AWB101873,BATCH-A,Kwikship,M-011,Indore,Tier-2,PHANTOM_RTO_CHARGE,0.0,202.0,202.0,MEDIUM,2026-09-14 22:11:31.631484
AWB101883,BATCH-A,DTDC,M-003,Lucknow,Tier-3,EXCESS_FORWARD_CHARGE,95.0,114.0,19.0,LOW,2026-09-14 22:11:32.127304
AWB101891,BATCH-A,Bluedart,M-003,Jaipur,Tier-3,WEIGHT_DISPUTE,5.52,7.24,103.0,MEDIUM,2026-09-14 22:11:31.453814
AWB101895,BATCH-B,Shiprocket,M-019,Indore,Tier-2,OVERDUE_REMITTANCE,14.0,23.0,1114.0,MEDIUM,2026-09-14 22:11:31.791087
AWB101895,BATCH-B,Shiprocket,M-019,Indore,Tier-2,PHANTOM_RTO_CHARGE,0.0,143.0,143.0,MEDIUM,2026-09-14 22:11:31.631484
AWB101896,BATCH-D,Shiprocket,M-001,Lucknow,Tier-3,PHANTOM_RTO_CHARGE,0.0,231.0,231.0,MEDIUM,2026-09-14 22:11:31.631484
AWB101897,BATCH-D,Shiprocket,M-015,Mumbai,Tier-1,OVERDUE_REMITTANCE,14.0,24.0,0.0,MEDIUM,2026-09-14 22:11:31.791087
AWB101900,BATCH-C,Kwikship,M-004,Jaipur,Tier-3,ETA_SLA_BREACH,72.0,123.1,0.0,LOW,2026-09-14 22:11:32.038362
AWB101903,BATCH-A,Kwikship,M-013,Lucknow,Tier-3,ETA_SLA_BREACH,72.0,128.6,0.0,LOW,2026-09-14 22:11:32.038362
AWB101905,BATCH-D,Bluedart,M-006,Indore,Tier-2,DUPLICATE_SETTLEMENT,1.0,2.0,0.0,HIGH,2026-09-14 22:11:31.913657
AWB101905,BATCH-DUP,Bluedart,M-006,Indore,Tier-2,DUPLICATE_SETTLEMENT,1.0,2.0,0.0,HIGH,2026-09-14 22:11:31.913657
AWB101906,BATCH-A,DTDC,M-020,Pune,Tier-2,EXCESS_FORWARD_CHARGE,95.0,114.0,19.0,LOW,2026-09-14 22:11:32.127304
AWB101907,BATCH-B,Bluedart,M-006,Lucknow,Tier-3,PHANTOM_RTO_CHARGE,0.0,102.0,102.0,MEDIUM,2026-09-14 22:11:31.631484
AWB101908,BATCH-A,Delhivery,M-015,Pune,Tier-2,PHANTOM_RTO_CHARGE,0.0,224.0,224.0,MEDIUM,2026-09-14 22:11:31.631484
AWB101909,BATCH-B,Delhivery,M-019,Jaipur,Tier-3,COD_SHORT_REMITTANCE,3581.0,3425.0,156.0,MEDIUM,2026-09-14 22:10:12.726074
AWB101916,BATCH-A,Delhivery,M-011,Mumbai,Tier-1,COD_SHORT_REMITTANCE,5338.0,5015.0,323.0,MEDIUM,2026-09-14 22:10:12.726074
AWB101918,BATCH-A,DTDC,M-015,Lucknow,Tier-3,EXCESS_FORWARD_CHARGE,95.0,114.0,19.0,LOW,2026-09-14 22:11:32.127304
AWB101918,BATCH-A,DTDC,M-015,Lucknow,Tier-3,PHANTOM_RTO_CHARGE,0.0,141.0,141.0,MEDIUM,2026-09-14 22:11:31.631484
AWB101919,BATCH-D,Bluedart,M-012,Lucknow,Tier-3,WEIGHT_DISPUTE,5.19,6.46,76.0,LOW,2026-09-14 22:11:31.453814
AWB101926,BATCH-C,DTDC,M-009,Mumbai,Tier-1,PHANTOM_RTO_CHARGE,0.0,123.0,123.0,MEDIUM,2026-09-14 22:11:31.631484
AWB101928,BATCH-B,Delhivery,M-012,Delhi,Tier-1,COD_SHORT_REMITTANCE,3811.0,3609.0,202.0,MEDIUM,2026-09-14 22:10:12.726074
AWB101932,BATCH-D,Shiprocket,M-019,Mumbai,Tier-1,OVERDUE_REMITTANCE,14.0,20.0,1250.0,MEDIUM,2026-09-14 22:11:31.791087
AWB101933,BATCH-C,Kwikship,M-008,Lucknow,Tier-3,ETA_SLA_BREACH,72.0,120.8,0.0,LOW,2026-09-14 22:11:32.038362
AWB101935,BATCH-C,DTDC,M-017,Delhi,Tier-1,EXCESS_FORWARD_CHARGE,95.0,114.0,19.0,LOW,2026-09-14 22:11:32.127304
AWB101935,BATCH-C,DTDC,M-017,Delhi,Tier-1,PHANTOM_RTO_CHARGE,0.0,232.0,232.0,MEDIUM,2026-09-14 22:11:31.631484
AWB101941,BATCH-C,DTDC,M-013,Delhi,Tier-1,PHANTOM_RTO_CHARGE,0.0,122.0,122.0,MEDIUM,2026-09-14 22:11:31.631484
AWB101942,BATCH-B,Delhivery,M-018,Pune,Tier-2,COD_SHORT_REMITTANCE,3133.0,2944.0,189.0,MEDIUM,2026-09-14 22:10:12.726074
AWB101944,BATCH-D,DTDC,M-008,Delhi,Tier-1,PHANTOM_RTO_CHARGE,0.0,210.0,210.0,MEDIUM,2026-09-14 22:11:31.631484
AWB101946,BATCH-C,DTDC,M-001,Delhi,Tier-1,EXCESS_FORWARD_CHARGE,65.0,78.0,13.0,LOW,2026-09-14 22:11:32.127304
AWB101946,BATCH-C,DTDC,M-001,Delhi,Tier-1,PHANTOM_RTO_CHARGE,0.0,165.0,165.0,MEDIUM,2026-09-14 22:11:31.631484
AWB101958,BATCH-B,DTDC,M-016,Mumbai,Tier-1,EXCESS_FORWARD_CHARGE,95.0,114.0,19.0,LOW,2026-09-14 22:11:32.127304
AWB101961,BATCH-A,Bluedart,M-007,Pune,Tier-2,PHANTOM_RTO_CHARGE,0.0,137.0,137.0,MEDIUM,2026-09-14 22:11:31.631484
AWB101965,BATCH-C,DTDC,M-009,Jaipur,Tier-3,PHANTOM_RTO_CHARGE,0.0,192.0,192.0,MEDIUM,2026-09-14 22:11:31.631484
AWB101966,BATCH-C,Delhivery,M-002,Pune,Tier-2,COD_SHORT_REMITTANCE,4964.0,4651.0,313.0,MEDIUM,2026-09-14 22:10:12.726074
AWB101967,BATCH-A,DTDC,M-019,Pune,Tier-2,EXCESS_FORWARD_CHARGE,65.0,78.0,13.0,LOW,2026-09-14 22:11:32.127304
AWB101975,BATCH-B,DTDC,M-005,Mumbai,Tier-1,EXCESS_FORWARD_CHARGE,95.0,114.0,19.0,LOW,2026-09-14 22:11:32.127304
AWB101987,BATCH-C,Delhivery,M-019,Delhi,Tier-1,COD_SHORT_REMITTANCE,3445.0,3315.0,130.0,MEDIUM,2026-09-14 22:10:12.726074
AWB101988,BATCH-D,Delhivery,M-006,Delhi,Tier-1,COD_SHORT_REMITTANCE,4192.0,3964.0,228.0,MEDIUM,2026-09-14 22:10:12.726074
AWB102003,BATCH-A,Bluedart,M-020,Jaipur,Tier-3,PHANTOM_RTO_CHARGE,0.0,166.0,166.0,MEDIUM,2026-09-14 22:11:31.631484
AWB102003,BATCH-A,Bluedart,M-020,Jaipur,Tier-3,WEIGHT_DISPUTE,7.78,9.48,102.0,MEDIUM,2026-09-14 22:11:31.453814
AWB102007,BATCH-B,DTDC,M-008,Mumbai,Tier-1,EXCESS_FORWARD_CHARGE,95.0,114.0,19.0,LOW,2026-09-14 22:11:32.127304
AWB102013,BATCH-D,DTDC,M-019,Jaipur,Tier-3,PHANTOM_RTO_CHARGE,0.0,249.0,249.0,MEDIUM,2026-09-14 22:11:31.631484
AWB102029,BATCH-A,DTDC,M-016,Delhi,Tier-1,EXCESS_FORWARD_CHARGE,95.0,114.0,19.0,LOW,2026-09-14 22:11:32.127304
AWB102030,BATCH-A,DTDC,M-017,Pune,Tier-2,EXCESS_FORWARD_CHARGE,95.0,114.0,19.0,LOW,2026-09-14 22:11:32.127304
AWB102032,BATCH-A,DTDC,M-015,Jaipur,Tier-3,EXCESS_FORWARD_CHARGE,95.0,114.0,19.0,LOW,2026-09-14 22:11:32.127304
AWB102033,BATCH-B,DTDC,M-009,Indore,Tier-2,EXCESS_FORWARD_CHARGE,95.0,114.0,19.0,LOW,2026-09-14 22:11:32.127304
AWB102043,BATCH-B,DTDC,M-009,Mumbai,Tier-1,EXCESS_FORWARD_CHARGE,95.0,114.0,19.0,LOW,2026-09-14 22:11:32.127304
AWB102046,BATCH-C,Shiprocket,M-015,Lucknow,Tier-3,PHANTOM_RTO_CHARGE,0.0,163.0,163.0,MEDIUM,2026-09-14 22:11:31.631484
AWB102049,BATCH-C,DTDC,M-004,Jaipur,Tier-3,EXCESS_FORWARD_CHARGE,95.0,114.0,19.0,LOW,2026-09-14 22:11:32.127304
AWB102058,BATCH-B,Kwikship,M-008,Jaipur,Tier-3,ETA_SLA_BREACH,72.0,113.6,0.0,LOW,2026-09-14 22:11:32.038362
AWB102059,BATCH-B,Kwikship,M-007,Lucknow,Tier-3,ETA_SLA_BREACH,72.0,121.8,0.0,LOW,2026-09-14 22:11:32.038362
AWB102070,BATCH-B,Kwikship,M-015,Lucknow,Tier-3,PHANTOM_RTO_CHARGE,0.0,204.0,204.0,MEDIUM,2026-09-14 22:11:31.631484
AWB102077,BATCH-A,DTDC,M-014,Delhi,Tier-1,PHANTOM_RTO_CHARGE,0.0,230.0,230.0,MEDIUM,2026-09-14 22:11:31.631484
AWB102090,BATCH-B,Bluedart,M-009,Jaipur,Tier-3,WEIGHT_DISPUTE,7.02,9.25,134.0,MEDIUM,2026-09-14 22:11:31.453814
AWB102093,BATCH-D,Shiprocket,M-017,Indore,Tier-2,OVERDUE_REMITTANCE,14.0,18.0,5368.0,MEDIUM,2026-09-14 22:11:31.791087
AWB102096,BATCH-A,DTDC,M-018,Jaipur,Tier-3,EXCESS_FORWARD_CHARGE,95.0,114.0,19.0,LOW,2026-09-14 22:11:32.127304
AWB102108,BATCH-C,Delhivery,M-012,Pune,Tier-2,COD_SHORT_REMITTANCE,5648.0,5434.0,214.0,MEDIUM,2026-09-14 22:10:12.726074
AWB102112,BATCH-D,DTDC,M-006,Pune,Tier-2,EXCESS_FORWARD_CHARGE,65.0,78.0,13.0,LOW,2026-09-14 22:11:32.127304
AWB102113,BATCH-C,Bluedart,M-010,Lucknow,Tier-3,PHANTOM_RTO_CHARGE,0.0,173.0,173.0,MEDIUM,2026-09-14 22:11:31.631484
AWB102118,BATCH-C,Kwikship,M-018,Jaipur,Tier-3,ETA_SLA_BREACH,72.0,133.6,0.0,LOW,2026-09-14 22:11:32.038362
AWB102122,BATCH-D,Kwikship,M-004,Mumbai,Tier-1,PHANTOM_RTO_CHARGE,0.0,142.0,142.0,MEDIUM,2026-09-14 22:11:31.631484
AWB102123,BATCH-D,Delhivery,M-006,Pune,Tier-2,COD_SHORT_REMITTANCE,4672.0,4344.0,328.0,MEDIUM,2026-09-14 22:10:12.726074
AWB102128,BATCH-A,Bluedart,M-008,Lucknow,Tier-3,PHANTOM_RTO_CHARGE,0.0,112.0,112.0,MEDIUM,2026-09-14 22:11:31.631484
AWB102128,BATCH-A,Bluedart,M-008,Lucknow,Tier-3,WEIGHT_DISPUTE,6.14,7.88,105.0,MEDIUM,2026-09-14 22:11:31.453814
AWB102131,BATCH-D,Bluedart,M-006,Lucknow,Tier-3,WEIGHT_DISPUTE,5.5,6.63,68.0,LOW,2026-09-14 22:11:31.453814
AWB102136,BATCH-A,DTDC,M-017,Delhi,Tier-1,EXCESS_FORWARD_CHARGE,65.0,78.0,13.0,LOW,2026-09-14 22:11:32.127304
AWB102142,BATCH-C,Bluedart,M-002,Indore,Tier-2,PHANTOM_RTO_CHARGE,0.0,210.0,210.0,MEDIUM,2026-09-14 22:11:31.631484
AWB102145,BATCH-D,Bluedart,M-001,Jaipur,Tier-3,WEIGHT_DISPUTE,1.62,2.11,29.0,LOW,2026-09-14 22:11:31.453814
AWB102148,BATCH-C,Kwikship,M-007,Delhi,Tier-1,PHANTOM_RTO_CHARGE,0.0,141.0,141.0,MEDIUM,2026-09-14 22:11:31.631484
AWB102160,BATCH-C,DTDC,M-004,Mumbai,Tier-1,EXCESS_FORWARD_CHARGE,95.0,114.0,19.0,LOW,2026-09-14 22:11:32.127304
AWB102161,BATCH-D,Bluedart,M-020,Lucknow,Tier-3,WEIGHT_DISPUTE,4.31,5.38,64.0,LOW,2026-09-14 22:11:31.453814
AWB102165,BATCH-B,DTDC,M-012,Jaipur,Tier-3,EXCESS_FORWARD_CHARGE,65.0,78.0,13.0,LOW,2026-09-14 22:11:32.127304
AWB102178,BATCH-C,DTDC,M-010,Indore,Tier-2,EXCESS_FORWARD_CHARGE,42.0,50.0,8.0,LOW,2026-09-14 22:11:32.127304
AWB102182,BATCH-B,DTDC,M-015,Mumbai,Tier-1,EXCESS_FORWARD_CHARGE,65.0,78.0,13.0,LOW,2026-09-14 22:11:32.127304
AWB102182,BATCH-B,DTDC,M-015,Mumbai,Tier-1,PHANTOM_RTO_CHARGE,0.0,182.0,182.0,MEDIUM,2026-09-14 22:11:31.631484
AWB102189,BATCH-A,Bluedart,M-013,Jaipur,Tier-3,WEIGHT_DISPUTE,2.27,2.7,26.0,LOW,2026-09-14 22:11:31.453814
AWB102191,BATCH-B,Kwikship,M-014,Lucknow,Tier-3,ETA_SLA_BREACH,72.0,133.5,0.0,LOW,2026-09-14 22:11:32.038362
AWB102209,BATCH-B,Bluedart,M-003,Lucknow,Tier-3,WEIGHT_DISPUTE,8.04,9.56,91.0,LOW,2026-09-14 22:11:31.453814
AWB102214,BATCH-C,Delhivery,M-020,Pune,Tier-2,COD_SHORT_REMITTANCE,3540.0,3407.0,133.0,MEDIUM,2026-09-14 22:10:12.726074
AWB102222,BATCH-B,Shiprocket,M-013,Indore,Tier-2,OVERDUE_REMITTANCE,14.0,21.0,5363.0,MEDIUM,2026-09-14 22:11:31.791087
AWB102224,BATCH-B,DTDC,M-013,Jaipur,Tier-3,PHANTOM_RTO_CHARGE,0.0,194.0,194.0,MEDIUM,2026-09-14 22:11:31.631484
AWB102226,BATCH-A,Kwikship,M-004,Lucknow,Tier-3,ETA_SLA_BREACH,72.0,135.9,0.0,LOW,2026-09-14 22:11:32.038362
AWB102228,BATCH-C,Delhivery,M-019,Mumbai,Tier-1,PHANTOM_RTO_CHARGE,0.0,168.0,168.0,MEDIUM,2026-09-14 22:11:31.631484
AWB102234,BATCH-D,Shiprocket,M-017,Mumbai,Tier-1,OVERDUE_REMITTANCE,14.0,23.0,480.0,MEDIUM,2026-09-14 22:11:31.791087
AWB102235,BATCH-A,Shiprocket,M-020,Mumbai,Tier-1,PHANTOM_RTO_CHARGE,0.0,181.0,181.0,MEDIUM,2026-09-14 22:11:31.631484
AWB102240,BATCH-A,Bluedart,M-010,Lucknow,Tier-3,PHANTOM_RTO_CHARGE,0.0,248.0,248.0,MEDIUM,2026-09-14 22:11:31.631484
AWB102243,BATCH-C,Shiprocket,M-010,Indore,Tier-2,DUPLICATE_SETTLEMENT,1.0,2.0,4022.0,HIGH,2026-09-14 22:11:31.913657
AWB102243,BATCH-C,Shiprocket,M-010,Indore,Tier-2,PHANTOM_RTO_CHARGE,0.0,169.0,169.0,MEDIUM,2026-09-14 22:11:31.631484
AWB102243,BATCH-DUP,Shiprocket,M-010,Indore,Tier-2,DUPLICATE_SETTLEMENT,1.0,2.0,4022.0,HIGH,2026-09-14 22:11:31.913657
AWB102243,BATCH-DUP,Shiprocket,M-010,Indore,Tier-2,PHANTOM_RTO_CHARGE,0.0,169.0,169.0,MEDIUM,2026-09-14 22:11:31.631484
AWB102254,BATCH-B,Kwikship,M-001,Indore,Tier-2,PHANTOM_RTO_CHARGE,0.0,139.0,139.0,MEDIUM,2026-09-14 22:11:31.631484
AWB102255,BATCH-C,Delhivery,M-013,Mumbai,Tier-1,COD_SHORT_REMITTANCE,4101.0,3835.0,266.0,MEDIUM,2026-09-14 22:10:12.726074
AWB102266,BATCH-A,Delhivery,M-013,Mumbai,Tier-1,COD_SHORT_REMITTANCE,4150.0,3933.0,217.0,MEDIUM,2026-09-14 22:10:12.726074
AWB102270,BATCH-C,Bluedart,M-016,Jaipur,Tier-3,WEIGHT_DISPUTE,0.73,0.95,13.0,LOW,2026-09-14 22:11:31.453814
AWB102274,BATCH-B,Shiprocket,M-009,Lucknow,Tier-3,OVERDUE_REMITTANCE,14.0,22.0,800.0,MEDIUM,2026-09-14 22:11:31.791087
AWB102275,BATCH-D,DTDC,M-004,Delhi,Tier-1,EXCESS_FORWARD_CHARGE,42.0,50.0,8.0,LOW,2026-09-14 22:11:32.127304
AWB102277,BATCH-B,Delhivery,M-008,Lucknow,Tier-3,COD_SHORT_REMITTANCE,3764.0,3499.0,265.0,MEDIUM,2026-09-14 22:10:12.726074
AWB102278,BATCH-B,Bluedart,M-008,Jaipur,Tier-3,WEIGHT_DISPUTE,3.22,4.08,52.0,LOW,2026-09-14 22:11:31.453814
AWB102280,BATCH-C,Bluedart,M-008,Indore,Tier-2,PHANTOM_RTO_CHARGE,0.0,247.0,247.0,MEDIUM,2026-09-14 22:11:31.631484
AWB102282,BATCH-A,Bluedart,M-006,Jaipur,Tier-3,WEIGHT_DISPUTE,0.7,0.83,8.0,LOW,2026-09-14 22:11:31.453814
AWB102283,BATCH-A,Kwikship,M-008,Lucknow,Tier-3,ETA_SLA_BREACH,72.0,128.2,0.0,LOW,2026-09-14 22:11:32.038362
AWB102291,BATCH-D,Delhivery,M-007,Pune,Tier-2,COD_SHORT_REMITTANCE,5443.0,5198.0,245.0,MEDIUM,2026-09-14 22:10:12.726074
AWB102292,BATCH-D,Bluedart,M-004,Mumbai,Tier-1,PHANTOM_RTO_CHARGE,0.0,158.0,158.0,MEDIUM,2026-09-14 22:11:31.631484
AWB102296,BATCH-A,DTDC,M-006,Pune,Tier-2,EXCESS_FORWARD_CHARGE,95.0,114.0,19.0,LOW,2026-09-14 22:11:32.127304
AWB102304,BATCH-D,DTDC,M-019,Pune,Tier-2,EXCESS_FORWARD_CHARGE,42.0,50.0,8.0,LOW,2026-09-14 22:11:32.127304
AWB102310,BATCH-A,Kwikship,M-017,Lucknow,Tier-3,PHANTOM_RTO_CHARGE,0.0,210.0,210.0,MEDIUM,2026-09-14 22:11:31.631484
AWB102311,BATCH-B,Delhivery,M-002,Delhi,Tier-1,PHANTOM_RTO_CHARGE,0.0,108.0,108.0,MEDIUM,2026-09-14 22:11:31.631484
AWB102318,BATCH-A,Bluedart,M-009,Jaipur,Tier-3,WEIGHT_DISPUTE,0.75,0.91,10.0,LOW,2026-09-14 22:11:31.453814
AWB102322,BATCH-A,Bluedart,M-001,Jaipur,Tier-3,WEIGHT_DISPUTE,4.84,6.01,70.0,LOW,2026-09-14 22:11:31.453814
AWB102323,BATCH-C,DTDC,M-003,Lucknow,Tier-3,EXCESS_FORWARD_CHARGE,95.0,114.0,19.0,LOW,2026-09-14 22:11:32.127304
AWB102330,BATCH-B,Bluedart,M-007,Lucknow,Tier-3,WEIGHT_DISPUTE,6.61,8.65,123.0,MEDIUM,2026-09-14 22:11:31.453814
AWB102331,BATCH-B,DTDC,M-003,Mumbai,Tier-1,EXCESS_FORWARD_CHARGE,65.0,78.0,13.0,LOW,2026-09-14 22:11:32.127304
AWB102337,BATCH-D,DTDC,M-017,Mumbai,Tier-1,EXCESS_FORWARD_CHARGE,95.0,114.0,19.0,LOW,2026-09-14 22:11:32.127304
AWB102341,BATCH-C,DTDC,M-015,Delhi,Tier-1,EXCESS_FORWARD_CHARGE,95.0,114.0,19.0,LOW,2026-09-14 22:11:32.127304
AWB102345,BATCH-B,Bluedart,M-003,Lucknow,Tier-3,WEIGHT_DISPUTE,3.69,4.47,47.0,LOW,2026-09-14 22:11:31.453814
AWB102351,BATCH-D,Kwikship,M-004,Pune,Tier-2,PHANTOM_RTO_CHARGE,0.0,160.0,160.0,MEDIUM,2026-09-14 22:11:31.631484
AWB102360,BATCH-D,Shiprocket,M-004,Jaipur,Tier-3,OVERDUE_REMITTANCE,14.0,18.0,5775.0,MEDIUM,2026-09-14 22:11:31.791087
AWB102362,BATCH-C,Shiprocket,M-017,Delhi,Tier-1,OVERDUE_REMITTANCE,14.0,26.0,2191.0,MEDIUM,2026-09-14 22:11:31.791087
AWB102364,BATCH-C,Kwikship,M-007,Jaipur,Tier-3,ETA_SLA_BREACH,72.0,120.1,0.0,LOW,2026-09-14 22:11:32.038362
AWB102366,BATCH-B,Bluedart,M-006,Delhi,Tier-1,PHANTOM_RTO_CHARGE,0.0,160.0,160.0,MEDIUM,2026-09-14 22:11:31.631484
AWB102368,BATCH-C,DTDC,M-009,Pune,Tier-2,EXCESS_FORWARD_CHARGE,65.0,78.0,13.0,LOW,2026-09-14 22:11:32.127304
AWB102376,BATCH-B,Bluedart,M-006,Jaipur,Tier-3,WEIGHT_DISPUTE,1.99,2.55,33.0,LOW,2026-09-14 22:11:31.453814
AWB102384,BATCH-D,DTDC,M-017,Pune,Tier-2,EXCESS_FORWARD_CHARGE,95.0,114.0,19.0,LOW,2026-09-14 22:11:32.127304
AWB102387,BATCH-B,Shiprocket,M-018,Indore,Tier-2,OVERDUE_REMITTANCE,14.0,23.0,2071.0,MEDIUM,2026-09-14 22:11:31.791087
AWB102398,BATCH-A,DTDC,M-018,Pune,Tier-2,EXCESS_FORWARD_CHARGE,95.0,114.0,19.0,LOW,2026-09-14 22:11:32.127304
AWB102404,BATCH-D,Delhivery,M-007,Delhi,Tier-1,COD_SHORT_REMITTANCE,5886.0,5632.0,254.0,MEDIUM,2026-09-14 22:10:12.726074
AWB102413,BATCH-B,Bluedart,M-017,Lucknow,Tier-3,WEIGHT_DISPUTE,4.56,5.44,53.0,LOW,2026-09-14 22:11:31.453814
AWB102415,BATCH-C,Shiprocket,M-001,Lucknow,Tier-3,PHANTOM_RTO_CHARGE,0.0,236.0,236.0,MEDIUM,2026-09-14 22:11:31.631484
AWB102418,BATCH-D,Kwikship,M-013,Lucknow,Tier-3,ETA_SLA_BREACH,72.0,135.3,0.0,LOW,2026-09-14 22:11:32.038362
AWB102424,BATCH-A,Delhivery,M-001,Mumbai,Tier-1,COD_SHORT_REMITTANCE,3002.0,2874.0,128.0,MEDIUM,2026-09-14 22:10:12.726074
AWB102426,BATCH-B,Bluedart,M-011,Lucknow,Tier-3,WEIGHT_DISPUTE,5.95,7.76,109.0,MEDIUM,2026-09-14 22:11:31.453814
AWB102434,BATCH-B,Delhivery,M-008,Delhi,Tier-1,COD_SHORT_REMITTANCE,3613.0,3376.0,237.0,MEDIUM,2026-09-14 22:10:12.726074
AWB102437,BATCH-D,DTDC,M-004,Pune,Tier-2,EXCESS_FORWARD_CHARGE,95.0,114.0,19.0,LOW,2026-09-14 22:11:32.127304
AWB102444,BATCH-D,Kwikship,M-017,Jaipur,Tier-3,PHANTOM_RTO_CHARGE,0.0,102.0,102.0,MEDIUM,2026-09-14 22:11:31.631484
AWB102445,BATCH-A,Bluedart,M-009,Pune,Tier-2,PHANTOM_RTO_CHARGE,0.0,154.0,154.0,MEDIUM,2026-09-14 22:11:31.631484
AWB102459,BATCH-A,Delhivery,M-010,Jaipur,Tier-3,COD_SHORT_REMITTANCE,4110.0,3863.0,247.0,MEDIUM,2026-09-14 22:10:12.726074
AWB102464,BATCH-A,Bluedart,M-010,Indore,Tier-2,PHANTOM_RTO_CHARGE,0.0,109.0,109.0,MEDIUM,2026-09-14 22:11:31.631484
AWB102466,BATCH-C,Delhivery,M-010,Delhi,Tier-1,COD_SHORT_REMITTANCE,4953.0,4783.0,170.0,MEDIUM,2026-09-14 22:10:12.726074
AWB102467,BATCH-D,Kwikship,M-016,Jaipur,Tier-3,PHANTOM_RTO_CHARGE,0.0,202.0,202.0,MEDIUM,2026-09-14 22:11:31.631484
AWB102475,BATCH-C,DTDC,M-013,Jaipur,Tier-3,EXCESS_FORWARD_CHARGE,65.0,78.0,13.0,LOW,2026-09-14 22:11:32.127304
AWB102481,BATCH-B,Delhivery,M-001,Lucknow,Tier-3,PHANTOM_RTO_CHARGE,0.0,100.0,100.0,LOW,2026-09-14 22:11:31.631484
AWB102489,BATCH-B,Delhivery,M-007,Mumbai,Tier-1,COD_SHORT_REMITTANCE,4666.0,4502.0,164.0,MEDIUM,2026-09-14 22:10:12.726074
AWB102489,BATCH-B,Delhivery,M-007,Mumbai,Tier-1,PHANTOM_RTO_CHARGE,0.0,212.0,212.0,MEDIUM,2026-09-14 22:11:31.631484
AWB102491,BATCH-D,Delhivery,M-012,Delhi,Tier-1,COD_SHORT_REMITTANCE,3328.0,3176.0,152.0,MEDIUM,2026-09-14 22:10:12.726074
AWB102493,BATCH-C,DTDC,M-009,Indore,Tier-2,EXCESS_FORWARD_CHARGE,65.0,78.0,13.0,LOW,2026-09-14 22:11:32.127304
AWB102505,BATCH-B,Delhivery,M-005,Mumbai,Tier-1,PHANTOM_RTO_CHARGE,0.0,224.0,224.0,MEDIUM,2026-09-14 22:11:31.631484
AWB102506,BATCH-C,Shiprocket,M-016,Pune,Tier-2,OVERDUE_REMITTANCE,14.0,21.0,1516.0,MEDIUM,2026-09-14 22:11:31.791087
AWB102512,BATCH-B,Delhivery,M-018,Indore,Tier-2,COD_SHORT_REMITTANCE,5265.0,4943.0,322.0,MEDIUM,2026-09-14 22:10:12.726074
AWB102519,BATCH-B,DTDC,M-019,Pune,Tier-2,EXCESS_FORWARD_CHARGE,65.0,78.0,13.0,LOW,2026-09-14 22:11:32.127304
AWB102531,BATCH-C,Delhivery,M-018,Pune,Tier-2,COD_SHORT_REMITTANCE,4139.0,3968.0,171.0,MEDIUM,2026-09-14 22:10:12.726074
AWB102541,BATCH-D,Kwikship,M-015,Lucknow,Tier-3,ETA_SLA_BREACH,72.0,103.8,0.0,LOW,2026-09-14 22:11:32.038362
AWB102543,BATCH-D,Shiprocket,M-002,Lucknow,Tier-3,PHANTOM_RTO_CHARGE,0.0,105.0,105.0,MEDIUM,2026-09-14 22:11:31.631484
AWB102547,BATCH-A,Bluedart,M-019,Jaipur,Tier-3,WEIGHT_DISPUTE,7.4,9.0,96.0,LOW,2026-09-14 22:11:31.453814
AWB102550,BATCH-A,DTDC,M-012,Indore,Tier-2,EXCESS_FORWARD_CHARGE,95.0,114.0,19.0,LOW,2026-09-14 22:11:32.127304
AWB102553,BATCH-D,DTDC,M-003,Indore,Tier-2,EXCESS_FORWARD_CHARGE,95.0,114.0,19.0,LOW,2026-09-14 22:11:32.127304
AWB102558,BATCH-A,Kwikship,M-016,Delhi,Tier-1,PHANTOM_RTO_CHARGE,0.0,180.0,180.0,MEDIUM,2026-09-14 22:11:31.631484
AWB102560,BATCH-A,Shiprocket,M-001,Pune,Tier-2,OVERDUE_REMITTANCE,14.0,19.0,5860.0,MEDIUM,2026-09-14 22:11:31.791087
AWB102562,BATCH-A,Shiprocket,M-005,Jaipur,Tier-3,OVERDUE_REMITTANCE,14.0,24.0,4142.0,MEDIUM,2026-09-14 22:11:31.791087
AWB102566,BATCH-D,Shiprocket,M-018,Mumbai,Tier-1,PHANTOM_RTO_CHARGE,0.0,217.0,217.0,MEDIUM,2026-09-14 22:11:31.631484
AWB102567,BATCH-D,Shiprocket,M-001,Delhi,Tier-1,OVERDUE_REMITTANCE,14.0,23.0,0.0,MEDIUM,2026-09-14 22:11:31.791087
AWB102570,BATCH-B,Bluedart,M-018,Jaipur,Tier-3,WEIGHT_DISPUTE,1.39,1.8,24.0,LOW,2026-09-14 22:11:31.453814
AWB102574,BATCH-B,Kwikship,M-001,Pune,Tier-2,PHANTOM_RTO_CHARGE,0.0,100.0,100.0,LOW,2026-09-14 22:11:31.631484
AWB102575,BATCH-B,Bluedart,M-002,Lucknow,Tier-3,WEIGHT_DISPUTE,2.87,3.46,36.0,LOW,2026-09-14 22:11:31.453814
AWB102580,BATCH-C,Kwikship,M-017,Lucknow,Tier-3,ETA_SLA_BREACH,72.0,104.9,0.0,LOW,2026-09-14 22:11:32.038362
AWB102585,BATCH-D,DTDC,M-009,Mumbai,Tier-1,EXCESS_FORWARD_CHARGE,95.0,114.0,19.0,LOW,2026-09-14 22:11:32.127304
AWB102591,BATCH-C,Delhivery,M-005,Lucknow,Tier-3,DUPLICATE_SETTLEMENT,1.0,2.0,0.0,HIGH,2026-09-14 22:11:31.913657
AWB102591,BATCH-DUP,Delhivery,M-005,Lucknow,Tier-3,DUPLICATE_SETTLEMENT,1.0,2.0,0.0,HIGH,2026-09-14 22:11:31.913657
AWB102593,BATCH-D,DTDC,M-013,Mumbai,Tier-1,PHANTOM_RTO_CHARGE,0.0,146.0,146.0,MEDIUM,2026-09-14 22:11:31.631484
AWB102594,BATCH-B,Shiprocket,M-007,Indore,Tier-2,OVERDUE_REMITTANCE,14.0,27.0,2829.0,MEDIUM,2026-09-14 22:11:31.791087
AWB102596,BATCH-C,Delhivery,M-019,Pune,Tier-2,COD_SHORT_REMITTANCE,5869.0,5471.0,398.0,MEDIUM,2026-09-14 22:10:12.726074
AWB102597,BATCH-A,Bluedart,M-008,Lucknow,Tier-3,WEIGHT_DISPUTE,2.66,3.38,43.0,LOW,2026-09-14 22:11:31.453814
AWB102601,BATCH-D,DTDC,M-005,Indore,Tier-2,EXCESS_FORWARD_CHARGE,95.0,114.0,19.0,LOW,2026-09-14 22:11:32.127304
AWB102602,BATCH-D,Delhivery,M-020,Delhi,Tier-1,COD_SHORT_REMITTANCE,5188.0,4799.0,389.0,MEDIUM,2026-09-14 22:10:12.726074
AWB102603,BATCH-C,DTDC,M-017,Lucknow,Tier-3,EXCESS_FORWARD_CHARGE,65.0,78.0,13.0,LOW,2026-09-14 22:11:32.127304
AWB102605,BATCH-B,DTDC,M-005,Indore,Tier-2,EXCESS_FORWARD_CHARGE,95.0,114.0,19.0,LOW,2026-09-14 22:11:32.127304
AWB102609,BATCH-D,Bluedart,M-008,Jaipur,Tier-3,WEIGHT_DISPUTE,1.85,2.39,33.0,LOW,2026-09-14 22:11:31.453814
AWB102613,BATCH-C,Delhivery,M-012,Mumbai,Tier-1,COD_SHORT_REMITTANCE,5630.0,5332.0,298.0,MEDIUM,2026-09-14 22:10:12.726074
AWB102618,BATCH-D,Kwikship,M-015,Jaipur,Tier-3,ETA_SLA_BREACH,72.0,126.5,0.0,LOW,2026-09-14 22:11:32.038362
AWB102627,BATCH-D,Kwikship,M-001,Lucknow,Tier-3,ETA_SLA_BREACH,72.0,121.8,0.0,LOW,2026-09-14 22:11:32.038362
AWB102631,BATCH-C,Kwikship,M-010,Jaipur,Tier-3,ETA_SLA_BREACH,72.0,114.4,0.0,LOW,2026-09-14 22:11:32.038362
AWB102632,BATCH-B,Delhivery,M-012,Indore,Tier-2,COD_SHORT_REMITTANCE,5504.0,5274.0,230.0,MEDIUM,2026-09-14 22:10:12.726074
AWB102633,BATCH-B,DTDC,M-018,Delhi,Tier-1,EXCESS_FORWARD_CHARGE,95.0,114.0,19.0,LOW,2026-09-14 22:11:32.127304
AWB102634,BATCH-C,Delhivery,M-016,Mumbai,Tier-1,PHANTOM_RTO_CHARGE,0.0,207.0,207.0,MEDIUM,2026-09-14 22:11:31.631484
AWB102635,BATCH-D,DTDC,M-013,Lucknow,Tier-3,EXCESS_FORWARD_CHARGE,65.0,78.0,13.0,LOW,2026-09-14 22:11:32.127304
AWB102638,BATCH-D,Shiprocket,M-018,Jaipur,Tier-3,DUPLICATE_SETTLEMENT,1.0,2.0,0.0,HIGH,2026-09-14 22:11:31.913657
AWB102638,BATCH-DUP,Shiprocket,M-018,Jaipur,Tier-3,DUPLICATE_SETTLEMENT,1.0,2.0,0.0,HIGH,2026-09-14 22:11:31.913657
AWB102642,BATCH-A,DTDC,M-013,Delhi,Tier-1,EXCESS_FORWARD_CHARGE,42.0,50.0,8.0,LOW,2026-09-14 22:11:32.127304
AWB102647,BATCH-D,DTDC,M-012,Mumbai,Tier-1,EXCESS_FORWARD_CHARGE,95.0,114.0,19.0,LOW,2026-09-14 22:11:32.127304
AWB102647,BATCH-D,DTDC,M-012,Mumbai,Tier-1,PHANTOM_RTO_CHARGE,0.0,148.0,148.0,MEDIUM,2026-09-14 22:11:31.631484
AWB102649,BATCH-D,Kwikship,M-005,Jaipur,Tier-3,PHANTOM_RTO_CHARGE,0.0,232.0,232.0,MEDIUM,2026-09-14 22:11:31.631484
AWB102656,BATCH-C,Delhivery,M-016,Delhi,Tier-1,COD_SHORT_REMITTANCE,3298.0,3123.0,175.0,MEDIUM,2026-09-14 22:10:12.726074
AWB102661,BATCH-B,Delhivery,M-007,Lucknow,Tier-3,COD_SHORT_REMITTANCE,5399.0,5007.0,392.0,MEDIUM,2026-09-14 22:10:12.726074
AWB102662,BATCH-C,Delhivery,M-019,Mumbai,Tier-1,COD_SHORT_REMITTANCE,5017.0,4652.0,365.0,MEDIUM,2026-09-14 22:10:12.726074
AWB102662,BATCH-C,Delhivery,M-019,Mumbai,Tier-1,PHANTOM_RTO_CHARGE,0.0,115.0,115.0,MEDIUM,2026-09-14 22:11:31.631484
AWB102665,BATCH-D,DTDC,M-015,Indore,Tier-2,EXCESS_FORWARD_CHARGE,95.0,114.0,19.0,LOW,2026-09-14 22:11:32.127304
AWB102670,BATCH-B,Delhivery,M-008,Pune,Tier-2,COD_SHORT_REMITTANCE,5646.0,5326.0,320.0,MEDIUM,2026-09-14 22:10:12.726074
AWB102679,BATCH-C,DTDC,M-016,Pune,Tier-2,EXCESS_FORWARD_CHARGE,65.0,78.0,13.0,LOW,2026-09-14 22:11:32.127304
AWB102680,BATCH-A,Bluedart,M-004,Lucknow,Tier-3,WEIGHT_DISPUTE,7.4,9.52,127.0,MEDIUM,2026-09-14 22:11:31.453814
AWB102690,BATCH-A,Shiprocket,M-006,Lucknow,Tier-3,OVERDUE_REMITTANCE,14.0,19.0,0.0,MEDIUM,2026-09-14 22:11:31.791087
AWB102690,BATCH-A,Shiprocket,M-006,Lucknow,Tier-3,PHANTOM_RTO_CHARGE,0.0,129.0,129.0,MEDIUM,2026-09-14 22:11:31.631484
AWB102692,BATCH-B,DTDC,M-004,Pune,Tier-2,EXCESS_FORWARD_CHARGE,65.0,78.0,13.0,LOW,2026-09-14 22:11:32.127304
AWB102704,BATCH-D,Shiprocket,M-006,Delhi,Tier-1,PHANTOM_RTO_CHARGE,0.0,126.0,126.0,MEDIUM,2026-09-14 22:11:31.631484
AWB102707,BATCH-C,Bluedart,M-002,Lucknow,Tier-3,WEIGHT_DISPUTE,4.67,5.84,71.0,LOW,2026-09-14 22:11:31.453814
AWB102712,BATCH-A,DTDC,M-007,Delhi,Tier-1,EXCESS_FORWARD_CHARGE,65.0,78.0,13.0,LOW,2026-09-14 22:11:32.127304
AWB102716,BATCH-D,Delhivery,M-020,Delhi,Tier-1,COD_SHORT_REMITTANCE,5050.0,4859.0,191.0,MEDIUM,2026-09-14 22:10:12.726074
AWB102724,BATCH-B,DTDC,M-004,Delhi,Tier-1,EXCESS_FORWARD_CHARGE,95.0,114.0,19.0,LOW,2026-09-14 22:11:32.127304
AWB102726,BATCH-C,Bluedart,M-011,Jaipur,Tier-3,WEIGHT_DISPUTE,6.03,7.4,82.0,LOW,2026-09-14 22:11:31.453814
AWB102729,BATCH-C,DTDC,M-016,Jaipur,Tier-3,EXCESS_FORWARD_CHARGE,95.0,114.0,19.0,LOW,2026-09-14 22:11:32.127304
AWB102736,BATCH-A,Delhivery,M-015,Jaipur,Tier-3,COD_SHORT_REMITTANCE,3422.0,3260.0,162.0,MEDIUM,2026-09-14 22:10:12.726074
AWB102737,BATCH-B,DTDC,M-017,Pune,Tier-2,EXCESS_FORWARD_CHARGE,95.0,114.0,19.0,LOW,2026-09-14 22:11:32.127304
AWB102739,BATCH-D,DTDC,M-020,Indore,Tier-2,EXCESS_FORWARD_CHARGE,95.0,114.0,19.0,LOW,2026-09-14 22:11:32.127304
AWB102747,BATCH-D,DTDC,M-009,Indore,Tier-2,EXCESS_FORWARD_CHARGE,65.0,78.0,13.0,LOW,2026-09-14 22:11:32.127304
AWB102749,BATCH-D,Bluedart,M-016,Lucknow,Tier-3,WEIGHT_DISPUTE,3.44,4.18,44.0,LOW,2026-09-14 22:11:31.453814
AWB102753,BATCH-B,Kwikship,M-007,Lucknow,Tier-3,ETA_SLA_BREACH,72.0,132.1,0.0,LOW,2026-09-14 22:11:32.038362
AWB102754,BATCH-D,Delhivery,M-010,Indore,Tier-2,COD_SHORT_REMITTANCE,3608.0,3450.0,158.0,MEDIUM,2026-09-14 22:10:12.726074
AWB102757,BATCH-A,Bluedart,M-020,Jaipur,Tier-3,WEIGHT_DISPUTE,7.4,9.51,127.0,MEDIUM,2026-09-14 22:11:31.453814
AWB102768,BATCH-C,DTDC,M-010,Jaipur,Tier-3,EXCESS_FORWARD_CHARGE,95.0,114.0,19.0,LOW,2026-09-14 22:11:32.127304
AWB102770,BATCH-B,DTDC,M-018,Delhi,Tier-1,PHANTOM_RTO_CHARGE,0.0,111.0,111.0,MEDIUM,2026-09-14 22:11:31.631484
AWB102772,BATCH-D,Bluedart,M-003,Lucknow,Tier-3,WEIGHT_DISPUTE,2.51,3.0,30.0,LOW,2026-09-14 22:11:31.453814
AWB102774,BATCH-C,Delhivery,M-008,Delhi,Tier-1,COD_SHORT_REMITTANCE,5842.0,5512.0,330.0,MEDIUM,2026-09-14 22:10:12.726074
AWB102777,BATCH-A,Bluedart,M-007,Lucknow,Tier-3,WEIGHT_DISPUTE,0.54,0.64,6.0,LOW,2026-09-14 22:11:31.453814
AWB102779,BATCH-A,Delhivery,M-005,Delhi,Tier-1,PHANTOM_RTO_CHARGE,0.0,149.0,149.0,MEDIUM,2026-09-14 22:11:31.631484
AWB102780,BATCH-B,Kwikship,M-017,Pune,Tier-2,PHANTOM_RTO_CHARGE,0.0,128.0,128.0,MEDIUM,2026-09-14 22:11:31.631484
AWB102784,BATCH-B,DTDC,M-019,Pune,Tier-2,EXCESS_FORWARD_CHARGE,95.0,114.0,19.0,LOW,2026-09-14 22:11:32.127304
AWB102787,BATCH-B,DTDC,M-014,Indore,Tier-2,PHANTOM_RTO_CHARGE,0.0,238.0,238.0,MEDIUM,2026-09-14 22:11:31.631484
AWB102788,BATCH-B,Bluedart,M-013,Delhi,Tier-1,PHANTOM_RTO_CHARGE,0.0,123.0,123.0,MEDIUM,2026-09-14 22:11:31.631484
AWB102790,BATCH-A,Shiprocket,M-008,Pune,Tier-2,PHANTOM_RTO_CHARGE,0.0,248.0,248.0,MEDIUM,2026-09-14 22:11:31.631484
AWB102791,BATCH-A,Kwikship,M-001,Delhi,Tier-1,PHANTOM_RTO_CHARGE,0.0,179.0,179.0,MEDIUM,2026-09-14 22:11:31.631484
AWB102793,BATCH-C,Bluedart,M-006,Pune,Tier-2,PHANTOM_RTO_CHARGE,0.0,206.0,206.0,MEDIUM,2026-09-14 22:11:31.631484
AWB102795,BATCH-A,Bluedart,M-017,Delhi,Tier-1,PHANTOM_RTO_CHARGE,0.0,188.0,188.0,MEDIUM,2026-09-14 22:11:31.631484
AWB102798,BATCH-C,DTDC,M-013,Delhi,Tier-1,EXCESS_FORWARD_CHARGE,95.0,114.0,19.0,LOW,2026-09-14 22:11:32.127304
AWB102803,BATCH-D,Shiprocket,M-012,Indore,Tier-2,OVERDUE_REMITTANCE,14.0,19.0,0.0,MEDIUM,2026-09-14 22:11:31.791087
AWB102807,BATCH-A,DTDC,M-001,Jaipur,Tier-3,EXCESS_FORWARD_CHARGE,95.0,114.0,19.0,LOW,2026-09-14 22:11:32.127304
AWB102816,BATCH-D,Delhivery,M-008,Jaipur,Tier-3,COD_SHORT_REMITTANCE,4474.0,4316.0,158.0,MEDIUM,2026-09-14 22:10:12.726074
AWB102817,BATCH-A,DTDC,M-016,Jaipur,Tier-3,PHANTOM_RTO_CHARGE,0.0,114.0,114.0,MEDIUM,2026-09-14 22:11:31.631484
AWB102820,BATCH-C,Kwikship,M-009,Jaipur,Tier-3,ETA_SLA_BREACH,72.0,115.1,0.0,LOW,2026-09-14 22:11:32.038362
AWB102826,BATCH-B,Shiprocket,M-017,Indore,Tier-2,OVERDUE_REMITTANCE,14.0,24.0,0.0,MEDIUM,2026-09-14 22:11:31.791087
AWB102827,BATCH-C,Shiprocket,M-018,Mumbai,Tier-1,PHANTOM_RTO_CHARGE,0.0,208.0,208.0,MEDIUM,2026-09-14 22:11:31.631484
AWB102831,BATCH-C,Bluedart,M-001,Jaipur,Tier-3,WEIGHT_DISPUTE,3.98,5.11,68.0,LOW,2026-09-14 22:11:31.453814
AWB102833,BATCH-A,Delhivery,M-018,Delhi,Tier-1,COD_SHORT_REMITTANCE,4586.0,4407.0,179.0,MEDIUM,2026-09-14 22:10:12.726074
AWB102838,BATCH-A,Kwikship,M-017,Jaipur,Tier-3,ETA_SLA_BREACH,72.0,104.8,0.0,LOW,2026-09-14 22:11:32.038362
AWB102840,BATCH-A,Shiprocket,M-007,Delhi,Tier-1,PHANTOM_RTO_CHARGE,0.0,193.0,193.0,MEDIUM,2026-09-14 22:11:31.631484
AWB102843,BATCH-D,Kwikship,M-004,Lucknow,Tier-3,ETA_SLA_BREACH,72.0,139.8,0.0,LOW,2026-09-14 22:11:32.038362
AWB102848,BATCH-C,Bluedart,M-003,Pune,Tier-2,DUPLICATE_SETTLEMENT,1.0,2.0,1126.0,HIGH,2026-09-14 22:11:31.913657
AWB102848,BATCH-DUP,Bluedart,M-003,Pune,Tier-2,DUPLICATE_SETTLEMENT,1.0,2.0,1126.0,HIGH,2026-09-14 22:11:31.913657
AWB102849,BATCH-D,Delhivery,M-016,Lucknow,Tier-3,COD_SHORT_REMITTANCE,3176.0,3016.0,160.0,MEDIUM,2026-09-14 22:10:12.726074
AWB102857,BATCH-D,DTDC,M-006,Indore,Tier-2,EXCESS_FORWARD_CHARGE,65.0,78.0,13.0,LOW,2026-09-14 22:11:32.127304
AWB102863,BATCH-D,DTDC,M-004,Pune,Tier-2,EXCESS_FORWARD_CHARGE,95.0,114.0,19.0,LOW,2026-09-14 22:11:32.127304
AWB102873,BATCH-C,Bluedart,M-015,Lucknow,Tier-3,WEIGHT_DISPUTE,6.67,8.79,127.0,MEDIUM,2026-09-14 22:11:31.453814
AWB102876,BATCH-A,Delhivery,M-020,Pune,Tier-2,COD_SHORT_REMITTANCE,3992.0,3850.0,142.0,MEDIUM,2026-09-14 22:10:12.726074
AWB102878,BATCH-B,Bluedart,M-016,Indore,Tier-2,PHANTOM_RTO_CHARGE,0.0,179.0,179.0,MEDIUM,2026-09-14 22:11:31.631484
AWB102882,BATCH-D,Bluedart,M-019,Lucknow,Tier-3,PHANTOM_RTO_CHARGE,0.0,211.0,211.0,MEDIUM,2026-09-14 22:11:31.631484
AWB102883,BATCH-D,Bluedart,M-019,Delhi,Tier-1,PHANTOM_RTO_CHARGE,0.0,112.0,112.0,MEDIUM,2026-09-14 22:11:31.631484
AWB102893,BATCH-C,Bluedart,M-009,Jaipur,Tier-3,WEIGHT_DISPUTE,4.61,6.05,87.0,LOW,2026-09-14 22:11:31.453814
AWB102894,BATCH-B,DTDC,M-017,Pune,Tier-2,EXCESS_FORWARD_CHARGE,95.0,114.0,19.0,LOW,2026-09-14 22:11:32.127304
AWB102902,BATCH-C,DTDC,M-017,Mumbai,Tier-1,EXCESS_FORWARD_CHARGE,95.0,114.0,19.0,LOW,2026-09-14 22:11:32.127304
AWB102910,BATCH-A,Delhivery,M-008,Mumbai,Tier-1,COD_SHORT_REMITTANCE,5501.0,5232.0,269.0,MEDIUM,2026-09-14 22:10:12.726074
AWB102912,BATCH-C,Delhivery,M-014,Indore,Tier-2,COD_SHORT_REMITTANCE,5447.0,5202.0,245.0,MEDIUM,2026-09-14 22:10:12.726074
AWB102914,BATCH-B,Shiprocket,M-004,Lucknow,Tier-3,OVERDUE_REMITTANCE,14.0,23.0,0.0,MEDIUM,2026-09-14 22:11:31.791087
AWB102921,BATCH-C,Bluedart,M-002,Lucknow,Tier-3,WEIGHT_DISPUTE,3.19,4.13,56.0,LOW,2026-09-14 22:11:31.453814
AWB102928,BATCH-B,DTDC,M-020,Indore,Tier-2,EXCESS_FORWARD_CHARGE,95.0,114.0,19.0,LOW,2026-09-14 22:11:32.127304
AWB102929,BATCH-C,Bluedart,M-011,Lucknow,Tier-3,WEIGHT_DISPUTE,6.35,7.96,96.0,LOW,2026-09-14 22:11:31.453814
AWB102931,BATCH-A,DTDC,M-002,Indore,Tier-2,PHANTOM_RTO_CHARGE,0.0,133.0,133.0,MEDIUM,2026-09-14 22:11:31.631484
AWB102935,BATCH-D,DTDC,M-010,Indore,Tier-2,PHANTOM_RTO_CHARGE,0.0,242.0,242.0,MEDIUM,2026-09-14 22:11:31.631484
AWB102940,BATCH-C,DTDC,M-014,Delhi,Tier-1,EXCESS_FORWARD_CHARGE,95.0,114.0,19.0,LOW,2026-09-14 22:11:32.127304
AWB102942,BATCH-B,Delhivery,M-018,Indore,Tier-2,COD_SHORT_REMITTANCE,4035.0,3861.0,174.0,MEDIUM,2026-09-14 22:10:12.726074
AWB102945,BATCH-A,Kwikship,M-020,Delhi,Tier-1,PHANTOM_RTO_CHARGE,0.0,236.0,236.0,MEDIUM,2026-09-14 22:11:31.631484
AWB102947,BATCH-A,Delhivery,M-011,Pune,Tier-2,COD_SHORT_REMITTANCE,4149.0,3993.0,156.0,MEDIUM,2026-09-14 22:10:12.726074
AWB102948,BATCH-A,Shiprocket,M-003,Indore,Tier-2,OVERDUE_REMITTANCE,14.0,20.0,0.0,MEDIUM,2026-09-14 22:11:31.791087
AWB102949,BATCH-C,Delhivery,M-017,Lucknow,Tier-3,COD_SHORT_REMITTANCE,5739.0,5428.0,311.0,MEDIUM,2026-09-14 22:10:12.726074
AWB102951,BATCH-A,Shiprocket,M-007,Indore,Tier-2,PHANTOM_RTO_CHARGE,0.0,228.0,228.0,MEDIUM,2026-09-14 22:11:31.631484
AWB102963,BATCH-A,DTDC,M-005,Pune,Tier-2,PHANTOM_RTO_CHARGE,0.0,165.0,165.0,MEDIUM,2026-09-14 22:11:31.631484
AWB102967,BATCH-C,DTDC,M-014,Jaipur,Tier-3,EXCESS_FORWARD_CHARGE,65.0,78.0,13.0,LOW,2026-09-14 22:11:32.127304
AWB102972,BATCH-B,Bluedart,M-008,Lucknow,Tier-3,PHANTOM_RTO_CHARGE,0.0,189.0,189.0,MEDIUM,2026-09-14 22:11:31.631484
AWB102972,BATCH-B,Bluedart,M-008,Lucknow,Tier-3,WEIGHT_DISPUTE,7.12,9.14,121.0,MEDIUM,2026-09-14 22:11:31.453814
AWB102976,BATCH-B,DTDC,M-007,Mumbai,Tier-1,EXCESS_FORWARD_CHARGE,95.0,114.0,19.0,LOW,2026-09-14 22:11:32.127304
AWB102978,BATCH-A,Delhivery,M-005,Jaipur,Tier-3,COD_SHORT_REMITTANCE,3820.0,3690.0,130.0,MEDIUM,2026-09-14 22:10:12.726074
AWB102981,BATCH-C,DTDC,M-002,Indore,Tier-2,EXCESS_FORWARD_CHARGE,95.0,114.0,19.0,LOW,2026-09-14 22:11:32.127304
AWB102981,BATCH-C,DTDC,M-002,Indore,Tier-2,PHANTOM_RTO_CHARGE,0.0,207.0,207.0,MEDIUM,2026-09-14 22:11:31.631484
AWB102982,BATCH-D,Bluedart,M-019,Jaipur,Tier-3,WEIGHT_DISPUTE,1.6,2.02,25.0,LOW,2026-09-14 22:11:31.453814
AWB102993,BATCH-D,DTDC,M-020,Lucknow,Tier-3,EXCESS_FORWARD_CHARGE,65.0,78.0,13.0,LOW,2026-09-14 22:11:32.127304
AWB102999,BATCH-C,Kwikship,M-010,Delhi,Tier-1,PHANTOM_RTO_CHARGE,0.0,168.0,168.0,MEDIUM,2026-09-14 22:11:31.631484
AWB103000,BATCH-D,Delhivery,M-007,Lucknow,Tier-3,COD_SHORT_REMITTANCE,3328.0,3062.0,266.0,MEDIUM,2026-09-14 22:10:12.726074
AWB103002,BATCH-B,Delhivery,M-010,Mumbai,Tier-1,COD_SHORT_REMITTANCE,4969.0,4580.0,389.0,MEDIUM,2026-09-14 22:10:12.726074
AWB103004,BATCH-C,Delhivery,M-002,Mumbai,Tier-1,PHANTOM_RTO_CHARGE,0.0,172.0,172.0,MEDIUM,2026-09-14 22:11:31.631484
AWB103015,BATCH-C,DTDC,M-017,Jaipur,Tier-3,EXCESS_FORWARD_CHARGE,95.0,114.0,19.0,LOW,2026-09-14 22:11:32.127304
AWB103021,BATCH-A,Delhivery,M-006,Indore,Tier-2,COD_SHORT_REMITTANCE,4106.0,3872.0,234.0,MEDIUM,2026-09-14 22:10:12.726074
AWB103022,BATCH-B,Shiprocket,M-009,Lucknow,Tier-3,OVERDUE_REMITTANCE,14.0,26.0,5755.0,MEDIUM,2026-09-14 22:11:31.791087
AWB103027,BATCH-C,Shiprocket,M-008,Delhi,Tier-1,PHANTOM_RTO_CHARGE,0.0,153.0,153.0,MEDIUM,2026-09-14 22:11:31.631484
AWB103039,BATCH-B,Delhivery,M-014,Indore,Tier-2,PHANTOM_RTO_CHARGE,0.0,205.0,205.0,MEDIUM,2026-09-14 22:11:31.631484
AWB103042,BATCH-D,Bluedart,M-007,Jaipur,Tier-3,WEIGHT_DISPUTE,4.81,5.95,69.0,LOW,2026-09-14 22:11:31.453814
AWB103046,BATCH-A,DTDC,M-014,Jaipur,Tier-3,EXCESS_FORWARD_CHARGE,95.0,114.0,19.0,LOW,2026-09-14 22:11:32.127304
AWB103059,BATCH-A,Kwikship,M-020,Jaipur,Tier-3,PHANTOM_RTO_CHARGE,0.0,106.0,106.0,MEDIUM,2026-09-14 22:11:31.631484
AWB103060,BATCH-D,Delhivery,M-002,Lucknow,Tier-3,COD_SHORT_REMITTANCE,5934.0,5571.0,363.0,MEDIUM,2026-09-14 22:10:12.726074
AWB103062,BATCH-C,Bluedart,M-018,Lucknow,Tier-3,WEIGHT_DISPUTE,5.4,6.75,81.0,LOW,2026-09-14 22:11:31.453814
AWB103064,BATCH-C,Delhivery,M-001,Jaipur,Tier-3,DUPLICATE_SETTLEMENT,1.0,2.0,1934.0,HIGH,2026-09-14 22:11:31.913657
AWB103064,BATCH-DUP,Delhivery,M-001,Jaipur,Tier-3,DUPLICATE_SETTLEMENT,1.0,2.0,1934.0,HIGH,2026-09-14 22:11:31.913657
AWB103066,BATCH-D,DTDC,M-006,Indore,Tier-2,EXCESS_FORWARD_CHARGE,65.0,78.0,13.0,LOW,2026-09-14 22:11:32.127304
AWB103069,BATCH-D,DTDC,M-017,Indore,Tier-2,PHANTOM_RTO_CHARGE,0.0,177.0,177.0,MEDIUM,2026-09-14 22:11:31.631484
AWB103073,BATCH-D,Delhivery,M-015,Jaipur,Tier-3,COD_SHORT_REMITTANCE,4030.0,3886.0,144.0,MEDIUM,2026-09-14 22:10:12.726074
AWB103074,BATCH-A,Delhivery,M-005,Pune,Tier-2,COD_SHORT_REMITTANCE,3081.0,2895.0,186.0,MEDIUM,2026-09-14 22:10:12.726074
AWB103077,BATCH-A,DTDC,M-002,Pune,Tier-2,EXCESS_FORWARD_CHARGE,95.0,114.0,19.0,LOW,2026-09-14 22:11:32.127304
AWB103080,BATCH-C,DTDC,M-003,Jaipur,Tier-3,PHANTOM_RTO_CHARGE,0.0,158.0,158.0,MEDIUM,2026-09-14 22:11:31.631484
AWB103085,BATCH-D,Shiprocket,M-015,Pune,Tier-2,PHANTOM_RTO_CHARGE,0.0,165.0,165.0,MEDIUM,2026-09-14 22:11:31.631484
AWB103086,BATCH-A,DTDC,M-012,Jaipur,Tier-3,EXCESS_FORWARD_CHARGE,65.0,78.0,13.0,LOW,2026-09-14 22:11:32.127304
AWB103089,BATCH-D,Kwikship,M-010,Jaipur,Tier-3,ETA_SLA_BREACH,72.0,123.6,0.0,LOW,2026-09-14 22:11:32.038362
AWB103092,BATCH-D,Bluedart,M-020,Jaipur,Tier-3,WEIGHT_DISPUTE,5.85,7.37,91.0,LOW,2026-09-14 22:11:31.453814
AWB103094,BATCH-A,Kwikship,M-010,Mumbai,Tier-1,DUPLICATE_SETTLEMENT,1.0,2.0,0.0,HIGH,2026-09-14 22:11:31.913657
AWB103094,BATCH-DUP,Kwikship,M-010,Mumbai,Tier-1,DUPLICATE_SETTLEMENT,1.0,2.0,0.0,HIGH,2026-09-14 22:11:31.913657
AWB103101,BATCH-C,Delhivery,M-012,Delhi,Tier-1,COD_SHORT_REMITTANCE,5356.0,5170.0,186.0,MEDIUM,2026-09-14 22:10:12.726074
AWB103107,BATCH-B,Shiprocket,M-013,Mumbai,Tier-1,PHANTOM_RTO_CHARGE,0.0,238.0,238.0,MEDIUM,2026-09-14 22:11:31.631484
AWB103108,BATCH-D,Bluedart,M-010,Delhi,Tier-1,PHANTOM_RTO_CHARGE,0.0,233.0,233.0,MEDIUM,2026-09-14 22:11:31.631484
AWB103112,BATCH-C,DTDC,M-017,Jaipur,Tier-3,EXCESS_FORWARD_CHARGE,95.0,114.0,19.0,LOW,2026-09-14 22:11:32.127304
AWB103114,BATCH-D,Shiprocket,M-014,Mumbai,Tier-1,PHANTOM_RTO_CHARGE,0.0,117.0,117.0,MEDIUM,2026-09-14 22:11:31.631484
AWB103117,BATCH-D,Shiprocket,M-012,Lucknow,Tier-3,PHANTOM_RTO_CHARGE,0.0,205.0,205.0,MEDIUM,2026-09-14 22:11:31.631484
AWB103119,BATCH-A,Bluedart,M-005,Jaipur,Tier-3,PHANTOM_RTO_CHARGE,0.0,159.0,159.0,MEDIUM,2026-09-14 22:11:31.631484
AWB103122,BATCH-A,Bluedart,M-005,Lucknow,Tier-3,WEIGHT_DISPUTE,5.76,6.87,67.0,LOW,2026-09-14 22:11:31.453814
AWB103128,BATCH-B,DTDC,M-011,Lucknow,Tier-3,EXCESS_FORWARD_CHARGE,95.0,114.0,19.0,LOW,2026-09-14 22:11:32.127304
AWB103132,BATCH-C,DTDC,M-008,Mumbai,Tier-1,PHANTOM_RTO_CHARGE,0.0,162.0,162.0,MEDIUM,2026-09-14 22:11:31.631484
AWB103134,BATCH-D,Kwikship,M-013,Jaipur,Tier-3,ETA_SLA_BREACH,72.0,104.2,0.0,LOW,2026-09-14 22:11:32.038362
AWB103141,BATCH-B,Bluedart,M-005,Jaipur,Tier-3,WEIGHT_DISPUTE,7.69,9.09,84.0,LOW,2026-09-14 22:11:31.453814
AWB103143,BATCH-C,Bluedart,M-013,Lucknow,Tier-3,WEIGHT_DISPUTE,2.22,2.66,26.0,LOW,2026-09-14 22:11:31.453814
AWB103144,BATCH-D,Shiprocket,M-008,Indore,Tier-2,OVERDUE_REMITTANCE,14.0,27.0,1006.0,MEDIUM,2026-09-14 22:11:31.791087
AWB103148,BATCH-A,DTDC,M-001,Indore,Tier-2,EXCESS_FORWARD_CHARGE,95.0,114.0,19.0,LOW,2026-09-14 22:11:32.127304
AWB103148,BATCH-A,DTDC,M-001,Indore,Tier-2,PHANTOM_RTO_CHARGE,0.0,111.0,111.0,MEDIUM,2026-09-14 22:11:31.631484
AWB103149,BATCH-C,DTDC,M-017,Lucknow,Tier-3,PHANTOM_RTO_CHARGE,0.0,147.0,147.0,MEDIUM,2026-09-14 22:11:31.631484
AWB103151,BATCH-A,Kwikship,M-012,Lucknow,Tier-3,ETA_SLA_BREACH,72.0,126.8,0.0,LOW,2026-09-14 22:11:32.038362
AWB103160,BATCH-C,Bluedart,M-019,Delhi,Tier-1,PHANTOM_RTO_CHARGE,0.0,209.0,209.0,MEDIUM,2026-09-14 22:11:31.631484
AWB103169,BATCH-C,Delhivery,M-020,Mumbai,Tier-1,COD_SHORT_REMITTANCE,3569.0,3398.0,171.0,MEDIUM,2026-09-14 22:10:12.726074
AWB103173,BATCH-B,DTDC,M-017,Lucknow,Tier-3,EXCESS_FORWARD_CHARGE,95.0,114.0,19.0,LOW,2026-09-14 22:11:32.127304
AWB103180,BATCH-D,Shiprocket,M-011,Delhi,Tier-1,PHANTOM_RTO_CHARGE,0.0,126.0,126.0,MEDIUM,2026-09-14 22:11:31.631484
AWB103182,BATCH-C,Delhivery,M-001,Pune,Tier-2,COD_SHORT_REMITTANCE,4813.0,4462.0,351.0,MEDIUM,2026-09-14 22:10:12.726074
AWB103184,BATCH-C,Delhivery,M-001,Indore,Tier-2,COD_SHORT_REMITTANCE,4164.0,3948.0,216.0,MEDIUM,2026-09-14 22:10:12.726074
AWB103186,BATCH-A,DTDC,M-008,Mumbai,Tier-1,EXCESS_FORWARD_CHARGE,95.0,114.0,19.0,LOW,2026-09-14 22:11:32.127304
AWB103187,BATCH-C,DTDC,M-011,Pune,Tier-2,EXCESS_FORWARD_CHARGE,95.0,114.0,19.0,LOW,2026-09-14 22:11:32.127304
AWB103194,BATCH-D,DTDC,M-004,Jaipur,Tier-3,EXCESS_FORWARD_CHARGE,95.0,114.0,19.0,LOW,2026-09-14 22:11:32.127304
AWB103199,BATCH-D,Bluedart,M-018,Jaipur,Tier-3,PHANTOM_RTO_CHARGE,0.0,165.0,165.0,MEDIUM,2026-09-14 22:11:31.631484
AWB103199,BATCH-D,Bluedart,M-018,Jaipur,Tier-3,WEIGHT_DISPUTE,6.75,8.46,103.0,MEDIUM,2026-09-14 22:11:31.453814
AWB103205,BATCH-B,Delhivery,M-006,Lucknow,Tier-3,COD_SHORT_REMITTANCE,4979.0,4604.0,375.0,MEDIUM,2026-09-14 22:10:12.726074
AWB103212,BATCH-B,Bluedart,M-020,Lucknow,Tier-3,WEIGHT_DISPUTE,2.73,3.51,47.0,LOW,2026-09-14 22:11:31.453814
AWB103227,BATCH-C,Bluedart,M-020,Jaipur,Tier-3,WEIGHT_DISPUTE,6.31,8.29,119.0,MEDIUM,2026-09-14 22:11:31.453814
AWB103229,BATCH-B,Shiprocket,M-014,Delhi,Tier-1,OVERDUE_REMITTANCE,14.0,27.0,0.0,MEDIUM,2026-09-14 22:11:31.791087
AWB103229,BATCH-B,Shiprocket,M-014,Delhi,Tier-1,PHANTOM_RTO_CHARGE,0.0,190.0,190.0,MEDIUM,2026-09-14 22:11:31.631484
AWB103245,BATCH-B,Shiprocket,M-011,Mumbai,Tier-1,DUPLICATE_SETTLEMENT,1.0,2.0,0.0,HIGH,2026-09-14 22:11:31.913657
AWB103245,BATCH-B,Shiprocket,M-011,Mumbai,Tier-1,PHANTOM_RTO_CHARGE,0.0,195.0,195.0,MEDIUM,2026-09-14 22:11:31.631484
AWB103245,BATCH-DUP,Shiprocket,M-011,Mumbai,Tier-1,DUPLICATE_SETTLEMENT,1.0,2.0,0.0,HIGH,2026-09-14 22:11:31.913657
AWB103245,BATCH-DUP,Shiprocket,M-011,Mumbai,Tier-1,PHANTOM_RTO_CHARGE,0.0,195.0,195.0,MEDIUM,2026-09-14 22:11:31.631484
AWB103246,BATCH-C,Bluedart,M-016,Lucknow,Tier-3,WEIGHT_DISPUTE,3.85,4.91,63.0,LOW,2026-09-14 22:11:31.453814
AWB103255,BATCH-A,DTDC,M-020,Delhi,Tier-1,EXCESS_FORWARD_CHARGE,95.0,114.0,19.0,LOW,2026-09-14 22:11:32.127304
AWB103260,BATCH-D,Delhivery,M-017,Mumbai,Tier-1,COD_SHORT_REMITTANCE,5294.0,5006.0,288.0,MEDIUM,2026-09-14 22:10:12.726074
AWB103267,BATCH-A,Kwikship,M-002,Lucknow,Tier-3,ETA_SLA_BREACH,72.0,133.1,0.0,LOW,2026-09-14 22:11:32.038362
AWB103270,BATCH-C,Delhivery,M-002,Lucknow,Tier-3,PHANTOM_RTO_CHARGE,0.0,118.0,118.0,MEDIUM,2026-09-14 22:11:31.631484
AWB103273,BATCH-D,Shiprocket,M-013,Pune,Tier-2,OVERDUE_REMITTANCE,14.0,27.0,2565.0,MEDIUM,2026-09-14 22:11:31.791087
AWB103281,BATCH-D,DTDC,M-001,Pune,Tier-2,PHANTOM_RTO_CHARGE,0.0,225.0,225.0,MEDIUM,2026-09-14 22:11:31.631484
AWB103282,BATCH-B,DTDC,M-001,Jaipur,Tier-3,EXCESS_FORWARD_CHARGE,42.0,50.0,8.0,LOW,2026-09-14 22:11:32.127304
AWB103284,BATCH-B,Delhivery,M-018,Delhi,Tier-1,DUPLICATE_SETTLEMENT,1.0,2.0,3397.0,HIGH,2026-09-14 22:11:31.913657
AWB103284,BATCH-DUP,Delhivery,M-018,Delhi,Tier-1,DUPLICATE_SETTLEMENT,1.0,2.0,3397.0,HIGH,2026-09-14 22:11:31.913657
AWB103297,BATCH-C,Bluedart,M-002,Lucknow,Tier-3,WEIGHT_DISPUTE,0.93,1.14,12.0,LOW,2026-09-14 22:11:31.453814
AWB103301,BATCH-A,Kwikship,M-012,Lucknow,Tier-3,ETA_SLA_BREACH,72.0,116.8,0.0,LOW,2026-09-14 22:11:32.038362
AWB103302,BATCH-D,DTDC,M-008,Delhi,Tier-1,EXCESS_FORWARD_CHARGE,95.0,114.0,19.0,LOW,2026-09-14 22:11:32.127304
AWB103305,BATCH-A,Delhivery,M-006,Delhi,Tier-1,COD_SHORT_REMITTANCE,5918.0,5550.0,368.0,MEDIUM,2026-09-14 22:10:12.726074
AWB103323,BATCH-D,Kwikship,M-013,Mumbai,Tier-1,PHANTOM_RTO_CHARGE,0.0,197.0,197.0,MEDIUM,2026-09-14 22:11:31.631484
AWB103328,BATCH-D,Kwikship,M-018,Delhi,Tier-1,PHANTOM_RTO_CHARGE,0.0,204.0,204.0,MEDIUM,2026-09-14 22:11:31.631484
AWB103329,BATCH-C,Kwikship,M-007,Pune,Tier-2,PHANTOM_RTO_CHARGE,0.0,190.0,190.0,MEDIUM,2026-09-14 22:11:31.631484
AWB103336,BATCH-C,Kwikship,M-009,Mumbai,Tier-1,PHANTOM_RTO_CHARGE,0.0,168.0,168.0,MEDIUM,2026-09-14 22:11:31.631484
AWB103343,BATCH-B,Bluedart,M-010,Lucknow,Tier-3,WEIGHT_DISPUTE,6.64,8.42,107.0,MEDIUM,2026-09-14 22:11:31.453814
AWB103349,BATCH-A,Delhivery,M-002,Lucknow,Tier-3,COD_SHORT_REMITTANCE,3648.0,3528.0,120.0,MEDIUM,2026-09-14 22:10:12.726074
AWB103350,BATCH-B,Delhivery,M-007,Mumbai,Tier-1,PHANTOM_RTO_CHARGE,0.0,218.0,218.0,MEDIUM,2026-09-14 22:11:31.631484
AWB103357,BATCH-B,Kwikship,M-014,Lucknow,Tier-3,PHANTOM_RTO_CHARGE,0.0,120.0,120.0,MEDIUM,2026-09-14 22:11:31.631484
AWB103361,BATCH-B,Bluedart,M-015,Jaipur,Tier-3,WEIGHT_DISPUTE,8.22,9.71,89.0,LOW,2026-09-14 22:11:31.453814
AWB103362,BATCH-C,DTDC,M-011,Delhi,Tier-1,EXCESS_FORWARD_CHARGE,65.0,78.0,13.0,LOW,2026-09-14 22:11:32.127304
AWB103365,BATCH-C,Delhivery,M-003,Lucknow,Tier-3,COD_SHORT_REMITTANCE,4434.0,4196.0,238.0,MEDIUM,2026-09-14 22:10:12.726074
AWB103370,BATCH-A,Kwikship,M-019,Delhi,Tier-1,PHANTOM_RTO_CHARGE,0.0,168.0,168.0,MEDIUM,2026-09-14 22:11:31.631484
AWB103372,BATCH-D,Shiprocket,M-006,Lucknow,Tier-3,PHANTOM_RTO_CHARGE,0.0,241.0,241.0,MEDIUM,2026-09-14 22:11:31.631484
AWB103375,BATCH-D,DTDC,M-020,Indore,Tier-2,EXCESS_FORWARD_CHARGE,95.0,114.0,19.0,LOW,2026-09-14 22:11:32.127304
AWB103380,BATCH-D,Bluedart,M-003,Lucknow,Tier-3,WEIGHT_DISPUTE,0.64,0.82,11.0,LOW,2026-09-14 22:11:31.453814
AWB103384,BATCH-C,Delhivery,M-003,Indore,Tier-2,DUPLICATE_SETTLEMENT,1.0,2.0,0.0,HIGH,2026-09-14 22:11:31.913657
AWB103384,BATCH-DUP,Delhivery,M-003,Indore,Tier-2,DUPLICATE_SETTLEMENT,1.0,2.0,0.0,HIGH,2026-09-14 22:11:31.913657
AWB103392,BATCH-C,Kwikship,M-016,Lucknow,Tier-3,ETA_SLA_BREACH,72.0,114.6,0.0,LOW,2026-09-14 22:11:32.038362
AWB103399,BATCH-A,Kwikship,M-008,Jaipur,Tier-3,PHANTOM_RTO_CHARGE,0.0,183.0,183.0,MEDIUM,2026-09-14 22:11:31.631484
AWB103400,BATCH-B,Bluedart,M-003,Delhi,Tier-1,PHANTOM_RTO_CHARGE,0.0,133.0,133.0,MEDIUM,2026-09-14 22:11:31.631484
AWB103401,BATCH-D,Bluedart,M-005,Lucknow,Tier-3,WEIGHT_DISPUTE,7.1,9.01,114.0,MEDIUM,2026-09-14 22:11:31.453814
AWB103406,BATCH-B,Delhivery,M-016,Delhi,Tier-1,COD_SHORT_REMITTANCE,5092.0,4709.0,383.0,MEDIUM,2026-09-14 22:10:12.726074
AWB103407,BATCH-D,Bluedart,M-004,Lucknow,Tier-3,WEIGHT_DISPUTE,5.31,6.94,98.0,LOW,2026-09-14 22:11:31.453814
AWB103409,BATCH-C,Shiprocket,M-020,Indore,Tier-2,PHANTOM_RTO_CHARGE,0.0,179.0,179.0,MEDIUM,2026-09-14 22:11:31.631484
AWB103411,BATCH-A,Kwikship,M-002,Lucknow,Tier-3,ETA_SLA_BREACH,72.0,107.4,0.0,LOW,2026-09-14 22:11:32.038362
AWB103414,BATCH-C,Kwikship,M-009,Pune,Tier-2,PHANTOM_RTO_CHARGE,0.0,196.0,196.0,MEDIUM,2026-09-14 22:11:31.631484
AWB103419,BATCH-A,Shiprocket,M-001,Mumbai,Tier-1,OVERDUE_REMITTANCE,14.0,22.0,4951.0,MEDIUM,2026-09-14 22:11:31.791087
AWB103421,BATCH-D,Shiprocket,M-009,Mumbai,Tier-1,OVERDUE_REMITTANCE,14.0,21.0,3100.0,MEDIUM,2026-09-14 22:11:31.791087
AWB103423,BATCH-B,Shiprocket,M-004,Jaipur,Tier-3,PHANTOM_RTO_CHARGE,0.0,181.0,181.0,MEDIUM,2026-09-14 22:11:31.631484
AWB103424,BATCH-A,Kwikship,M-003,Lucknow,Tier-3,ETA_SLA_BREACH,72.0,107.4,0.0,LOW,2026-09-14 22:11:32.038362
AWB103429,BATCH-D,DTDC,M-008,Indore,Tier-2,EXCESS_FORWARD_CHARGE,65.0,78.0,13.0,LOW,2026-09-14 22:11:32.127304
AWB103435,BATCH-C,DTDC,M-007,Mumbai,Tier-1,EXCESS_FORWARD_CHARGE,95.0,114.0,19.0,LOW,2026-09-14 22:11:32.127304
AWB103435,BATCH-C,DTDC,M-007,Mumbai,Tier-1,PHANTOM_RTO_CHARGE,0.0,212.0,212.0,MEDIUM,2026-09-14 22:11:31.631484
AWB103439,BATCH-C,Kwikship,M-007,Delhi,Tier-1,PHANTOM_RTO_CHARGE,0.0,225.0,225.0,MEDIUM,2026-09-14 22:11:31.631484
AWB103442,BATCH-B,Delhivery,M-016,Jaipur,Tier-3,DUPLICATE_SETTLEMENT,1.0,2.0,1347.0,HIGH,2026-09-14 22:11:31.913657
AWB103442,BATCH-DUP,Delhivery,M-016,Jaipur,Tier-3,DUPLICATE_SETTLEMENT,1.0,2.0,1347.0,HIGH,2026-09-14 22:11:31.913657
AWB103447,BATCH-C,DTDC,M-014,Delhi,Tier-1,EXCESS_FORWARD_CHARGE,42.0,50.0,8.0,LOW,2026-09-14 22:11:32.127304
AWB103450,BATCH-D,Delhivery,M-001,Pune,Tier-2,COD_SHORT_REMITTANCE,5095.0,4875.0,220.0,MEDIUM,2026-09-14 22:10:12.726074
AWB103452,BATCH-D,DTDC,M-013,Indore,Tier-2,EXCESS_FORWARD_CHARGE,95.0,114.0,19.0,LOW,2026-09-14 22:11:32.127304
AWB103458,BATCH-C,DTDC,M-011,Lucknow,Tier-3,EXCESS_FORWARD_CHARGE,65.0,78.0,13.0,LOW,2026-09-14 22:11:32.127304
AWB103464,BATCH-B,DTDC,M-013,Lucknow,Tier-3,EXCESS_FORWARD_CHARGE,95.0,114.0,19.0,LOW,2026-09-14 22:11:32.127304
AWB103470,BATCH-C,Delhivery,M-007,Pune,Tier-2,COD_SHORT_REMITTANCE,5967.0,5690.0,277.0,MEDIUM,2026-09-14 22:10:12.726074
AWB103473,BATCH-D,DTDC,M-002,Mumbai,Tier-1,EXCESS_FORWARD_CHARGE,42.0,50.0,8.0,LOW,2026-09-14 22:11:32.127304
AWB103475,BATCH-B,Bluedart,M-014,Jaipur,Tier-3,WEIGHT_DISPUTE,4.62,5.66,62.0,LOW,2026-09-14 22:11:31.453814
AWB103480,BATCH-A,Shiprocket,M-020,Jaipur,Tier-3,PHANTOM_RTO_CHARGE,0.0,202.0,202.0,MEDIUM,2026-09-14 22:11:31.631484
AWB103490,BATCH-A,Delhivery,M-016,Mumbai,Tier-1,DUPLICATE_SETTLEMENT,1.0,2.0,3250.0,HIGH,2026-09-14 22:11:31.913657
AWB103490,BATCH-DUP,Delhivery,M-016,Mumbai,Tier-1,DUPLICATE_SETTLEMENT,1.0,2.0,3250.0,HIGH,2026-09-14 22:11:31.913657
AWB103500,BATCH-B,DTDC,M-001,Jaipur,Tier-3,EXCESS_FORWARD_CHARGE,95.0,114.0,19.0,LOW,2026-09-14 22:11:32.127304
AWB103501,BATCH-D,DTDC,M-019,Pune,Tier-2,EXCESS_FORWARD_CHARGE,95.0,114.0,19.0,LOW,2026-09-14 22:11:32.127304
AWB103505,BATCH-C,DTDC,M-005,Jaipur,Tier-3,EXCESS_FORWARD_CHARGE,95.0,114.0,19.0,LOW,2026-09-14 22:11:32.127304
AWB103507,BATCH-D,DTDC,M-005,Lucknow,Tier-3,EXCESS_FORWARD_CHARGE,95.0,114.0,19.0,LOW,2026-09-14 22:11:32.127304
AWB103511,BATCH-B,Shiprocket,M-011,Indore,Tier-2,OVERDUE_REMITTANCE,14.0,21.0,4957.0,MEDIUM,2026-09-14 22:11:31.791087
AWB103513,BATCH-C,Bluedart,M-017,Lucknow,Tier-3,WEIGHT_DISPUTE,8.26,10.86,156.0,MEDIUM,2026-09-14 22:11:31.453814
AWB103520,BATCH-A,Bluedart,M-013,Lucknow,Tier-3,WEIGHT_DISPUTE,1.58,1.96,23.0,LOW,2026-09-14 22:11:31.453814
AWB103522,BATCH-A,DTDC,M-011,Delhi,Tier-1,EXCESS_FORWARD_CHARGE,95.0,114.0,19.0,LOW,2026-09-14 22:11:32.127304
AWB103528,BATCH-A,Bluedart,M-001,Jaipur,Tier-3,WEIGHT_DISPUTE,3.99,5.01,61.0,LOW,2026-09-14 22:11:31.453814
AWB103541,BATCH-A,Delhivery,M-009,Mumbai,Tier-1,DUPLICATE_SETTLEMENT,1.0,2.0,1866.0,HIGH,2026-09-14 22:11:31.913657
AWB103541,BATCH-DUP,Delhivery,M-009,Mumbai,Tier-1,DUPLICATE_SETTLEMENT,1.0,2.0,1866.0,HIGH,2026-09-14 22:11:31.913657
AWB103544,BATCH-C,Delhivery,M-001,Pune,Tier-2,PHANTOM_RTO_CHARGE,0.0,115.0,115.0,MEDIUM,2026-09-14 22:11:31.631484
AWB103548,BATCH-C,Shiprocket,M-018,Lucknow,Tier-3,PHANTOM_RTO_CHARGE,0.0,147.0,147.0,MEDIUM,2026-09-14 22:11:31.631484
AWB103549,BATCH-A,Kwikship,M-019,Mumbai,Tier-1,PHANTOM_RTO_CHARGE,0.0,139.0,139.0,MEDIUM,2026-09-14 22:11:31.631484
AWB103552,BATCH-C,Bluedart,M-007,Jaipur,Tier-3,WEIGHT_DISPUTE,1.6,2.1,30.0,LOW,2026-09-14 22:11:31.453814
AWB103553,BATCH-D,DTDC,M-010,Jaipur,Tier-3,DUPLICATE_SETTLEMENT,1.0,2.0,3175.0,HIGH,2026-09-14 22:11:31.913657
AWB103553,BATCH-D,DTDC,M-010,Jaipur,Tier-3,EXCESS_FORWARD_CHARGE,95.0,114.0,19.0,LOW,2026-09-14 22:11:32.127304
AWB103553,BATCH-DUP,DTDC,M-010,Jaipur,Tier-3,DUPLICATE_SETTLEMENT,1.0,2.0,3175.0,HIGH,2026-09-14 22:11:31.913657
AWB103553,BATCH-DUP,DTDC,M-010,Jaipur,Tier-3,EXCESS_FORWARD_CHARGE,95.0,114.0,19.0,LOW,2026-09-14 22:11:32.127304
AWB103555,BATCH-A,Kwikship,M-016,Delhi,Tier-1,DUPLICATE_SETTLEMENT,1.0,2.0,0.0,HIGH,2026-09-14 22:11:31.913657
AWB103555,BATCH-DUP,Kwikship,M-016,Delhi,Tier-1,DUPLICATE_SETTLEMENT,1.0,2.0,0.0,HIGH,2026-09-14 22:11:31.913657
AWB103557,BATCH-C,DTDC,M-006,Jaipur,Tier-3,EXCESS_FORWARD_CHARGE,42.0,50.0,8.0,LOW,2026-09-14 22:11:32.127304
AWB103560,BATCH-A,Kwikship,M-012,Mumbai,Tier-1,PHANTOM_RTO_CHARGE,0.0,224.0,224.0,MEDIUM,2026-09-14 22:11:31.631484
AWB103562,BATCH-C,Delhivery,M-011,Indore,Tier-2,PHANTOM_RTO_CHARGE,0.0,105.0,105.0,MEDIUM,2026-09-14 22:11:31.631484
AWB103564,BATCH-D,Bluedart,M-010,Lucknow,Tier-3,WEIGHT_DISPUTE,1.28,1.63,21.0,LOW,2026-09-14 22:11:31.453814
AWB103567,BATCH-B,Shiprocket,M-018,Lucknow,Tier-3,PHANTOM_RTO_CHARGE,0.0,146.0,146.0,MEDIUM,2026-09-14 22:11:31.631484
AWB103568,BATCH-D,Delhivery,M-003,Delhi,Tier-1,PHANTOM_RTO_CHARGE,0.0,239.0,239.0,MEDIUM,2026-09-14 22:11:31.631484
AWB103569,BATCH-B,DTDC,M-020,Pune,Tier-2,EXCESS_FORWARD_CHARGE,95.0,114.0,19.0,LOW,2026-09-14 22:11:32.127304
AWB103572,BATCH-D,DTDC,M-004,Lucknow,Tier-3,EXCESS_FORWARD_CHARGE,95.0,114.0,19.0,LOW,2026-09-14 22:11:32.127304
AWB103577,BATCH-A,Kwikship,M-016,Pune,Tier-2,DUPLICATE_SETTLEMENT,1.0,2.0,4608.0,HIGH,2026-09-14 22:11:31.913657
AWB103577,BATCH-DUP,Kwikship,M-016,Pune,Tier-2,DUPLICATE_SETTLEMENT,1.0,2.0,4608.0,HIGH,2026-09-14 22:11:31.913657
AWB103579,BATCH-A,Delhivery,M-002,Jaipur,Tier-3,COD_SHORT_REMITTANCE,3871.0,3636.0,235.0,MEDIUM,2026-09-14 22:10:12.726074
AWB103584,BATCH-C,DTDC,M-009,Indore,Tier-2,EXCESS_FORWARD_CHARGE,95.0,114.0,19.0,LOW,2026-09-14 22:11:32.127304
AWB103590,BATCH-C,Shiprocket,M-017,Pune,Tier-2,OVERDUE_REMITTANCE,14.0,26.0,1714.0,MEDIUM,2026-09-14 22:11:31.791087
AWB103592,BATCH-B,Delhivery,M-008,Pune,Tier-2,PHANTOM_RTO_CHARGE,0.0,125.0,125.0,MEDIUM,2026-09-14 22:11:31.631484
AWB103593,BATCH-C,DTDC,M-002,Indore,Tier-2,EXCESS_FORWARD_CHARGE,65.0,78.0,13.0,LOW,2026-09-14 22:11:32.127304
AWB103595,BATCH-D,DTDC,M-008,Pune,Tier-2,EXCESS_FORWARD_CHARGE,95.0,114.0,19.0,LOW,2026-09-14 22:11:32.127304
AWB103595,BATCH-D,DTDC,M-008,Pune,Tier-2,PHANTOM_RTO_CHARGE,0.0,183.0,183.0,MEDIUM,2026-09-14 22:11:31.631484
AWB103598,BATCH-C,Shiprocket,M-005,Delhi,Tier-1,OVERDUE_REMITTANCE,14.0,19.0,1540.0,MEDIUM,2026-09-14 22:11:31.791087
AWB103599,BATCH-B,DTDC,M-009,Delhi,Tier-1,PHANTOM_RTO_CHARGE,0.0,151.0,151.0,MEDIUM,2026-09-14 22:11:31.631484
AWB103600,BATCH-A,Delhivery,M-014,Jaipur,Tier-3,COD_SHORT_REMITTANCE,3983.0,3808.0,175.0,MEDIUM,2026-09-14 22:10:12.726074
AWB103603,BATCH-C,Kwikship,M-015,Lucknow,Tier-3,ETA_SLA_BREACH,72.0,104.8,0.0,LOW,2026-09-14 22:11:32.038362
AWB103604,BATCH-C,Delhivery,M-010,Delhi,Tier-1,COD_SHORT_REMITTANCE,5572.0,5346.0,226.0,MEDIUM,2026-09-14 22:10:12.726074
AWB103606,BATCH-A,DTDC,M-016,Mumbai,Tier-1,EXCESS_FORWARD_CHARGE,65.0,78.0,13.0,LOW,2026-09-14 22:11:32.127304
AWB103608,BATCH-B,DTDC,M-010,Mumbai,Tier-1,DUPLICATE_SETTLEMENT,1.0,2.0,4935.0,HIGH,2026-09-14 22:11:31.913657
AWB103608,BATCH-DUP,DTDC,M-010,Mumbai,Tier-1,DUPLICATE_SETTLEMENT,1.0,2.0,4935.0,HIGH,2026-09-14 22:11:31.913657
AWB103614,BATCH-B,DTDC,M-008,Pune,Tier-2,DUPLICATE_SETTLEMENT,1.0,2.0,0.0,HIGH,2026-09-14 22:11:31.913657
AWB103614,BATCH-DUP,DTDC,M-008,Pune,Tier-2,DUPLICATE_SETTLEMENT,1.0,2.0,0.0,HIGH,2026-09-14 22:11:31.913657
AWB103618,BATCH-B,Bluedart,M-013,Lucknow,Tier-3,WEIGHT_DISPUTE,7.26,9.16,114.0,MEDIUM,2026-09-14 22:11:31.453814
AWB103620,BATCH-B,Bluedart,M-014,Mumbai,Tier-1,PHANTOM_RTO_CHARGE,0.0,133.0,133.0,MEDIUM,2026-09-14 22:11:31.631484
AWB103621,BATCH-A,DTDC,M-010,Pune,Tier-2,DUPLICATE_SETTLEMENT,1.0,2.0,0.0,HIGH,2026-09-14 22:11:31.913657
AWB103621,BATCH-DUP,DTDC,M-010,Pune,Tier-2,DUPLICATE_SETTLEMENT,1.0,2.0,0.0,HIGH,2026-09-14 22:11:31.913657
AWB103624,BATCH-C,DTDC,M-013,Jaipur,Tier-3,EXCESS_FORWARD_CHARGE,65.0,78.0,13.0,LOW,2026-09-14 22:11:32.127304
AWB103629,BATCH-C,Bluedart,M-006,Delhi,Tier-1,PHANTOM_RTO_CHARGE,0.0,148.0,148.0,MEDIUM,2026-09-14 22:11:31.631484
AWB103635,BATCH-A,Bluedart,M-016,Lucknow,Tier-3,WEIGHT_DISPUTE,6.41,8.08,100.0,MEDIUM,2026-09-14 22:11:31.453814
AWB103640,BATCH-A,DTDC,M-010,Lucknow,Tier-3,EXCESS_FORWARD_CHARGE,65.0,78.0,13.0,LOW,2026-09-14 22:11:32.127304
AWB103641,BATCH-A,Delhivery,M-018,Pune,Tier-2,PHANTOM_RTO_CHARGE,0.0,228.0,228.0,MEDIUM,2026-09-14 22:11:31.631484
AWB103649,BATCH-A,Bluedart,M-011,Lucknow,Tier-3,WEIGHT_DISPUTE,4.14,5.38,75.0,LOW,2026-09-14 22:11:31.453814
AWB103653,BATCH-B,Bluedart,M-018,Mumbai,Tier-1,PHANTOM_RTO_CHARGE,0.0,176.0,176.0,MEDIUM,2026-09-14 22:11:31.631484
AWB103657,BATCH-A,DTDC,M-003,Jaipur,Tier-3,PHANTOM_RTO_CHARGE,0.0,229.0,229.0,MEDIUM,2026-09-14 22:11:31.631484
AWB103661,BATCH-A,DTDC,M-020,Indore,Tier-2,EXCESS_FORWARD_CHARGE,95.0,114.0,19.0,LOW,2026-09-14 22:11:32.127304
AWB103667,BATCH-A,Shiprocket,M-015,Pune,Tier-2,OVERDUE_REMITTANCE,14.0,27.0,3089.0,MEDIUM,2026-09-14 22:11:31.791087
AWB103673,BATCH-C,Kwikship,M-002,Jaipur,Tier-3,PHANTOM_RTO_CHARGE,0.0,160.0,160.0,MEDIUM,2026-09-14 22:11:31.631484
AWB103675,BATCH-A,Kwikship,M-010,Indore,Tier-2,PHANTOM_RTO_CHARGE,0.0,201.0,201.0,MEDIUM,2026-09-14 22:11:31.631484
AWB103678,BATCH-C,DTDC,M-001,Jaipur,Tier-3,EXCESS_FORWARD_CHARGE,95.0,114.0,19.0,LOW,2026-09-14 22:11:32.127304
AWB103682,BATCH-D,Bluedart,M-020,Lucknow,Tier-3,WEIGHT_DISPUTE,1.43,1.7,17.0,LOW,2026-09-14 22:11:31.453814
AWB103689,BATCH-B,Delhivery,M-004,Jaipur,Tier-3,COD_SHORT_REMITTANCE,5240.0,4832.0,408.0,MEDIUM,2026-09-14 22:10:12.726074
AWB103692,BATCH-B,Shiprocket,M-003,Indore,Tier-2,OVERDUE_REMITTANCE,14.0,25.0,5380.0,MEDIUM,2026-09-14 22:11:31.791087
AWB103699,BATCH-D,Delhivery,M-018,Mumbai,Tier-1,COD_SHORT_REMITTANCE,3555.0,3447.0,108.0,MEDIUM,2026-09-14 22:10:12.726074
AWB103700,BATCH-D,Delhivery,M-010,Lucknow,Tier-3,PHANTOM_RTO_CHARGE,0.0,186.0,186.0,MEDIUM,2026-09-14 22:11:31.631484
AWB103721,BATCH-C,DTDC,M-006,Indore,Tier-2,EXCESS_FORWARD_CHARGE,65.0,78.0,13.0,LOW,2026-09-14 22:11:32.127304
AWB103726,BATCH-B,Shiprocket,M-010,Lucknow,Tier-3,OVERDUE_REMITTANCE,14.0,19.0,3757.0,MEDIUM,2026-09-14 22:11:31.791087
AWB103738,BATCH-D,Bluedart,M-007,Jaipur,Tier-3,DUPLICATE_SETTLEMENT,1.0,2.0,1198.0,HIGH,2026-09-14 22:11:31.913657
AWB103738,BATCH-D,Bluedart,M-007,Jaipur,Tier-3,WEIGHT_DISPUTE,6.65,8.62,118.0,MEDIUM,2026-09-14 22:11:31.453814
AWB103738,BATCH-DUP,Bluedart,M-007,Jaipur,Tier-3,DUPLICATE_SETTLEMENT,1.0,2.0,1198.0,HIGH,2026-09-14 22:11:31.913657
AWB103738,BATCH-DUP,Bluedart,M-007,Jaipur,Tier-3,WEIGHT_DISPUTE,6.65,8.62,118.0,MEDIUM,2026-09-14 22:11:31.453814
AWB103743,BATCH-D,Bluedart,M-004,Jaipur,Tier-3,WEIGHT_DISPUTE,1.14,1.46,19.0,LOW,2026-09-14 22:11:31.453814
AWB103748,BATCH-C,Delhivery,M-013,Delhi,Tier-1,PHANTOM_RTO_CHARGE,0.0,213.0,213.0,MEDIUM,2026-09-14 22:11:31.631484
AWB103749,BATCH-A,DTDC,M-005,Mumbai,Tier-1,PHANTOM_RTO_CHARGE,0.0,162.0,162.0,MEDIUM,2026-09-14 22:11:31.631484
AWB103750,BATCH-C,Delhivery,M-007,Delhi,Tier-1,COD_SHORT_REMITTANCE,5803.0,5481.0,322.0,MEDIUM,2026-09-14 22:10:12.726074
AWB103760,BATCH-D,Kwikship,M-014,Jaipur,Tier-3,ETA_SLA_BREACH,72.0,131.4,0.0,LOW,2026-09-14 22:11:32.038362
AWB103762,BATCH-C,DTDC,M-016,Jaipur,Tier-3,EXCESS_FORWARD_CHARGE,95.0,114.0,19.0,LOW,2026-09-14 22:11:32.127304
AWB103769,BATCH-C,DTDC,M-004,Pune,Tier-2,EXCESS_FORWARD_CHARGE,65.0,78.0,13.0,LOW,2026-09-14 22:11:32.127304
AWB103774,BATCH-D,Bluedart,M-005,Lucknow,Tier-3,WEIGHT_DISPUTE,6.09,7.81,103.0,MEDIUM,2026-09-14 22:11:31.453814
AWB103776,BATCH-B,Shiprocket,M-020,Delhi,Tier-1,OVERDUE_REMITTANCE,14.0,20.0,5863.0,MEDIUM,2026-09-14 22:11:31.791087
AWB103778,BATCH-A,DTDC,M-008,Pune,Tier-2,EXCESS_FORWARD_CHARGE,42.0,50.0,8.0,LOW,2026-09-14 22:11:32.127304
AWB103797,BATCH-C,DTDC,M-020,Indore,Tier-2,EXCESS_FORWARD_CHARGE,42.0,50.0,8.0,LOW,2026-09-14 22:11:32.127304
AWB103798,BATCH-C,Shiprocket,M-006,Jaipur,Tier-3,OVERDUE_REMITTANCE,14.0,24.0,0.0,MEDIUM,2026-09-14 22:11:31.791087
AWB103801,BATCH-B,DTDC,M-015,Delhi,Tier-1,EXCESS_FORWARD_CHARGE,95.0,114.0,19.0,LOW,2026-09-14 22:11:32.127304
AWB103808,BATCH-B,DTDC,M-007,Delhi,Tier-1,EXCESS_FORWARD_CHARGE,95.0,114.0,19.0,LOW,2026-09-14 22:11:32.127304
AWB103810,BATCH-D,Bluedart,M-010,Jaipur,Tier-3,PHANTOM_RTO_CHARGE,0.0,111.0,111.0,MEDIUM,2026-09-14 22:11:31.631484
AWB103810,BATCH-D,Bluedart,M-010,Jaipur,Tier-3,WEIGHT_DISPUTE,7.46,9.81,141.0,MEDIUM,2026-09-14 22:11:31.453814
AWB103811,BATCH-D,Kwikship,M-015,Jaipur,Tier-3,ETA_SLA_BREACH,72.0,123.1,0.0,LOW,2026-09-14 22:11:32.038362
AWB103818,BATCH-A,Delhivery,M-001,Lucknow,Tier-3,COD_SHORT_REMITTANCE,5912.0,5702.0,210.0,MEDIUM,2026-09-14 22:10:12.726074
AWB103823,BATCH-B,DTDC,M-001,Indore,Tier-2,EXCESS_FORWARD_CHARGE,95.0,114.0,19.0,LOW,2026-09-14 22:11:32.127304
AWB103833,BATCH-B,Shiprocket,M-001,Delhi,Tier-1,OVERDUE_REMITTANCE,14.0,20.0,2131.0,MEDIUM,2026-09-14 22:11:31.791087
AWB103836,BATCH-D,Shiprocket,M-020,Delhi,Tier-1,OVERDUE_REMITTANCE,14.0,23.0,0.0,MEDIUM,2026-09-14 22:11:31.791087
AWB103846,BATCH-D,Shiprocket,M-003,Lucknow,Tier-3,PHANTOM_RTO_CHARGE,0.0,229.0,229.0,MEDIUM,2026-09-14 22:11:31.631484
AWB103870,BATCH-C,Delhivery,M-006,Jaipur,Tier-3,COD_SHORT_REMITTANCE,5066.0,4805.0,261.0,MEDIUM,2026-09-14 22:10:12.726074
AWB103877,BATCH-C,DTDC,M-007,Lucknow,Tier-3,PHANTOM_RTO_CHARGE,0.0,238.0,238.0,MEDIUM,2026-09-14 22:11:31.631484
AWB103881,BATCH-C,DTDC,M-011,Mumbai,Tier-1,EXCESS_FORWARD_CHARGE,65.0,78.0,13.0,LOW,2026-09-14 22:11:32.127304
AWB103882,BATCH-C,Shiprocket,M-009,Jaipur,Tier-3,PHANTOM_RTO_CHARGE,0.0,162.0,162.0,MEDIUM,2026-09-14 22:11:31.631484
AWB103888,BATCH-A,DTDC,M-006,Pune,Tier-2,EXCESS_FORWARD_CHARGE,95.0,114.0,19.0,LOW,2026-09-14 22:11:32.127304
AWB103893,BATCH-B,Delhivery,M-007,Delhi,Tier-1,COD_SHORT_REMITTANCE,3607.0,3428.0,179.0,MEDIUM,2026-09-14 22:10:12.726074
AWB103894,BATCH-A,Bluedart,M-008,Pune,Tier-2,PHANTOM_RTO_CHARGE,0.0,191.0,191.0,MEDIUM,2026-09-14 22:11:31.631484
AWB103895,BATCH-C,DTDC,M-015,Lucknow,Tier-3,EXCESS_FORWARD_CHARGE,42.0,50.0,8.0,LOW,2026-09-14 22:11:32.127304
AWB103895,BATCH-C,DTDC,M-015,Lucknow,Tier-3,PHANTOM_RTO_CHARGE,0.0,159.0,159.0,MEDIUM,2026-09-14 22:11:31.631484
AWB103897,BATCH-C,Kwikship,M-019,Mumbai,Tier-1,PHANTOM_RTO_CHARGE,0.0,189.0,189.0,MEDIUM,2026-09-14 22:11:31.631484
AWB103898,BATCH-A,Delhivery,M-017,Indore,Tier-2,PHANTOM_RTO_CHARGE,0.0,144.0,144.0,MEDIUM,2026-09-14 22:11:31.631484
AWB103901,BATCH-B,Shiprocket,M-017,Lucknow,Tier-3,OVERDUE_REMITTANCE,14.0,19.0,3912.0,MEDIUM,2026-09-14 22:11:31.791087
AWB103902,BATCH-D,DTDC,M-001,Indore,Tier-2,EXCESS_FORWARD_CHARGE,95.0,114.0,19.0,LOW,2026-09-14 22:11:32.127304
AWB103904,BATCH-A,Bluedart,M-006,Jaipur,Tier-3,PHANTOM_RTO_CHARGE,0.0,242.0,242.0,MEDIUM,2026-09-14 22:11:31.631484
AWB103912,BATCH-C,Delhivery,M-011,Indore,Tier-2,PHANTOM_RTO_CHARGE,0.0,124.0,124.0,MEDIUM,2026-09-14 22:11:31.631484
AWB103913,BATCH-C,DTDC,M-002,Delhi,Tier-1,EXCESS_FORWARD_CHARGE,65.0,78.0,13.0,LOW,2026-09-14 22:11:32.127304
AWB103923,BATCH-A,DTDC,M-020,Lucknow,Tier-3,PHANTOM_RTO_CHARGE,0.0,171.0,171.0,MEDIUM,2026-09-14 22:11:31.631484
AWB103924,BATCH-A,DTDC,M-007,Lucknow,Tier-3,EXCESS_FORWARD_CHARGE,65.0,78.0,13.0,LOW,2026-09-14 22:11:32.127304
AWB103932,BATCH-C,Delhivery,M-018,Jaipur,Tier-3,COD_SHORT_REMITTANCE,4270.0,4071.0,199.0,MEDIUM,2026-09-14 22:10:12.726074
AWB103935,BATCH-B,Bluedart,M-011,Jaipur,Tier-3,PHANTOM_RTO_CHARGE,0.0,163.0,163.0,MEDIUM,2026-09-14 22:11:31.631484
AWB103938,BATCH-C,Delhivery,M-020,Lucknow,Tier-3,COD_SHORT_REMITTANCE,3143.0,2972.0,171.0,MEDIUM,2026-09-14 22:10:12.726074
AWB103939,BATCH-A,DTDC,M-013,Lucknow,Tier-3,DUPLICATE_SETTLEMENT,1.0,2.0,5630.0,HIGH,2026-09-14 22:11:31.913657
AWB103939,BATCH-DUP,DTDC,M-013,Lucknow,Tier-3,DUPLICATE_SETTLEMENT,1.0,2.0,5630.0,HIGH,2026-09-14 22:11:31.913657
AWB103940,BATCH-C,Shiprocket,M-011,Lucknow,Tier-3,OVERDUE_REMITTANCE,14.0,27.0,0.0,MEDIUM,2026-09-14 22:11:31.791087
AWB103942,BATCH-D,Bluedart,M-004,Lucknow,Tier-3,WEIGHT_DISPUTE,4.61,5.5,53.0,LOW,2026-09-14 22:11:31.453814
AWB103944,BATCH-B,DTDC,M-015,Jaipur,Tier-3,EXCESS_FORWARD_CHARGE,95.0,114.0,19.0,LOW,2026-09-14 22:11:32.127304
AWB103945,BATCH-C,Bluedart,M-010,Jaipur,Tier-3,PHANTOM_RTO_CHARGE,0.0,144.0,144.0,MEDIUM,2026-09-14 22:11:31.631484
AWB103945,BATCH-C,Bluedart,M-010,Jaipur,Tier-3,WEIGHT_DISPUTE,5.13,6.65,91.0,LOW,2026-09-14 22:11:31.453814
AWB103946,BATCH-B,Bluedart,M-013,Lucknow,Tier-3,WEIGHT_DISPUTE,2.37,3.04,40.0,LOW,2026-09-14 22:11:31.453814
AWB103952,BATCH-C,DTDC,M-003,Pune,Tier-2,EXCESS_FORWARD_CHARGE,95.0,114.0,19.0,LOW,2026-09-14 22:11:32.127304
AWB103964,BATCH-C,DTDC,M-002,Mumbai,Tier-1,PHANTOM_RTO_CHARGE,0.0,146.0,146.0,MEDIUM,2026-09-14 22:11:31.631484
AWB103965,BATCH-B,Shiprocket,M-015,Delhi,Tier-1,DUPLICATE_SETTLEMENT,1.0,2.0,4681.0,HIGH,2026-09-14 22:11:31.913657
AWB103965,BATCH-DUP,Shiprocket,M-015,Delhi,Tier-1,DUPLICATE_SETTLEMENT,1.0,2.0,4681.0,HIGH,2026-09-14 22:11:31.913657
AWB103971,BATCH-B,Kwikship,M-015,Mumbai,Tier-1,PHANTOM_RTO_CHARGE,0.0,201.0,201.0,MEDIUM,2026-09-14 22:11:31.631484
AWB103972,BATCH-B,Delhivery,M-003,Delhi,Tier-1,COD_SHORT_REMITTANCE,5121.0,4916.0,205.0,MEDIUM,2026-09-14 22:10:12.726074
AWB103974,BATCH-A,Delhivery,M-018,Delhi,Tier-1,DUPLICATE_SETTLEMENT,1.0,2.0,4917.0,HIGH,2026-09-14 22:11:31.913657
AWB103974,BATCH-DUP,Delhivery,M-018,Delhi,Tier-1,DUPLICATE_SETTLEMENT,1.0,2.0,4917.0,HIGH,2026-09-14 22:11:31.913657
AWB103976,BATCH-B,DTDC,M-020,Pune,Tier-2,EXCESS_FORWARD_CHARGE,95.0,114.0,19.0,LOW,2026-09-14 22:11:32.127304
AWB103988,BATCH-B,Kwikship,M-018,Jaipur,Tier-3,ETA_SLA_BREACH,72.0,106.5,0.0,LOW,2026-09-14 22:11:32.038362
AWB103988,BATCH-B,Kwikship,M-018,Jaipur,Tier-3,PHANTOM_RTO_CHARGE,0.0,221.0,221.0,MEDIUM,2026-09-14 22:11:31.631484
AWB103990,BATCH-D,DTDC,M-002,Jaipur,Tier-3,EXCESS_FORWARD_CHARGE,65.0,78.0,13.0,LOW,2026-09-14 22:11:32.127304
AWB103990,BATCH-D,DTDC,M-002,Jaipur,Tier-3,PHANTOM_RTO_CHARGE,0.0,225.0,225.0,MEDIUM,2026-09-14 22:11:31.631484
AWB103993,BATCH-C,DTDC,M-018,Delhi,Tier-1,EXCESS_FORWARD_CHARGE,95.0,114.0,19.0,LOW,2026-09-14 22:11:32.127304
AWB104004,BATCH-C,Bluedart,M-019,Lucknow,Tier-3,WEIGHT_DISPUTE,6.46,7.84,83.0,LOW,2026-09-14 22:11:31.453814
AWB104009,BATCH-A,Shiprocket,M-011,Pune,Tier-2,DUPLICATE_SETTLEMENT,1.0,2.0,3001.0,HIGH,2026-09-14 22:11:31.913657
AWB104009,BATCH-DUP,Shiprocket,M-011,Pune,Tier-2,DUPLICATE_SETTLEMENT,1.0,2.0,3001.0,HIGH,2026-09-14 22:11:31.913657
AWB104010,BATCH-A,DTDC,M-011,Indore,Tier-2,EXCESS_FORWARD_CHARGE,95.0,114.0,19.0,LOW,2026-09-14 22:11:32.127304
AWB104015,BATCH-B,DTDC,M-003,Mumbai,Tier-1,EXCESS_FORWARD_CHARGE,95.0,114.0,19.0,LOW,2026-09-14 22:11:32.127304
AWB104016,BATCH-B,Shiprocket,M-011,Jaipur,Tier-3,OVERDUE_REMITTANCE,14.0,27.0,4251.0,MEDIUM,2026-09-14 22:11:31.791087
AWB104019,BATCH-C,Bluedart,M-007,Indore,Tier-2,PHANTOM_RTO_CHARGE,0.0,241.0,241.0,MEDIUM,2026-09-14 22:11:31.631484
AWB104020,BATCH-B,Delhivery,M-011,Delhi,Tier-1,COD_SHORT_REMITTANCE,4110.0,3919.0,191.0,MEDIUM,2026-09-14 22:10:12.726074
AWB104021,BATCH-A,Shiprocket,M-013,Indore,Tier-2,PHANTOM_RTO_CHARGE,0.0,174.0,174.0,MEDIUM,2026-09-14 22:11:31.631484
AWB104026,BATCH-D,Bluedart,M-014,Lucknow,Tier-3,WEIGHT_DISPUTE,6.71,7.93,73.0,LOW,2026-09-14 22:11:31.453814
AWB104027,BATCH-C,Delhivery,M-001,Indore,Tier-2,COD_SHORT_REMITTANCE,5017.0,4852.0,165.0,MEDIUM,2026-09-14 22:10:12.726074
AWB104028,BATCH-D,Shiprocket,M-020,Mumbai,Tier-1,OVERDUE_REMITTANCE,14.0,18.0,4502.0,MEDIUM,2026-09-14 22:11:31.791087
AWB104032,BATCH-C,Kwikship,M-014,Jaipur,Tier-3,ETA_SLA_BREACH,72.0,106.3,0.0,LOW,2026-09-14 22:11:32.038362
AWB104032,BATCH-C,Kwikship,M-014,Jaipur,Tier-3,PHANTOM_RTO_CHARGE,0.0,184.0,184.0,MEDIUM,2026-09-14 22:11:31.631484
AWB104033,BATCH-B,Kwikship,M-008,Jaipur,Tier-3,ETA_SLA_BREACH,72.0,135.2,0.0,LOW,2026-09-14 22:11:32.038362
AWB104036,BATCH-A,Bluedart,M-010,Jaipur,Tier-3,PHANTOM_RTO_CHARGE,0.0,129.0,129.0,MEDIUM,2026-09-14 22:11:31.631484
AWB104036,BATCH-A,Bluedart,M-010,Jaipur,Tier-3,WEIGHT_DISPUTE,6.66,8.46,108.0,MEDIUM,2026-09-14 22:11:31.453814
AWB104043,BATCH-C,Delhivery,M-004,Jaipur,Tier-3,DUPLICATE_SETTLEMENT,1.0,2.0,1581.0,HIGH,2026-09-14 22:11:31.913657
AWB104043,BATCH-DUP,Delhivery,M-004,Jaipur,Tier-3,DUPLICATE_SETTLEMENT,1.0,2.0,1581.0,HIGH,2026-09-14 22:11:31.913657
AWB104046,BATCH-C,Shiprocket,M-011,Pune,Tier-2,OVERDUE_REMITTANCE,14.0,18.0,0.0,MEDIUM,2026-09-14 22:11:31.791087
AWB104048,BATCH-C,Kwikship,M-008,Mumbai,Tier-1,PHANTOM_RTO_CHARGE,0.0,182.0,182.0,MEDIUM,2026-09-14 22:11:31.631484
AWB104051,BATCH-A,Bluedart,M-007,Jaipur,Tier-3,WEIGHT_DISPUTE,7.71,9.52,109.0,MEDIUM,2026-09-14 22:11:31.453814
AWB104059,BATCH-D,Delhivery,M-006,Delhi,Tier-1,PHANTOM_RTO_CHARGE,0.0,168.0,168.0,MEDIUM,2026-09-14 22:11:31.631484
AWB104062,BATCH-D,DTDC,M-007,Delhi,Tier-1,EXCESS_FORWARD_CHARGE,95.0,114.0,19.0,LOW,2026-09-14 22:11:32.127304
AWB104065,BATCH-D,Delhivery,M-007,Delhi,Tier-1,COD_SHORT_REMITTANCE,4735.0,4414.0,321.0,MEDIUM,2026-09-14 22:10:12.726074
AWB104070,BATCH-A,Shiprocket,M-012,Mumbai,Tier-1,OVERDUE_REMITTANCE,14.0,19.0,0.0,MEDIUM,2026-09-14 22:11:31.791087
AWB104073,BATCH-D,Shiprocket,M-019,Jaipur,Tier-3,OVERDUE_REMITTANCE,14.0,20.0,1664.0,MEDIUM,2026-09-14 22:11:31.791087
AWB104074,BATCH-D,DTDC,M-012,Indore,Tier-2,DUPLICATE_SETTLEMENT,1.0,2.0,0.0,HIGH,2026-09-14 22:11:31.913657
AWB104074,BATCH-DUP,DTDC,M-012,Indore,Tier-2,DUPLICATE_SETTLEMENT,1.0,2.0,0.0,HIGH,2026-09-14 22:11:31.913657
AWB104082,BATCH-B,DTDC,M-017,Mumbai,Tier-1,EXCESS_FORWARD_CHARGE,65.0,78.0,13.0,LOW,2026-09-14 22:11:32.127304
AWB104084,BATCH-D,DTDC,M-008,Indore,Tier-2,DUPLICATE_SETTLEMENT,1.0,2.0,0.0,HIGH,2026-09-14 22:11:31.913657
AWB104084,BATCH-D,DTDC,M-008,Indore,Tier-2,EXCESS_FORWARD_CHARGE,95.0,114.0,19.0,LOW,2026-09-14 22:11:32.127304
AWB104084,BATCH-DUP,DTDC,M-008,Indore,Tier-2,DUPLICATE_SETTLEMENT,1.0,2.0,0.0,HIGH,2026-09-14 22:11:31.913657
AWB104084,BATCH-DUP,DTDC,M-008,Indore,Tier-2,EXCESS_FORWARD_CHARGE,95.0,114.0,19.0,LOW,2026-09-14 22:11:32.127304
AWB104087,BATCH-A,Shiprocket,M-001,Jaipur,Tier-3,OVERDUE_REMITTANCE,14.0,25.0,0.0,MEDIUM,2026-09-14 22:11:31.791087
AWB104088,BATCH-B,Shiprocket,M-001,Lucknow,Tier-3,DUPLICATE_SETTLEMENT,1.0,2.0,0.0,HIGH,2026-09-14 22:11:31.913657
AWB104088,BATCH-DUP,Shiprocket,M-001,Lucknow,Tier-3,DUPLICATE_SETTLEMENT,1.0,2.0,0.0,HIGH,2026-09-14 22:11:31.913657
AWB104090,BATCH-C,Shiprocket,M-009,Delhi,Tier-1,OVERDUE_REMITTANCE,14.0,27.0,0.0,MEDIUM,2026-09-14 22:11:31.791087
AWB104094,BATCH-B,Kwikship,M-017,Indore,Tier-2,PHANTOM_RTO_CHARGE,0.0,144.0,144.0,MEDIUM,2026-09-14 22:11:31.631484
AWB104095,BATCH-D,Delhivery,M-010,Indore,Tier-2,COD_SHORT_REMITTANCE,4512.0,4227.0,285.0,MEDIUM,2026-09-14 22:10:12.726074
AWB104108,BATCH-A,Shiprocket,M-013,Pune,Tier-2,OVERDUE_REMITTANCE,14.0,27.0,1055.0,MEDIUM,2026-09-14 22:11:31.791087
AWB104112,BATCH-D,DTDC,M-017,Lucknow,Tier-3,EXCESS_FORWARD_CHARGE,95.0,114.0,19.0,LOW,2026-09-14 22:11:32.127304
AWB104113,BATCH-B,DTDC,M-004,Pune,Tier-2,EXCESS_FORWARD_CHARGE,95.0,114.0,19.0,LOW,2026-09-14 22:11:32.127304
AWB104119,BATCH-D,Kwikship,M-011,Pune,Tier-2,PHANTOM_RTO_CHARGE,0.0,113.0,113.0,MEDIUM,2026-09-14 22:11:31.631484
AWB104120,BATCH-A,DTDC,M-014,Indore,Tier-2,EXCESS_FORWARD_CHARGE,95.0,114.0,19.0,LOW,2026-09-14 22:11:32.127304
AWB104123,BATCH-A,Delhivery,M-005,Mumbai,Tier-1,PHANTOM_RTO_CHARGE,0.0,247.0,247.0,MEDIUM,2026-09-14 22:11:31.631484
AWB104130,BATCH-C,DTDC,M-007,Mumbai,Tier-1,EXCESS_FORWARD_CHARGE,65.0,78.0,13.0,LOW,2026-09-14 22:11:32.127304
AWB104135,BATCH-B,Bluedart,M-004,Indore,Tier-2,PHANTOM_RTO_CHARGE,0.0,188.0,188.0,MEDIUM,2026-09-14 22:11:31.631484
AWB104136,BATCH-D,Kwikship,M-013,Jaipur,Tier-3,ETA_SLA_BREACH,72.0,115.5,0.0,LOW,2026-09-14 22:11:32.038362
AWB104143,BATCH-A,Kwikship,M-001,Jaipur,Tier-3,ETA_SLA_BREACH,72.0,121.9,0.0,LOW,2026-09-14 22:11:32.038362
AWB104144,BATCH-A,Bluedart,M-008,Lucknow,Tier-3,WEIGHT_DISPUTE,2.41,2.9,29.0,LOW,2026-09-14 22:11:31.453814
AWB104147,BATCH-B,Bluedart,M-005,Lucknow,Tier-3,PHANTOM_RTO_CHARGE,0.0,196.0,196.0,MEDIUM,2026-09-14 22:11:31.631484
AWB104147,BATCH-B,Bluedart,M-005,Lucknow,Tier-3,WEIGHT_DISPUTE,3.61,4.7,66.0,LOW,2026-09-14 22:11:31.453814
AWB104148,BATCH-A,Delhivery,M-003,Indore,Tier-2,COD_SHORT_REMITTANCE,3398.0,3273.0,125.0,MEDIUM,2026-09-14 22:10:12.726074
AWB104151,BATCH-A,DTDC,M-001,Lucknow,Tier-3,PHANTOM_RTO_CHARGE,0.0,224.0,224.0,MEDIUM,2026-09-14 22:11:31.631484
AWB104156,BATCH-B,Delhivery,M-013,Delhi,Tier-1,DUPLICATE_SETTLEMENT,1.0,2.0,3914.0,HIGH,2026-09-14 22:11:31.913657
AWB104156,BATCH-DUP,Delhivery,M-013,Delhi,Tier-1,DUPLICATE_SETTLEMENT,1.0,2.0,3914.0,HIGH,2026-09-14 22:11:31.913657
AWB104158,BATCH-B,DTDC,M-016,Jaipur,Tier-3,EXCESS_FORWARD_CHARGE,95.0,114.0,19.0,LOW,2026-09-14 22:11:32.127304
AWB104166,BATCH-C,Bluedart,M-004,Lucknow,Tier-3,WEIGHT_DISPUTE,2.3,2.87,34.0,LOW,2026-09-14 22:11:31.453814
AWB104168,BATCH-B,Shiprocket,M-004,Jaipur,Tier-3,OVERDUE_REMITTANCE,14.0,21.0,0.0,MEDIUM,2026-09-14 22:11:31.791087
AWB104168,BATCH-B,Shiprocket,M-004,Jaipur,Tier-3,PHANTOM_RTO_CHARGE,0.0,128.0,128.0,MEDIUM,2026-09-14 22:11:31.631484
AWB104178,BATCH-D,DTDC,M-001,Pune,Tier-2,EXCESS_FORWARD_CHARGE,95.0,114.0,19.0,LOW,2026-09-14 22:11:32.127304
AWB104183,BATCH-C,Bluedart,M-006,Jaipur,Tier-3,WEIGHT_DISPUTE,7.05,8.53,89.0,LOW,2026-09-14 22:11:31.453814
AWB104192,BATCH-C,Bluedart,M-010,Pune,Tier-2,PHANTOM_RTO_CHARGE,0.0,106.0,106.0,MEDIUM,2026-09-14 22:11:31.631484
AWB104198,BATCH-C,Delhivery,M-020,Pune,Tier-2,PHANTOM_RTO_CHARGE,0.0,110.0,110.0,MEDIUM,2026-09-14 22:11:31.631484
AWB104203,BATCH-C,Kwikship,M-018,Jaipur,Tier-3,ETA_SLA_BREACH,72.0,116.1,0.0,LOW,2026-09-14 22:11:32.038362
AWB104203,BATCH-C,Kwikship,M-018,Jaipur,Tier-3,PHANTOM_RTO_CHARGE,0.0,246.0,246.0,MEDIUM,2026-09-14 22:11:31.631484
AWB104212,BATCH-A,Delhivery,M-018,Indore,Tier-2,COD_SHORT_REMITTANCE,4982.0,4646.0,336.0,MEDIUM,2026-09-14 22:10:12.726074
AWB104216,BATCH-C,Bluedart,M-017,Delhi,Tier-1,PHANTOM_RTO_CHARGE,0.0,104.0,104.0,MEDIUM,2026-09-14 22:11:31.631484
AWB104217,BATCH-D,Shiprocket,M-004,Mumbai,Tier-1,PHANTOM_RTO_CHARGE,0.0,198.0,198.0,MEDIUM,2026-09-14 22:11:31.631484
AWB104218,BATCH-C,Delhivery,M-015,Mumbai,Tier-1,COD_SHORT_REMITTANCE,3834.0,3659.0,175.0,MEDIUM,2026-09-14 22:10:12.726074
AWB104220,BATCH-B,DTDC,M-010,Delhi,Tier-1,EXCESS_FORWARD_CHARGE,95.0,114.0,19.0,LOW,2026-09-14 22:11:32.127304
AWB104221,BATCH-A,Bluedart,M-016,Pune,Tier-2,PHANTOM_RTO_CHARGE,0.0,244.0,244.0,MEDIUM,2026-09-14 22:11:31.631484
AWB104226,BATCH-B,Bluedart,M-015,Jaipur,Tier-3,WEIGHT_DISPUTE,7.27,9.33,124.0,MEDIUM,2026-09-14 22:11:31.453814
AWB104244,BATCH-C,DTDC,M-009,Indore,Tier-2,EXCESS_FORWARD_CHARGE,95.0,114.0,19.0,LOW,2026-09-14 22:11:32.127304
AWB104245,BATCH-A,Bluedart,M-016,Pune,Tier-2,DUPLICATE_SETTLEMENT,1.0,2.0,0.0,HIGH,2026-09-14 22:11:31.913657
AWB104245,BATCH-DUP,Bluedart,M-016,Pune,Tier-2,DUPLICATE_SETTLEMENT,1.0,2.0,0.0,HIGH,2026-09-14 22:11:31.913657
AWB104248,BATCH-C,DTDC,M-016,Pune,Tier-2,EXCESS_FORWARD_CHARGE,95.0,114.0,19.0,LOW,2026-09-14 22:11:32.127304
AWB104249,BATCH-A,DTDC,M-013,Pune,Tier-2,EXCESS_FORWARD_CHARGE,95.0,114.0,19.0,LOW,2026-09-14 22:11:32.127304
AWB104252,BATCH-B,Shiprocket,M-009,Pune,Tier-2,PHANTOM_RTO_CHARGE,0.0,126.0,126.0,MEDIUM,2026-09-14 22:11:31.631484
AWB104259,BATCH-C,Bluedart,M-003,Delhi,Tier-1,DUPLICATE_SETTLEMENT,1.0,2.0,4243.0,HIGH,2026-09-14 22:11:31.913657
AWB104259,BATCH-DUP,Bluedart,M-003,Delhi,Tier-1,DUPLICATE_SETTLEMENT,1.0,2.0,4243.0,HIGH,2026-09-14 22:11:31.913657
AWB104266,BATCH-D,DTDC,M-015,Delhi,Tier-1,EXCESS_FORWARD_CHARGE,95.0,114.0,19.0,LOW,2026-09-14 22:11:32.127304
AWB104268,BATCH-C,Kwikship,M-009,Pune,Tier-2,PHANTOM_RTO_CHARGE,0.0,155.0,155.0,MEDIUM,2026-09-14 22:11:31.631484
AWB104276,BATCH-A,DTDC,M-006,Mumbai,Tier-1,EXCESS_FORWARD_CHARGE,95.0,114.0,19.0,LOW,2026-09-14 22:11:32.127304
AWB104284,BATCH-C,Shiprocket,M-006,Mumbai,Tier-1,PHANTOM_RTO_CHARGE,0.0,236.0,236.0,MEDIUM,2026-09-14 22:11:31.631484
AWB104292,BATCH-D,Delhivery,M-007,Indore,Tier-2,COD_SHORT_REMITTANCE,4738.0,4510.0,228.0,MEDIUM,2026-09-14 22:10:12.726074
AWB104297,BATCH-A,Shiprocket,M-011,Delhi,Tier-1,OVERDUE_REMITTANCE,14.0,21.0,0.0,MEDIUM,2026-09-14 22:11:31.791087
AWB104302,BATCH-D,Delhivery,M-014,Pune,Tier-2,PHANTOM_RTO_CHARGE,0.0,151.0,151.0,MEDIUM,2026-09-14 22:11:31.631484
AWB104303,BATCH-B,DTDC,M-015,Mumbai,Tier-1,EXCESS_FORWARD_CHARGE,95.0,114.0,19.0,LOW,2026-09-14 22:11:32.127304
AWB104304,BATCH-C,Bluedart,M-003,Mumbai,Tier-1,PHANTOM_RTO_CHARGE,0.0,179.0,179.0,MEDIUM,2026-09-14 22:11:31.631484
AWB104316,BATCH-C,Bluedart,M-015,Jaipur,Tier-3,WEIGHT_DISPUTE,4.43,5.72,78.0,LOW,2026-09-14 22:11:31.453814
AWB104321,BATCH-C,Bluedart,M-016,Lucknow,Tier-3,WEIGHT_DISPUTE,3.48,4.41,55.0,LOW,2026-09-14 22:11:31.453814
AWB104324,BATCH-D,Bluedart,M-010,Pune,Tier-2,DUPLICATE_SETTLEMENT,1.0,2.0,4788.0,HIGH,2026-09-14 22:11:31.913657
AWB104324,BATCH-DUP,Bluedart,M-010,Pune,Tier-2,DUPLICATE_SETTLEMENT,1.0,2.0,4788.0,HIGH,2026-09-14 22:11:31.913657
AWB104328,BATCH-B,DTDC,M-012,Delhi,Tier-1,EXCESS_FORWARD_CHARGE,95.0,114.0,19.0,LOW,2026-09-14 22:11:32.127304
AWB104329,BATCH-D,Bluedart,M-020,Jaipur,Tier-3,WEIGHT_DISPUTE,2.22,2.82,36.0,LOW,2026-09-14 22:11:31.453814
AWB104332,BATCH-A,Bluedart,M-014,Lucknow,Tier-3,WEIGHT_DISPUTE,6.97,8.34,82.0,LOW,2026-09-14 22:11:31.453814
AWB104339,BATCH-A,Bluedart,M-005,Delhi,Tier-1,PHANTOM_RTO_CHARGE,0.0,208.0,208.0,MEDIUM,2026-09-14 22:11:31.631484
AWB104345,BATCH-D,Kwikship,M-008,Pune,Tier-2,DUPLICATE_SETTLEMENT,1.0,2.0,5198.0,HIGH,2026-09-14 22:11:31.913657
AWB104345,BATCH-DUP,Kwikship,M-008,Pune,Tier-2,DUPLICATE_SETTLEMENT,1.0,2.0,5198.0,HIGH,2026-09-14 22:11:31.913657
AWB104347,BATCH-A,Shiprocket,M-007,Pune,Tier-2,OVERDUE_REMITTANCE,14.0,22.0,3891.0,MEDIUM,2026-09-14 22:11:31.791087
AWB104347,BATCH-A,Shiprocket,M-007,Pune,Tier-2,PHANTOM_RTO_CHARGE,0.0,215.0,215.0,MEDIUM,2026-09-14 22:11:31.631484
AWB104350,BATCH-D,Bluedart,M-013,Delhi,Tier-1,PHANTOM_RTO_CHARGE,0.0,238.0,238.0,MEDIUM,2026-09-14 22:11:31.631484
AWB104355,BATCH-D,Delhivery,M-018,Pune,Tier-2,PHANTOM_RTO_CHARGE,0.0,104.0,104.0,MEDIUM,2026-09-14 22:11:31.631484
AWB104359,BATCH-A,Shiprocket,M-001,Indore,Tier-2,OVERDUE_REMITTANCE,14.0,19.0,1633.0,MEDIUM,2026-09-14 22:11:31.791087
AWB104360,BATCH-C,Bluedart,M-004,Lucknow,Tier-3,WEIGHT_DISPUTE,5.63,7.05,85.0,LOW,2026-09-14 22:11:31.453814
AWB104363,BATCH-A,Shiprocket,M-013,Indore,Tier-2,PHANTOM_RTO_CHARGE,0.0,102.0,102.0,MEDIUM,2026-09-14 22:11:31.631484
AWB104373,BATCH-A,Delhivery,M-008,Jaipur,Tier-3,COD_SHORT_REMITTANCE,4632.0,4382.0,250.0,MEDIUM,2026-09-14 22:10:12.726074
AWB104378,BATCH-B,Kwikship,M-009,Jaipur,Tier-3,ETA_SLA_BREACH,72.0,105.2,0.0,LOW,2026-09-14 22:11:32.038362
AWB104380,BATCH-A,Shiprocket,M-006,Mumbai,Tier-1,OVERDUE_REMITTANCE,14.0,24.0,3912.0,MEDIUM,2026-09-14 22:11:31.791087
AWB104386,BATCH-A,DTDC,M-018,Delhi,Tier-1,EXCESS_FORWARD_CHARGE,95.0,114.0,19.0,LOW,2026-09-14 22:11:32.127304
AWB104389,BATCH-B,Bluedart,M-015,Jaipur,Tier-3,WEIGHT_DISPUTE,1.65,2.15,30.0,LOW,2026-09-14 22:11:31.453814
AWB104407,BATCH-D,Bluedart,M-003,Lucknow,Tier-3,WEIGHT_DISPUTE,3.63,4.36,44.0,LOW,2026-09-14 22:11:31.453814
AWB104409,BATCH-C,DTDC,M-013,Delhi,Tier-1,EXCESS_FORWARD_CHARGE,95.0,114.0,19.0,LOW,2026-09-14 22:11:32.127304
AWB104410,BATCH-C,Bluedart,M-018,Lucknow,Tier-3,WEIGHT_DISPUTE,6.93,9.12,132.0,MEDIUM,2026-09-14 22:11:31.453814
AWB104418,BATCH-C,DTDC,M-016,Lucknow,Tier-3,EXCESS_FORWARD_CHARGE,42.0,50.0,8.0,LOW,2026-09-14 22:11:32.127304
AWB104423,BATCH-A,Delhivery,M-017,Indore,Tier-2,COD_SHORT_REMITTANCE,5371.0,5015.0,356.0,MEDIUM,2026-09-14 22:10:12.726074
AWB104427,BATCH-B,DTDC,M-010,Pune,Tier-2,DUPLICATE_SETTLEMENT,1.0,2.0,416.0,HIGH,2026-09-14 22:11:31.913657
AWB104427,BATCH-DUP,DTDC,M-010,Pune,Tier-2,DUPLICATE_SETTLEMENT,1.0,2.0,416.0,HIGH,2026-09-14 22:11:31.913657
AWB104429,BATCH-B,Delhivery,M-013,Indore,Tier-2,PHANTOM_RTO_CHARGE,0.0,143.0,143.0,MEDIUM,2026-09-14 22:11:31.631484
AWB104430,BATCH-C,Bluedart,M-020,Lucknow,Tier-3,PHANTOM_RTO_CHARGE,0.0,194.0,194.0,MEDIUM,2026-09-14 22:11:31.631484
AWB104430,BATCH-C,Bluedart,M-020,Lucknow,Tier-3,WEIGHT_DISPUTE,3.41,4.1,41.0,LOW,2026-09-14 22:11:31.453814
AWB104434,BATCH-A,DTDC,M-004,Pune,Tier-2,EXCESS_FORWARD_CHARGE,95.0,114.0,19.0,LOW,2026-09-14 22:11:32.127304
AWB104441,BATCH-B,DTDC,M-009,Lucknow,Tier-3,EXCESS_FORWARD_CHARGE,65.0,78.0,13.0,LOW,2026-09-14 22:11:32.127304
AWB104441,BATCH-B,DTDC,M-009,Lucknow,Tier-3,PHANTOM_RTO_CHARGE,0.0,146.0,146.0,MEDIUM,2026-09-14 22:11:31.631484
AWB104443,BATCH-A,DTDC,M-007,Indore,Tier-2,EXCESS_FORWARD_CHARGE,95.0,114.0,19.0,LOW,2026-09-14 22:11:32.127304
AWB104444,BATCH-B,Kwikship,M-011,Mumbai,Tier-1,DUPLICATE_SETTLEMENT,1.0,2.0,0.0,HIGH,2026-09-14 22:11:31.913657
AWB104444,BATCH-DUP,Kwikship,M-011,Mumbai,Tier-1,DUPLICATE_SETTLEMENT,1.0,2.0,0.0,HIGH,2026-09-14 22:11:31.913657
AWB104445,BATCH-C,Bluedart,M-020,Jaipur,Tier-3,WEIGHT_DISPUTE,2.64,3.27,38.0,LOW,2026-09-14 22:11:31.453814
AWB104450,BATCH-A,DTDC,M-014,Indore,Tier-2,EXCESS_FORWARD_CHARGE,95.0,114.0,19.0,LOW,2026-09-14 22:11:32.127304
AWB104453,BATCH-A,Delhivery,M-017,Jaipur,Tier-3,COD_SHORT_REMITTANCE,4448.0,4127.0,321.0,MEDIUM,2026-09-14 22:10:12.726074
AWB104457,BATCH-A,Delhivery,M-020,Pune,Tier-2,PHANTOM_RTO_CHARGE,0.0,228.0,228.0,MEDIUM,2026-09-14 22:11:31.631484
AWB104466,BATCH-C,Bluedart,M-010,Jaipur,Tier-3,WEIGHT_DISPUTE,1.59,1.99,24.0,LOW,2026-09-14 22:11:31.453814
AWB104467,BATCH-C,DTDC,M-018,Pune,Tier-2,EXCESS_FORWARD_CHARGE,42.0,50.0,8.0,LOW,2026-09-14 22:11:32.127304
AWB104469,BATCH-B,Shiprocket,M-010,Indore,Tier-2,OVERDUE_REMITTANCE,14.0,24.0,0.0,MEDIUM,2026-09-14 22:11:31.791087
AWB104472,BATCH-B,DTDC,M-020,Jaipur,Tier-3,EXCESS_FORWARD_CHARGE,65.0,78.0,13.0,LOW,2026-09-14 22:11:32.127304
AWB104476,BATCH-D,Shiprocket,M-017,Indore,Tier-2,OVERDUE_REMITTANCE,14.0,25.0,0.0,MEDIUM,2026-09-14 22:11:31.791087
AWB104482,BATCH-B,Kwikship,M-002,Delhi,Tier-1,PHANTOM_RTO_CHARGE,0.0,122.0,122.0,MEDIUM,2026-09-14 22:11:31.631484
AWB104483,BATCH-A,Delhivery,M-007,Mumbai,Tier-1,COD_SHORT_REMITTANCE,4045.0,3796.0,249.0,MEDIUM,2026-09-14 22:10:12.726074
AWB104496,BATCH-C,DTDC,M-014,Mumbai,Tier-1,EXCESS_FORWARD_CHARGE,95.0,114.0,19.0,LOW,2026-09-14 22:11:32.127304
AWB104498,BATCH-B,DTDC,M-004,Jaipur,Tier-3,EXCESS_FORWARD_CHARGE,65.0,78.0,13.0,LOW,2026-09-14 22:11:32.127304
AWB104501,BATCH-A,Delhivery,M-005,Lucknow,Tier-3,PHANTOM_RTO_CHARGE,0.0,224.0,224.0,MEDIUM,2026-09-14 22:11:31.631484
AWB104515,BATCH-C,Delhivery,M-007,Pune,Tier-2,COD_SHORT_REMITTANCE,5151.0,4970.0,181.0,MEDIUM,2026-09-14 22:10:12.726074
AWB104517,BATCH-C,DTDC,M-007,Mumbai,Tier-1,PHANTOM_RTO_CHARGE,0.0,132.0,132.0,MEDIUM,2026-09-14 22:11:31.631484
AWB104521,BATCH-B,Delhivery,M-011,Pune,Tier-2,PHANTOM_RTO_CHARGE,0.0,241.0,241.0,MEDIUM,2026-09-14 22:11:31.631484
AWB104525,BATCH-C,DTDC,M-018,Indore,Tier-2,EXCESS_FORWARD_CHARGE,65.0,78.0,13.0,LOW,2026-09-14 22:11:32.127304
AWB104530,BATCH-D,Shiprocket,M-017,Indore,Tier-2,PHANTOM_RTO_CHARGE,0.0,192.0,192.0,MEDIUM,2026-09-14 22:11:31.631484
AWB104531,BATCH-B,Bluedart,M-013,Jaipur,Tier-3,WEIGHT_DISPUTE,5.37,6.6,74.0,LOW,2026-09-14 22:11:31.453814
AWB104538,BATCH-B,DTDC,M-011,Mumbai,Tier-1,EXCESS_FORWARD_CHARGE,42.0,50.0,8.0,LOW,2026-09-14 22:11:32.127304
AWB104539,BATCH-C,Bluedart,M-007,Lucknow,Tier-3,WEIGHT_DISPUTE,5.2,6.71,90.0,LOW,2026-09-14 22:11:31.453814
AWB104543,BATCH-C,Bluedart,M-020,Jaipur,Tier-3,WEIGHT_DISPUTE,5.57,6.86,77.0,LOW,2026-09-14 22:11:31.453814
AWB104554,BATCH-C,Delhivery,M-006,Indore,Tier-2,PHANTOM_RTO_CHARGE,0.0,159.0,159.0,MEDIUM,2026-09-14 22:11:31.631484
AWB104555,BATCH-D,Bluedart,M-020,Mumbai,Tier-1,PHANTOM_RTO_CHARGE,0.0,241.0,241.0,MEDIUM,2026-09-14 22:11:31.631484
AWB104567,BATCH-C,Kwikship,M-012,Lucknow,Tier-3,PHANTOM_RTO_CHARGE,0.0,198.0,198.0,MEDIUM,2026-09-14 22:11:31.631484
AWB104568,BATCH-A,Shiprocket,M-001,Delhi,Tier-1,OVERDUE_REMITTANCE,14.0,25.0,3774.0,MEDIUM,2026-09-14 22:11:31.791087
AWB104575,BATCH-D,DTDC,M-002,Mumbai,Tier-1,EXCESS_FORWARD_CHARGE,95.0,114.0,19.0,LOW,2026-09-14 22:11:32.127304
AWB104576,BATCH-A,DTDC,M-004,Delhi,Tier-1,EXCESS_FORWARD_CHARGE,42.0,50.0,8.0,LOW,2026-09-14 22:11:32.127304
AWB104576,BATCH-A,DTDC,M-004,Delhi,Tier-1,PHANTOM_RTO_CHARGE,0.0,195.0,195.0,MEDIUM,2026-09-14 22:11:31.631484
AWB104579,BATCH-C,Delhivery,M-014,Indore,Tier-2,PHANTOM_RTO_CHARGE,0.0,205.0,205.0,MEDIUM,2026-09-14 22:11:31.631484
AWB104585,BATCH-C,Kwikship,M-012,Delhi,Tier-1,PHANTOM_RTO_CHARGE,0.0,138.0,138.0,MEDIUM,2026-09-14 22:11:31.631484
AWB104590,BATCH-B,DTDC,M-018,Jaipur,Tier-3,EXCESS_FORWARD_CHARGE,95.0,114.0,19.0,LOW,2026-09-14 22:11:32.127304
AWB104591,BATCH-A,DTDC,M-013,Pune,Tier-2,EXCESS_FORWARD_CHARGE,65.0,78.0,13.0,LOW,2026-09-14 22:11:32.127304
AWB104594,BATCH-B,Delhivery,M-006,Delhi,Tier-1,COD_SHORT_REMITTANCE,4270.0,4058.0,212.0,MEDIUM,2026-09-14 22:10:12.726074
AWB104595,BATCH-C,Delhivery,M-005,Delhi,Tier-1,PHANTOM_RTO_CHARGE,0.0,173.0,173.0,MEDIUM,2026-09-14 22:11:31.631484
AWB104597,BATCH-C,Delhivery,M-002,Indore,Tier-2,COD_SHORT_REMITTANCE,4149.0,3848.0,301.0,MEDIUM,2026-09-14 22:10:12.726074
AWB104603,BATCH-A,Bluedart,M-002,Mumbai,Tier-1,PHANTOM_RTO_CHARGE,0.0,221.0,221.0,MEDIUM,2026-09-14 22:11:31.631484
AWB104630,BATCH-D,Bluedart,M-007,Jaipur,Tier-3,WEIGHT_DISPUTE,4.79,5.85,63.0,LOW,2026-09-14 22:11:31.453814
AWB104631,BATCH-D,DTDC,M-004,Mumbai,Tier-1,EXCESS_FORWARD_CHARGE,95.0,114.0,19.0,LOW,2026-09-14 22:11:32.127304
AWB104632,BATCH-B,Bluedart,M-004,Lucknow,Tier-3,WEIGHT_DISPUTE,2.91,3.78,52.0,LOW,2026-09-14 22:11:31.453814
AWB104636,BATCH-C,Bluedart,M-020,Lucknow,Tier-3,WEIGHT_DISPUTE,7.05,8.81,105.0,MEDIUM,2026-09-14 22:11:31.453814
AWB104637,BATCH-C,DTDC,M-009,Jaipur,Tier-3,EXCESS_FORWARD_CHARGE,95.0,114.0,19.0,LOW,2026-09-14 22:11:32.127304
AWB104639,BATCH-C,Shiprocket,M-010,Delhi,Tier-1,DUPLICATE_SETTLEMENT,1.0,2.0,0.0,HIGH,2026-09-14 22:11:31.913657
AWB104639,BATCH-DUP,Shiprocket,M-010,Delhi,Tier-1,DUPLICATE_SETTLEMENT,1.0,2.0,0.0,HIGH,2026-09-14 22:11:31.913657
AWB104645,BATCH-A,Bluedart,M-001,Lucknow,Tier-3,WEIGHT_DISPUTE,1.88,2.45,35.0,LOW,2026-09-14 22:11:31.453814
AWB104661,BATCH-B,Kwikship,M-005,Jaipur,Tier-3,ETA_SLA_BREACH,72.0,143.8,0.0,LOW,2026-09-14 22:11:32.038362
AWB104664,BATCH-D,Delhivery,M-008,Pune,Tier-2,COD_SHORT_REMITTANCE,5126.0,4947.0,179.0,MEDIUM,2026-09-14 22:10:12.726074
AWB104667,BATCH-B,Kwikship,M-017,Jaipur,Tier-3,ETA_SLA_BREACH,72.0,128.3,0.0,LOW,2026-09-14 22:11:32.038362
AWB104667,BATCH-B,Kwikship,M-017,Jaipur,Tier-3,PHANTOM_RTO_CHARGE,0.0,182.0,182.0,MEDIUM,2026-09-14 22:11:31.631484
AWB104670,BATCH-A,Kwikship,M-018,Delhi,Tier-1,PHANTOM_RTO_CHARGE,0.0,121.0,121.0,MEDIUM,2026-09-14 22:11:31.631484
AWB104671,BATCH-B,DTDC,M-011,Delhi,Tier-1,EXCESS_FORWARD_CHARGE,95.0,114.0,19.0,LOW,2026-09-14 22:11:32.127304
AWB104672,BATCH-C,Bluedart,M-016,Lucknow,Tier-3,WEIGHT_DISPUTE,4.03,5.05,61.0,LOW,2026-09-14 22:11:31.453814
AWB104673,BATCH-D,DTDC,M-008,Delhi,Tier-1,PHANTOM_RTO_CHARGE,0.0,224.0,224.0,MEDIUM,2026-09-14 22:11:31.631484
AWB104684,BATCH-B,Delhivery,M-013,Jaipur,Tier-3,COD_SHORT_REMITTANCE,3498.0,3368.0,130.0,MEDIUM,2026-09-14 22:10:12.726074
AWB104685,BATCH-B,Kwikship,M-020,Lucknow,Tier-3,ETA_SLA_BREACH,72.0,116.7,0.0,LOW,2026-09-14 22:11:32.038362
AWB104691,BATCH-B,DTDC,M-009,Jaipur,Tier-3,EXCESS_FORWARD_CHARGE,95.0,114.0,19.0,LOW,2026-09-14 22:11:32.127304
AWB104694,BATCH-A,Shiprocket,M-010,Mumbai,Tier-1,OVERDUE_REMITTANCE,14.0,21.0,0.0,MEDIUM,2026-09-14 22:11:31.791087
AWB104711,BATCH-B,Bluedart,M-014,Lucknow,Tier-3,WEIGHT_DISPUTE,6.55,7.8,75.0,LOW,2026-09-14 22:11:31.453814
AWB104712,BATCH-D,Delhivery,M-009,Indore,Tier-2,COD_SHORT_REMITTANCE,4394.0,4153.0,241.0,MEDIUM,2026-09-14 22:10:12.726074
AWB104715,BATCH-D,Bluedart,M-014,Lucknow,Tier-3,WEIGHT_DISPUTE,7.49,9.19,102.0,MEDIUM,2026-09-14 22:11:31.453814
AWB104716,BATCH-D,DTDC,M-015,Indore,Tier-2,EXCESS_FORWARD_CHARGE,95.0,114.0,19.0,LOW,2026-09-14 22:11:32.127304
AWB104722,BATCH-A,Kwikship,M-010,Lucknow,Tier-3,ETA_SLA_BREACH,72.0,131.6,0.0,LOW,2026-09-14 22:11:32.038362
AWB104723,BATCH-B,Delhivery,M-001,Lucknow,Tier-3,COD_SHORT_REMITTANCE,3111.0,2998.0,113.0,MEDIUM,2026-09-14 22:10:12.726074
AWB104726,BATCH-B,Delhivery,M-009,Delhi,Tier-1,COD_SHORT_REMITTANCE,4552.0,4269.0,283.0,MEDIUM,2026-09-14 22:10:12.726074
AWB104732,BATCH-D,Delhivery,M-008,Lucknow,Tier-3,COD_SHORT_REMITTANCE,4000.0,3849.0,151.0,MEDIUM,2026-09-14 22:10:12.726074
AWB104747,BATCH-A,DTDC,M-009,Jaipur,Tier-3,EXCESS_FORWARD_CHARGE,95.0,114.0,19.0,LOW,2026-09-14 22:11:32.127304
AWB104757,BATCH-C,Delhivery,M-005,Pune,Tier-2,COD_SHORT_REMITTANCE,5303.0,5070.0,233.0,MEDIUM,2026-09-14 22:10:12.726074
AWB104763,BATCH-C,DTDC,M-001,Delhi,Tier-1,EXCESS_FORWARD_CHARGE,95.0,114.0,19.0,LOW,2026-09-14 22:11:32.127304
AWB104764,BATCH-C,Shiprocket,M-016,Lucknow,Tier-3,PHANTOM_RTO_CHARGE,0.0,161.0,161.0,MEDIUM,2026-09-14 22:11:31.631484
AWB104768,BATCH-D,Shiprocket,M-006,Indore,Tier-2,PHANTOM_RTO_CHARGE,0.0,146.0,146.0,MEDIUM,2026-09-14 22:11:31.631484
AWB104773,BATCH-A,DTDC,M-002,Jaipur,Tier-3,EXCESS_FORWARD_CHARGE,65.0,78.0,13.0,LOW,2026-09-14 22:11:32.127304
AWB104776,BATCH-B,DTDC,M-020,Jaipur,Tier-3,EXCESS_FORWARD_CHARGE,95.0,114.0,19.0,LOW,2026-09-14 22:11:32.127304
AWB104777,BATCH-B,DTDC,M-003,Indore,Tier-2,EXCESS_FORWARD_CHARGE,95.0,114.0,19.0,LOW,2026-09-14 22:11:32.127304
AWB104779,BATCH-C,DTDC,M-002,Indore,Tier-2,EXCESS_FORWARD_CHARGE,95.0,114.0,19.0,LOW,2026-09-14 22:11:32.127304
AWB104783,BATCH-B,Shiprocket,M-011,Lucknow,Tier-3,DUPLICATE_SETTLEMENT,1.0,2.0,0.0,HIGH,2026-09-14 22:11:31.913657
AWB104783,BATCH-DUP,Shiprocket,M-011,Lucknow,Tier-3,DUPLICATE_SETTLEMENT,1.0,2.0,0.0,HIGH,2026-09-14 22:11:31.913657
AWB104791,BATCH-A,DTDC,M-007,Mumbai,Tier-1,EXCESS_FORWARD_CHARGE,95.0,114.0,19.0,LOW,2026-09-14 22:11:32.127304
AWB104795,BATCH-A,DTDC,M-001,Lucknow,Tier-3,EXCESS_FORWARD_CHARGE,95.0,114.0,19.0,LOW,2026-09-14 22:11:32.127304
AWB104798,BATCH-A,DTDC,M-010,Mumbai,Tier-1,EXCESS_FORWARD_CHARGE,95.0,114.0,19.0,LOW,2026-09-14 22:11:32.127304
AWB104801,BATCH-D,DTDC,M-011,Indore,Tier-2,EXCESS_FORWARD_CHARGE,95.0,114.0,19.0,LOW,2026-09-14 22:11:32.127304
AWB104802,BATCH-A,DTDC,M-011,Lucknow,Tier-3,EXCESS_FORWARD_CHARGE,65.0,78.0,13.0,LOW,2026-09-14 22:11:32.127304
AWB104803,BATCH-A,DTDC,M-010,Delhi,Tier-1,EXCESS_FORWARD_CHARGE,95.0,114.0,19.0,LOW,2026-09-14 22:11:32.127304
AWB104811,BATCH-A,DTDC,M-017,Indore,Tier-2,EXCESS_FORWARD_CHARGE,95.0,114.0,19.0,LOW,2026-09-14 22:11:32.127304
AWB104812,BATCH-C,Kwikship,M-020,Lucknow,Tier-3,ETA_SLA_BREACH,72.0,106.1,0.0,LOW,2026-09-14 22:11:32.038362
AWB104818,BATCH-A,DTDC,M-016,Jaipur,Tier-3,EXCESS_FORWARD_CHARGE,65.0,78.0,13.0,LOW,2026-09-14 22:11:32.127304
AWB104819,BATCH-B,Delhivery,M-006,Mumbai,Tier-1,COD_SHORT_REMITTANCE,3934.0,3684.0,250.0,MEDIUM,2026-09-14 22:10:12.726074
AWB104821,BATCH-C,Kwikship,M-015,Lucknow,Tier-3,ETA_SLA_BREACH,72.0,102.8,0.0,LOW,2026-09-14 22:11:32.038362
AWB104830,BATCH-D,Bluedart,M-018,Mumbai,Tier-1,PHANTOM_RTO_CHARGE,0.0,146.0,146.0,MEDIUM,2026-09-14 22:11:31.631484
AWB104831,BATCH-D,Bluedart,M-008,Jaipur,Tier-3,WEIGHT_DISPUTE,5.34,7.04,102.0,MEDIUM,2026-09-14 22:11:31.453814
AWB104833,BATCH-C,Delhivery,M-018,Delhi,Tier-1,COD_SHORT_REMITTANCE,3011.0,2774.0,237.0,MEDIUM,2026-09-14 22:10:12.726074
AWB104845,BATCH-B,Bluedart,M-008,Lucknow,Tier-3,WEIGHT_DISPUTE,3.75,4.7,57.0,LOW,2026-09-14 22:11:31.453814
AWB104853,BATCH-D,Delhivery,M-006,Mumbai,Tier-1,COD_SHORT_REMITTANCE,5317.0,4928.0,389.0,MEDIUM,2026-09-14 22:10:12.726074
AWB104863,BATCH-B,DTDC,M-003,Jaipur,Tier-3,EXCESS_FORWARD_CHARGE,95.0,114.0,19.0,LOW,2026-09-14 22:11:32.127304
AWB104864,BATCH-C,DTDC,M-013,Mumbai,Tier-1,PHANTOM_RTO_CHARGE,0.0,218.0,218.0,MEDIUM,2026-09-14 22:11:31.631484
AWB104866,BATCH-B,Shiprocket,M-004,Jaipur,Tier-3,PHANTOM_RTO_CHARGE,0.0,228.0,228.0,MEDIUM,2026-09-14 22:11:31.631484
AWB104868,BATCH-B,Bluedart,M-007,Jaipur,Tier-3,PHANTOM_RTO_CHARGE,0.0,182.0,182.0,MEDIUM,2026-09-14 22:11:31.631484
AWB104874,BATCH-C,DTDC,M-004,Mumbai,Tier-1,EXCESS_FORWARD_CHARGE,95.0,114.0,19.0,LOW,2026-09-14 22:11:32.127304
AWB104882,BATCH-D,Kwikship,M-009,Indore,Tier-2,PHANTOM_RTO_CHARGE,0.0,108.0,108.0,MEDIUM,2026-09-14 22:11:31.631484
AWB104883,BATCH-D,DTDC,M-019,Lucknow,Tier-3,PHANTOM_RTO_CHARGE,0.0,212.0,212.0,MEDIUM,2026-09-14 22:11:31.631484
AWB104898,BATCH-B,DTDC,M-013,Indore,Tier-2,PHANTOM_RTO_CHARGE,0.0,184.0,184.0,MEDIUM,2026-09-14 22:11:31.631484
AWB104900,BATCH-D,DTDC,M-018,Mumbai,Tier-1,EXCESS_FORWARD_CHARGE,42.0,50.0,8.0,LOW,2026-09-14 22:11:32.127304
AWB104902,BATCH-D,Delhivery,M-001,Lucknow,Tier-3,DUPLICATE_SETTLEMENT,1.0,2.0,2518.0,HIGH,2026-09-14 22:11:31.913657
AWB104902,BATCH-DUP,Delhivery,M-001,Lucknow,Tier-3,DUPLICATE_SETTLEMENT,1.0,2.0,2518.0,HIGH,2026-09-14 22:11:31.913657
AWB104909,BATCH-B,Kwikship,M-006,Jaipur,Tier-3,PHANTOM_RTO_CHARGE,0.0,169.0,169.0,MEDIUM,2026-09-14 22:11:31.631484
AWB104910,BATCH-B,Bluedart,M-020,Pune,Tier-2,DUPLICATE_SETTLEMENT,1.0,2.0,1428.0,HIGH,2026-09-14 22:11:31.913657
AWB104910,BATCH-DUP,Bluedart,M-020,Pune,Tier-2,DUPLICATE_SETTLEMENT,1.0,2.0,1428.0,HIGH,2026-09-14 22:11:31.913657
AWB104920,BATCH-A,Bluedart,M-002,Pune,Tier-2,PHANTOM_RTO_CHARGE,0.0,192.0,192.0,MEDIUM,2026-09-14 22:11:31.631484
AWB104922,BATCH-C,Bluedart,M-009,Lucknow,Tier-3,WEIGHT_DISPUTE,3.03,3.89,51.0,LOW,2026-09-14 22:11:31.453814
AWB104923,BATCH-B,Kwikship,M-016,Mumbai,Tier-1,PHANTOM_RTO_CHARGE,0.0,247.0,247.0,MEDIUM,2026-09-14 22:11:31.631484
AWB104924,BATCH-C,DTDC,M-014,Mumbai,Tier-1,EXCESS_FORWARD_CHARGE,65.0,78.0,13.0,LOW,2026-09-14 22:11:32.127304
AWB104932,BATCH-C,Kwikship,M-007,Lucknow,Tier-3,PHANTOM_RTO_CHARGE,0.0,115.0,115.0,MEDIUM,2026-09-14 22:11:31.631484
AWB104933,BATCH-B,Shiprocket,M-006,Delhi,Tier-1,OVERDUE_REMITTANCE,14.0,23.0,0.0,MEDIUM,2026-09-14 22:11:31.791087
AWB104941,BATCH-B,Delhivery,M-002,Indore,Tier-2,COD_SHORT_REMITTANCE,5904.0,5507.0,397.0,MEDIUM,2026-09-14 22:10:12.726074
AWB104950,BATCH-B,Delhivery,M-011,Lucknow,Tier-3,COD_SHORT_REMITTANCE,5003.0,4641.0,362.0,MEDIUM,2026-09-14 22:10:12.726074
AWB104953,BATCH-D,DTDC,M-007,Delhi,Tier-1,EXCESS_FORWARD_CHARGE,65.0,78.0,13.0,LOW,2026-09-14 22:11:32.127304
AWB104955,BATCH-C,Bluedart,M-006,Jaipur,Tier-3,WEIGHT_DISPUTE,6.55,8.48,116.0,MEDIUM,2026-09-14 22:11:31.453814
AWB104965,BATCH-C,Delhivery,M-004,Mumbai,Tier-1,DUPLICATE_SETTLEMENT,1.0,2.0,0.0,HIGH,2026-09-14 22:11:31.913657
AWB104965,BATCH-DUP,Delhivery,M-004,Mumbai,Tier-1,DUPLICATE_SETTLEMENT,1.0,2.0,0.0,HIGH,2026-09-14 22:11:31.913657
AWB104967,BATCH-B,DTDC,M-007,Pune,Tier-2,EXCESS_FORWARD_CHARGE,95.0,114.0,19.0,LOW,2026-09-14 22:11:32.127304
AWB104972,BATCH-A,DTDC,M-019,Mumbai,Tier-1,EXCESS_FORWARD_CHARGE,95.0,114.0,19.0,LOW,2026-09-14 22:11:32.127304
AWB104972,BATCH-A,DTDC,M-019,Mumbai,Tier-1,PHANTOM_RTO_CHARGE,0.0,181.0,181.0,MEDIUM,2026-09-14 22:11:31.631484
AWB104973,BATCH-D,DTDC,M-008,Lucknow,Tier-3,EXCESS_FORWARD_CHARGE,65.0,78.0,13.0,LOW,2026-09-14 22:11:32.127304
AWB104991,BATCH-B,Shiprocket,M-020,Indore,Tier-2,OVERDUE_REMITTANCE,14.0,18.0,0.0,MEDIUM,2026-09-14 22:11:31.791087
AWB104994,BATCH-B,Bluedart,M-005,Lucknow,Tier-3,PHANTOM_RTO_CHARGE,0.0,217.0,217.0,MEDIUM,2026-09-14 22:11:31.631484
AWB105004,BATCH-A,DTDC,M-001,Lucknow,Tier-3,EXCESS_FORWARD_CHARGE,95.0,114.0,19.0,LOW,2026-09-14 22:11:32.127304
AWB105005,BATCH-C,DTDC,M-007,Delhi,Tier-1,EXCESS_FORWARD_CHARGE,65.0,78.0,13.0,LOW,2026-09-14 22:11:32.127304
AWB105007,BATCH-B,DTDC,M-020,Pune,Tier-2,EXCESS_FORWARD_CHARGE,65.0,78.0,13.0,LOW,2026-09-14 22:11:32.127304
AWB105011,BATCH-C,Bluedart,M-015,Lucknow,Tier-3,WEIGHT_DISPUTE,3.93,4.92,59.0,LOW,2026-09-14 22:11:31.453814
AWB105013,BATCH-D,Shiprocket,M-014,Jaipur,Tier-3,OVERDUE_REMITTANCE,14.0,24.0,5795.0,MEDIUM,2026-09-14 22:11:31.791087
AWB105016,BATCH-C,Bluedart,M-009,Jaipur,Tier-3,WEIGHT_DISPUTE,4.95,6.37,85.0,LOW,2026-09-14 22:11:31.453814
AWB105019,BATCH-C,Shiprocket,M-002,Pune,Tier-2,OVERDUE_REMITTANCE,14.0,27.0,1618.0,MEDIUM,2026-09-14 22:11:31.791087
AWB105029,BATCH-A,Kwikship,M-007,Mumbai,Tier-1,DUPLICATE_SETTLEMENT,1.0,2.0,1622.0,HIGH,2026-09-14 22:11:31.913657
AWB105029,BATCH-A,Kwikship,M-007,Mumbai,Tier-1,PHANTOM_RTO_CHARGE,0.0,152.0,152.0,MEDIUM,2026-09-14 22:11:31.631484
AWB105029,BATCH-DUP,Kwikship,M-007,Mumbai,Tier-1,DUPLICATE_SETTLEMENT,1.0,2.0,1622.0,HIGH,2026-09-14 22:11:31.913657
AWB105029,BATCH-DUP,Kwikship,M-007,Mumbai,Tier-1,PHANTOM_RTO_CHARGE,0.0,152.0,152.0,MEDIUM,2026-09-14 22:11:31.631484
AWB105033,BATCH-B,Delhivery,M-009,Jaipur,Tier-3,COD_SHORT_REMITTANCE,4481.0,4341.0,140.0,MEDIUM,2026-09-14 22:10:12.726074
AWB105034,BATCH-C,DTDC,M-016,Lucknow,Tier-3,EXCESS_FORWARD_CHARGE,95.0,114.0,19.0,LOW,2026-09-14 22:11:32.127304
AWB105036,BATCH-A,Kwikship,M-012,Mumbai,Tier-1,PHANTOM_RTO_CHARGE,0.0,227.0,227.0,MEDIUM,2026-09-14 22:11:31.631484
AWB105039,BATCH-A,DTDC,M-012,Pune,Tier-2,EXCESS_FORWARD_CHARGE,95.0,114.0,19.0,LOW,2026-09-14 22:11:32.127304
AWB105045,BATCH-A,DTDC,M-014,Indore,Tier-2,EXCESS_FORWARD_CHARGE,95.0,114.0,19.0,LOW,2026-09-14 22:11:32.127304
AWB105059,BATCH-D,Delhivery,M-009,Pune,Tier-2,PHANTOM_RTO_CHARGE,0.0,214.0,214.0,MEDIUM,2026-09-14 22:11:31.631484
AWB105060,BATCH-D,DTDC,M-003,Pune,Tier-2,EXCESS_FORWARD_CHARGE,65.0,78.0,13.0,LOW,2026-09-14 22:11:32.127304
AWB105071,BATCH-D,Kwikship,M-013,Pune,Tier-2,PHANTOM_RTO_CHARGE,0.0,112.0,112.0,MEDIUM,2026-09-14 22:11:31.631484
AWB105075,BATCH-C,Kwikship,M-009,Jaipur,Tier-3,ETA_SLA_BREACH,72.0,120.4,0.0,LOW,2026-09-14 22:11:32.038362
AWB105082,BATCH-B,DTDC,M-008,Jaipur,Tier-3,EXCESS_FORWARD_CHARGE,95.0,114.0,19.0,LOW,2026-09-14 22:11:32.127304
AWB105086,BATCH-B,DTDC,M-015,Pune,Tier-2,EXCESS_FORWARD_CHARGE,95.0,114.0,19.0,LOW,2026-09-14 22:11:32.127304
AWB105093,BATCH-A,DTDC,M-002,Lucknow,Tier-3,EXCESS_FORWARD_CHARGE,95.0,114.0,19.0,LOW,2026-09-14 22:11:32.127304
AWB105094,BATCH-D,DTDC,M-005,Lucknow,Tier-3,EXCESS_FORWARD_CHARGE,65.0,78.0,13.0,LOW,2026-09-14 22:11:32.127304
AWB105095,BATCH-B,Shiprocket,M-013,Pune,Tier-2,OVERDUE_REMITTANCE,14.0,27.0,2758.0,MEDIUM,2026-09-14 22:11:31.791087
AWB105106,BATCH-A,DTDC,M-018,Pune,Tier-2,EXCESS_FORWARD_CHARGE,95.0,114.0,19.0,LOW,2026-09-14 22:11:32.127304
AWB105108,BATCH-D,Shiprocket,M-015,Mumbai,Tier-1,OVERDUE_REMITTANCE,14.0,20.0,4574.0,MEDIUM,2026-09-14 22:11:31.791087
AWB105117,BATCH-A,Bluedart,M-013,Lucknow,Tier-3,WEIGHT_DISPUTE,4.26,5.12,52.0,LOW,2026-09-14 22:11:31.453814
AWB105120,BATCH-D,Kwikship,M-015,Delhi,Tier-1,DUPLICATE_SETTLEMENT,1.0,2.0,4412.0,HIGH,2026-09-14 22:11:31.913657
AWB105120,BATCH-DUP,Kwikship,M-015,Delhi,Tier-1,DUPLICATE_SETTLEMENT,1.0,2.0,4412.0,HIGH,2026-09-14 22:11:31.913657
AWB105125,BATCH-C,DTDC,M-020,Pune,Tier-2,EXCESS_FORWARD_CHARGE,95.0,114.0,19.0,LOW,2026-09-14 22:11:32.127304
AWB105126,BATCH-B,Delhivery,M-003,Mumbai,Tier-1,COD_SHORT_REMITTANCE,4489.0,4238.0,251.0,MEDIUM,2026-09-14 22:10:12.726074
AWB105128,BATCH-C,DTDC,M-007,Mumbai,Tier-1,EXCESS_FORWARD_CHARGE,95.0,114.0,19.0,LOW,2026-09-14 22:11:32.127304
AWB105131,BATCH-B,Bluedart,M-016,Jaipur,Tier-3,WEIGHT_DISPUTE,3.81,4.69,53.0,LOW,2026-09-14 22:11:31.453814
AWB105132,BATCH-C,DTDC,M-001,Indore,Tier-2,EXCESS_FORWARD_CHARGE,95.0,114.0,19.0,LOW,2026-09-14 22:11:32.127304
AWB105143,BATCH-B,Delhivery,M-018,Mumbai,Tier-1,COD_SHORT_REMITTANCE,4000.0,3686.0,314.0,MEDIUM,2026-09-14 22:10:12.726074
AWB105143,BATCH-B,Delhivery,M-018,Mumbai,Tier-1,PHANTOM_RTO_CHARGE,0.0,218.0,218.0,MEDIUM,2026-09-14 22:11:31.631484
AWB105146,BATCH-C,Kwikship,M-007,Lucknow,Tier-3,ETA_SLA_BREACH,72.0,121.6,0.0,LOW,2026-09-14 22:11:32.038362
AWB105146,BATCH-C,Kwikship,M-007,Lucknow,Tier-3,PHANTOM_RTO_CHARGE,0.0,249.0,249.0,MEDIUM,2026-09-14 22:11:31.631484
AWB105151,BATCH-D,DTDC,M-006,Lucknow,Tier-3,EXCESS_FORWARD_CHARGE,95.0,114.0,19.0,LOW,2026-09-14 22:11:32.127304
AWB105156,BATCH-D,Shiprocket,M-018,Indore,Tier-2,PHANTOM_RTO_CHARGE,0.0,163.0,163.0,MEDIUM,2026-09-14 22:11:31.631484
AWB105159,BATCH-A,Delhivery,M-003,Jaipur,Tier-3,COD_SHORT_REMITTANCE,5245.0,4984.0,261.0,MEDIUM,2026-09-14 22:10:12.726074
AWB105178,BATCH-C,Shiprocket,M-014,Indore,Tier-2,PHANTOM_RTO_CHARGE,0.0,106.0,106.0,MEDIUM,2026-09-14 22:11:31.631484
AWB105184,BATCH-A,Kwikship,M-004,Jaipur,Tier-3,ETA_SLA_BREACH,72.0,141.4,0.0,LOW,2026-09-14 22:11:32.038362
AWB105185,BATCH-B,DTDC,M-009,Lucknow,Tier-3,EXCESS_FORWARD_CHARGE,95.0,114.0,19.0,LOW,2026-09-14 22:11:32.127304
AWB105190,BATCH-A,DTDC,M-003,Delhi,Tier-1,EXCESS_FORWARD_CHARGE,95.0,114.0,19.0,LOW,2026-09-14 22:11:32.127304
AWB105190,BATCH-A,DTDC,M-003,Delhi,Tier-1,PHANTOM_RTO_CHARGE,0.0,141.0,141.0,MEDIUM,2026-09-14 22:11:31.631484
AWB105192,BATCH-C,DTDC,M-001,Mumbai,Tier-1,EXCESS_FORWARD_CHARGE,95.0,114.0,19.0,LOW,2026-09-14 22:11:32.127304
AWB105199,BATCH-A,DTDC,M-019,Delhi,Tier-1,EXCESS_FORWARD_CHARGE,95.0,114.0,19.0,LOW,2026-09-14 22:11:32.127304
AWB105201,BATCH-B,Kwikship,M-019,Jaipur,Tier-3,ETA_SLA_BREACH,72.0,125.8,0.0,LOW,2026-09-14 22:11:32.038362
AWB105212,BATCH-B,Bluedart,M-014,Lucknow,Tier-3,WEIGHT_DISPUTE,4.44,5.42,59.0,LOW,2026-09-14 22:11:31.453814
AWB105219,BATCH-C,Delhivery,M-001,Mumbai,Tier-1,COD_SHORT_REMITTANCE,4300.0,4141.0,159.0,MEDIUM,2026-09-14 22:10:12.726074
AWB105220,BATCH-A,Delhivery,M-011,Pune,Tier-2,PHANTOM_RTO_CHARGE,0.0,134.0,134.0,MEDIUM,2026-09-14 22:11:31.631484
AWB105221,BATCH-A,DTDC,M-014,Mumbai,Tier-1,EXCESS_FORWARD_CHARGE,95.0,114.0,19.0,LOW,2026-09-14 22:11:32.127304
AWB105222,BATCH-C,Kwikship,M-015,Pune,Tier-2,PHANTOM_RTO_CHARGE,0.0,194.0,194.0,MEDIUM,2026-09-14 22:11:31.631484
AWB105229,BATCH-A,Bluedart,M-001,Lucknow,Tier-3,WEIGHT_DISPUTE,4.4,5.3,54.0,LOW,2026-09-14 22:11:31.453814
AWB105238,BATCH-C,Kwikship,M-013,Delhi,Tier-1,PHANTOM_RTO_CHARGE,0.0,218.0,218.0,MEDIUM,2026-09-14 22:11:31.631484
AWB105241,BATCH-B,Kwikship,M-009,Lucknow,Tier-3,ETA_SLA_BREACH,72.0,123.8,0.0,LOW,2026-09-14 22:11:32.038362
AWB105246,BATCH-C,Bluedart,M-020,Lucknow,Tier-3,DUPLICATE_SETTLEMENT,1.0,2.0,3990.0,HIGH,2026-09-14 22:11:31.913657
AWB105246,BATCH-C,Bluedart,M-020,Lucknow,Tier-3,PHANTOM_RTO_CHARGE,0.0,237.0,237.0,MEDIUM,2026-09-14 22:11:31.631484
AWB105246,BATCH-DUP,Bluedart,M-020,Lucknow,Tier-3,DUPLICATE_SETTLEMENT,1.0,2.0,3990.0,HIGH,2026-09-14 22:11:31.913657
AWB105246,BATCH-DUP,Bluedart,M-020,Lucknow,Tier-3,PHANTOM_RTO_CHARGE,0.0,237.0,237.0,MEDIUM,2026-09-14 22:11:31.631484
AWB105252,BATCH-A,Delhivery,M-013,Indore,Tier-2,COD_SHORT_REMITTANCE,3859.0,3590.0,269.0,MEDIUM,2026-09-14 22:10:12.726074
AWB105255,BATCH-D,Bluedart,M-003,Lucknow,Tier-3,WEIGHT_DISPUTE,3.61,4.43,49.0,LOW,2026-09-14 22:11:31.453814
AWB105261,BATCH-C,Bluedart,M-003,Lucknow,Tier-3,WEIGHT_DISPUTE,4.05,4.95,54.0,LOW,2026-09-14 22:11:31.453814
AWB105264,BATCH-A,Bluedart,M-017,Jaipur,Tier-3,WEIGHT_DISPUTE,4.4,5.64,75.0,LOW,2026-09-14 22:11:31.453814
AWB105267,BATCH-C,Bluedart,M-014,Jaipur,Tier-3,WEIGHT_DISPUTE,6.3,8.29,119.0,MEDIUM,2026-09-14 22:11:31.453814
AWB105281,BATCH-D,Kwikship,M-005,Jaipur,Tier-3,ETA_SLA_BREACH,72.0,102.0,0.0,LOW,2026-09-14 22:11:32.038362
AWB105287,BATCH-A,Shiprocket,M-008,Delhi,Tier-1,PHANTOM_RTO_CHARGE,0.0,249.0,249.0,MEDIUM,2026-09-14 22:11:31.631484
AWB105289,BATCH-B,Delhivery,M-003,Mumbai,Tier-1,PHANTOM_RTO_CHARGE,0.0,121.0,121.0,MEDIUM,2026-09-14 22:11:31.631484
AWB105290,BATCH-B,Delhivery,M-017,Pune,Tier-2,PHANTOM_RTO_CHARGE,0.0,234.0,234.0,MEDIUM,2026-09-14 22:11:31.631484
AWB105292,BATCH-B,DTDC,M-017,Pune,Tier-2,EXCESS_FORWARD_CHARGE,95.0,114.0,19.0,LOW,2026-09-14 22:11:32.127304
AWB105301,BATCH-B,Bluedart,M-018,Jaipur,Tier-3,WEIGHT_DISPUTE,1.52,1.95,25.0,LOW,2026-09-14 22:11:31.453814
AWB105304,BATCH-C,Kwikship,M-018,Jaipur,Tier-3,ETA_SLA_BREACH,72.0,140.3,0.0,LOW,2026-09-14 22:11:32.038362
AWB105318,BATCH-A,Delhivery,M-009,Indore,Tier-2,COD_SHORT_REMITTANCE,5236.0,4986.0,250.0,MEDIUM,2026-09-14 22:10:12.726074
AWB105318,BATCH-A,Delhivery,M-009,Indore,Tier-2,PHANTOM_RTO_CHARGE,0.0,217.0,217.0,MEDIUM,2026-09-14 22:11:31.631484
AWB105321,BATCH-C,Bluedart,M-014,Jaipur,Tier-3,WEIGHT_DISPUTE,3.21,4.09,53.0,LOW,2026-09-14 22:11:31.453814
AWB105327,BATCH-D,Bluedart,M-002,Jaipur,Tier-3,WEIGHT_DISPUTE,6.96,8.38,85.0,LOW,2026-09-14 22:11:31.453814
AWB105328,BATCH-B,DTDC,M-018,Pune,Tier-2,EXCESS_FORWARD_CHARGE,95.0,114.0,19.0,LOW,2026-09-14 22:11:32.127304
AWB105330,BATCH-C,Bluedart,M-020,Jaipur,Tier-3,WEIGHT_DISPUTE,1.49,1.96,28.0,LOW,2026-09-14 22:11:31.453814
AWB105334,BATCH-D,DTDC,M-020,Delhi,Tier-1,DUPLICATE_SETTLEMENT,1.0,2.0,1433.0,HIGH,2026-09-14 22:11:31.913657
AWB105334,BATCH-DUP,DTDC,M-020,Delhi,Tier-1,DUPLICATE_SETTLEMENT,1.0,2.0,1433.0,HIGH,2026-09-14 22:11:31.913657
AWB105335,BATCH-B,Bluedart,M-010,Indore,Tier-2,PHANTOM_RTO_CHARGE,0.0,234.0,234.0,MEDIUM,2026-09-14 22:11:31.631484
AWB105340,BATCH-C,DTDC,M-011,Delhi,Tier-1,EXCESS_FORWARD_CHARGE,95.0,114.0,19.0,LOW,2026-09-14 22:11:32.127304
AWB105341,BATCH-C,DTDC,M-018,Pune,Tier-2,EXCESS_FORWARD_CHARGE,95.0,114.0,19.0,LOW,2026-09-14 22:11:32.127304
AWB105348,BATCH-C,DTDC,M-017,Indore,Tier-2,EXCESS_FORWARD_CHARGE,95.0,114.0,19.0,LOW,2026-09-14 22:11:32.127304
AWB105354,BATCH-D,Delhivery,M-001,Pune,Tier-2,COD_SHORT_REMITTANCE,5374.0,5039.0,335.0,MEDIUM,2026-09-14 22:10:12.726074
AWB105355,BATCH-C,DTDC,M-009,Jaipur,Tier-3,EXCESS_FORWARD_CHARGE,65.0,78.0,13.0,LOW,2026-09-14 22:11:32.127304
AWB105356,BATCH-D,DTDC,M-008,Pune,Tier-2,PHANTOM_RTO_CHARGE,0.0,203.0,203.0,MEDIUM,2026-09-14 22:11:31.631484
AWB105358,BATCH-D,Bluedart,M-013,Delhi,Tier-1,PHANTOM_RTO_CHARGE,0.0,131.0,131.0,MEDIUM,2026-09-14 22:11:31.631484
AWB105362,BATCH-B,Bluedart,M-018,Indore,Tier-2,PHANTOM_RTO_CHARGE,0.0,180.0,180.0,MEDIUM,2026-09-14 22:11:31.631484
AWB105364,BATCH-D,Delhivery,M-015,Pune,Tier-2,COD_SHORT_REMITTANCE,4969.0,4609.0,360.0,MEDIUM,2026-09-14 22:10:12.726074
AWB105364,BATCH-D,Delhivery,M-015,Pune,Tier-2,PHANTOM_RTO_CHARGE,0.0,119.0,119.0,MEDIUM,2026-09-14 22:11:31.631484
AWB105366,BATCH-B,Bluedart,M-014,Jaipur,Tier-3,WEIGHT_DISPUTE,1.97,2.5,32.0,LOW,2026-09-14 22:11:31.453814
AWB105367,BATCH-B,Bluedart,M-004,Mumbai,Tier-1,PHANTOM_RTO_CHARGE,0.0,188.0,188.0,MEDIUM,2026-09-14 22:11:31.631484
AWB105369,BATCH-D,Bluedart,M-014,Lucknow,Tier-3,WEIGHT_DISPUTE,7.2,9.27,124.0,MEDIUM,2026-09-14 22:11:31.453814
AWB105371,BATCH-B,DTDC,M-008,Pune,Tier-2,EXCESS_FORWARD_CHARGE,95.0,114.0,19.0,LOW,2026-09-14 22:11:32.127304
AWB105374,BATCH-D,Bluedart,M-005,Jaipur,Tier-3,WEIGHT_DISPUTE,7.11,8.84,103.0,MEDIUM,2026-09-14 22:11:31.453814
AWB105378,BATCH-C,DTDC,M-020,Delhi,Tier-1,EXCESS_FORWARD_CHARGE,95.0,114.0,19.0,LOW,2026-09-14 22:11:32.127304
AWB105381,BATCH-B,Kwikship,M-015,Lucknow,Tier-3,PHANTOM_RTO_CHARGE,0.0,236.0,236.0,MEDIUM,2026-09-14 22:11:31.631484
AWB105385,BATCH-C,DTDC,M-005,Pune,Tier-2,EXCESS_FORWARD_CHARGE,95.0,114.0,19.0,LOW,2026-09-14 22:11:32.127304
AWB105390,BATCH-B,Delhivery,M-014,Delhi,Tier-1,PHANTOM_RTO_CHARGE,0.0,214.0,214.0,MEDIUM,2026-09-14 22:11:31.631484
AWB105399,BATCH-B,Shiprocket,M-009,Delhi,Tier-1,OVERDUE_REMITTANCE,14.0,18.0,3655.0,MEDIUM,2026-09-14 22:11:31.791087
AWB105408,BATCH-A,Kwikship,M-005,Delhi,Tier-1,PHANTOM_RTO_CHARGE,0.0,170.0,170.0,MEDIUM,2026-09-14 22:11:31.631484
AWB105414,BATCH-D,DTDC,M-007,Jaipur,Tier-3,EXCESS_FORWARD_CHARGE,65.0,78.0,13.0,LOW,2026-09-14 22:11:32.127304
AWB105415,BATCH-D,DTDC,M-014,Mumbai,Tier-1,PHANTOM_RTO_CHARGE,0.0,102.0,102.0,MEDIUM,2026-09-14 22:11:31.631484
AWB105417,BATCH-A,DTDC,M-012,Mumbai,Tier-1,PHANTOM_RTO_CHARGE,0.0,124.0,124.0,MEDIUM,2026-09-14 22:11:31.631484
AWB105424,BATCH-A,Shiprocket,M-005,Indore,Tier-2,OVERDUE_REMITTANCE,14.0,23.0,0.0,MEDIUM,2026-09-14 22:11:31.791087
AWB105425,BATCH-C,DTDC,M-011,Delhi,Tier-1,PHANTOM_RTO_CHARGE,0.0,145.0,145.0,MEDIUM,2026-09-14 22:11:31.631484
AWB105426,BATCH-A,DTDC,M-016,Jaipur,Tier-3,EXCESS_FORWARD_CHARGE,95.0,114.0,19.0,LOW,2026-09-14 22:11:32.127304
AWB105430,BATCH-D,DTDC,M-007,Jaipur,Tier-3,EXCESS_FORWARD_CHARGE,65.0,78.0,13.0,LOW,2026-09-14 22:11:32.127304
AWB105432,BATCH-C,Delhivery,M-019,Pune,Tier-2,PHANTOM_RTO_CHARGE,0.0,134.0,134.0,MEDIUM,2026-09-14 22:11:31.631484
AWB105434,BATCH-C,DTDC,M-004,Indore,Tier-2,PHANTOM_RTO_CHARGE,0.0,234.0,234.0,MEDIUM,2026-09-14 22:11:31.631484
AWB105439,BATCH-A,DTDC,M-006,Indore,Tier-2,EXCESS_FORWARD_CHARGE,95.0,114.0,19.0,LOW,2026-09-14 22:11:32.127304
AWB105447,BATCH-B,Bluedart,M-001,Indore,Tier-2,PHANTOM_RTO_CHARGE,0.0,152.0,152.0,MEDIUM,2026-09-14 22:11:31.631484
AWB105450,BATCH-C,DTDC,M-011,Lucknow,Tier-3,EXCESS_FORWARD_CHARGE,95.0,114.0,19.0,LOW,2026-09-14 22:11:32.127304
AWB105456,BATCH-D,Bluedart,M-014,Lucknow,Tier-3,WEIGHT_DISPUTE,2.93,3.68,45.0,LOW,2026-09-14 22:11:31.453814
AWB105465,BATCH-A,Bluedart,M-020,Pune,Tier-2,PHANTOM_RTO_CHARGE,0.0,241.0,241.0,MEDIUM,2026-09-14 22:11:31.631484
AWB105466,BATCH-B,Delhivery,M-016,Lucknow,Tier-3,COD_SHORT_REMITTANCE,4156.0,3902.0,254.0,MEDIUM,2026-09-14 22:10:12.726074
AWB105472,BATCH-A,DTDC,M-003,Delhi,Tier-1,EXCESS_FORWARD_CHARGE,95.0,114.0,19.0,LOW,2026-09-14 22:11:32.127304
AWB105475,BATCH-A,Delhivery,M-004,Lucknow,Tier-3,COD_SHORT_REMITTANCE,5287.0,4874.0,413.0,MEDIUM,2026-09-14 22:10:12.726074
AWB105476,BATCH-A,Bluedart,M-006,Pune,Tier-2,PHANTOM_RTO_CHARGE,0.0,217.0,217.0,MEDIUM,2026-09-14 22:11:31.631484
AWB105477,BATCH-C,Shiprocket,M-005,Jaipur,Tier-3,DUPLICATE_SETTLEMENT,1.0,2.0,2357.0,HIGH,2026-09-14 22:11:31.913657
AWB105477,BATCH-DUP,Shiprocket,M-005,Jaipur,Tier-3,DUPLICATE_SETTLEMENT,1.0,2.0,2357.0,HIGH,2026-09-14 22:11:31.913657
AWB105482,BATCH-D,Shiprocket,M-003,Mumbai,Tier-1,OVERDUE_REMITTANCE,14.0,25.0,0.0,MEDIUM,2026-09-14 22:11:31.791087
AWB105486,BATCH-D,Bluedart,M-012,Lucknow,Tier-3,WEIGHT_DISPUTE,6.93,8.58,99.0,LOW,2026-09-14 22:11:31.453814
AWB105487,BATCH-D,DTDC,M-003,Indore,Tier-2,EXCESS_FORWARD_CHARGE,65.0,78.0,13.0,LOW,2026-09-14 22:11:32.127304
AWB105488,BATCH-D,DTDC,M-002,Pune,Tier-2,EXCESS_FORWARD_CHARGE,95.0,114.0,19.0,LOW,2026-09-14 22:11:32.127304
AWB105495,BATCH-D,DTDC,M-004,Pune,Tier-2,EXCESS_FORWARD_CHARGE,95.0,114.0,19.0,LOW,2026-09-14 22:11:32.127304
AWB105497,BATCH-B,DTDC,M-014,Jaipur,Tier-3,EXCESS_FORWARD_CHARGE,42.0,50.0,8.0,LOW,2026-09-14 22:11:32.127304
AWB105500,BATCH-B,Delhivery,M-006,Pune,Tier-2,COD_SHORT_REMITTANCE,5495.0,5057.0,438.0,MEDIUM,2026-09-14 22:10:12.726074
AWB105503,BATCH-C,Bluedart,M-013,Jaipur,Tier-3,WEIGHT_DISPUTE,7.54,9.64,126.0,MEDIUM,2026-09-14 22:11:31.453814
AWB105506,BATCH-C,Shiprocket,M-020,Mumbai,Tier-1,OVERDUE_REMITTANCE,14.0,19.0,0.0,MEDIUM,2026-09-14 22:11:31.791087
AWB105510,BATCH-D,Delhivery,M-003,Lucknow,Tier-3,COD_SHORT_REMITTANCE,3275.0,3122.0,153.0,MEDIUM,2026-09-14 22:10:12.726074
AWB105513,BATCH-D,Kwikship,M-014,Lucknow,Tier-3,ETA_SLA_BREACH,72.0,121.6,0.0,LOW,2026-09-14 22:11:32.038362
AWB105513,BATCH-D,Kwikship,M-014,Lucknow,Tier-3,PHANTOM_RTO_CHARGE,0.0,247.0,247.0,MEDIUM,2026-09-14 22:11:31.631484
AWB105514,BATCH-B,Shiprocket,M-014,Delhi,Tier-1,OVERDUE_REMITTANCE,14.0,27.0,4536.0,MEDIUM,2026-09-14 22:11:31.791087
AWB105516,BATCH-A,DTDC,M-020,Lucknow,Tier-3,PHANTOM_RTO_CHARGE,0.0,222.0,222.0,MEDIUM,2026-09-14 22:11:31.631484
AWB105519,BATCH-D,DTDC,M-011,Indore,Tier-2,EXCESS_FORWARD_CHARGE,95.0,114.0,19.0,LOW,2026-09-14 22:11:32.127304
AWB105521,BATCH-A,Kwikship,M-012,Lucknow,Tier-3,ETA_SLA_BREACH,72.0,127.8,0.0,LOW,2026-09-14 22:11:32.038362
AWB105524,BATCH-B,Bluedart,M-009,Jaipur,Tier-3,WEIGHT_DISPUTE,2.38,2.84,28.0,LOW,2026-09-14 22:11:31.453814
AWB105533,BATCH-A,Bluedart,M-005,Jaipur,Tier-3,WEIGHT_DISPUTE,5.02,6.26,74.0,LOW,2026-09-14 22:11:31.453814
AWB105535,BATCH-A,DTDC,M-011,Jaipur,Tier-3,EXCESS_FORWARD_CHARGE,65.0,78.0,13.0,LOW,2026-09-14 22:11:32.127304
AWB105542,BATCH-D,Delhivery,M-015,Pune,Tier-2,PHANTOM_RTO_CHARGE,0.0,210.0,210.0,MEDIUM,2026-09-14 22:11:31.631484
AWB105543,BATCH-D,Delhivery,M-020,Lucknow,Tier-3,COD_SHORT_REMITTANCE,4432.0,4158.0,274.0,MEDIUM,2026-09-14 22:10:12.726074
AWB105544,BATCH-D,Bluedart,M-002,Mumbai,Tier-1,PHANTOM_RTO_CHARGE,0.0,212.0,212.0,MEDIUM,2026-09-14 22:11:31.631484
AWB105545,BATCH-B,Kwikship,M-019,Indore,Tier-2,PHANTOM_RTO_CHARGE,0.0,147.0,147.0,MEDIUM,2026-09-14 22:11:31.631484
AWB105546,BATCH-A,Delhivery,M-003,Lucknow,Tier-3,COD_SHORT_REMITTANCE,4592.0,4329.0,263.0,MEDIUM,2026-09-14 22:10:12.726074
AWB105552,BATCH-A,Shiprocket,M-017,Indore,Tier-2,PHANTOM_RTO_CHARGE,0.0,140.0,140.0,MEDIUM,2026-09-14 22:11:31.631484
AWB105558,BATCH-B,Shiprocket,M-014,Pune,Tier-2,OVERDUE_REMITTANCE,14.0,26.0,0.0,MEDIUM,2026-09-14 22:11:31.791087
AWB105559,BATCH-D,Shiprocket,M-012,Jaipur,Tier-3,OVERDUE_REMITTANCE,14.0,21.0,549.0,MEDIUM,2026-09-14 22:11:31.791087
AWB105560,BATCH-C,DTDC,M-020,Jaipur,Tier-3,EXCESS_FORWARD_CHARGE,95.0,114.0,19.0,LOW,2026-09-14 22:11:32.127304
AWB105567,BATCH-C,DTDC,M-001,Pune,Tier-2,EXCESS_FORWARD_CHARGE,95.0,114.0,19.0,LOW,2026-09-14 22:11:32.127304
AWB105570,BATCH-B,Kwikship,M-019,Jaipur,Tier-3,ETA_SLA_BREACH,72.0,142.2,0.0,LOW,2026-09-14 22:11:32.038362
AWB105575,BATCH-B,DTDC,M-016,Delhi,Tier-1,PHANTOM_RTO_CHARGE,0.0,183.0,183.0,MEDIUM,2026-09-14 22:11:31.631484
AWB105577,BATCH-A,DTDC,M-004,Mumbai,Tier-1,EXCESS_FORWARD_CHARGE,95.0,114.0,19.0,LOW,2026-09-14 22:11:32.127304
AWB105589,BATCH-D,Shiprocket,M-016,Indore,Tier-2,OVERDUE_REMITTANCE,14.0,20.0,0.0,MEDIUM,2026-09-14 22:11:31.791087
AWB105593,BATCH-C,DTDC,M-016,Delhi,Tier-1,EXCESS_FORWARD_CHARGE,95.0,114.0,19.0,LOW,2026-09-14 22:11:32.127304
AWB105598,BATCH-D,DTDC,M-009,Delhi,Tier-1,EXCESS_FORWARD_CHARGE,95.0,114.0,19.0,LOW,2026-09-14 22:11:32.127304
AWB105599,BATCH-D,DTDC,M-016,Jaipur,Tier-3,EXCESS_FORWARD_CHARGE,65.0,78.0,13.0,LOW,2026-09-14 22:11:32.127304
AWB105611,BATCH-D,DTDC,M-018,Pune,Tier-2,EXCESS_FORWARD_CHARGE,95.0,114.0,19.0,LOW,2026-09-14 22:11:32.127304
AWB105613,BATCH-C,Delhivery,M-007,Pune,Tier-2,DUPLICATE_SETTLEMENT,1.0,2.0,1787.0,HIGH,2026-09-14 22:11:31.913657
AWB105613,BATCH-DUP,Delhivery,M-007,Pune,Tier-2,DUPLICATE_SETTLEMENT,1.0,2.0,1787.0,HIGH,2026-09-14 22:11:31.913657
AWB105614,BATCH-D,Kwikship,M-006,Mumbai,Tier-1,PHANTOM_RTO_CHARGE,0.0,236.0,236.0,MEDIUM,2026-09-14 22:11:31.631484
AWB105615,BATCH-C,Bluedart,M-009,Jaipur,Tier-3,WEIGHT_DISPUTE,4.82,5.69,52.0,LOW,2026-09-14 22:11:31.453814
AWB105618,BATCH-B,Delhivery,M-014,Pune,Tier-2,PHANTOM_RTO_CHARGE,0.0,156.0,156.0,MEDIUM,2026-09-14 22:11:31.631484
AWB105619,BATCH-A,DTDC,M-006,Pune,Tier-2,EXCESS_FORWARD_CHARGE,42.0,50.0,8.0,LOW,2026-09-14 22:11:32.127304
AWB105621,BATCH-A,Kwikship,M-003,Jaipur,Tier-3,ETA_SLA_BREACH,72.0,112.4,0.0,LOW,2026-09-14 22:11:32.038362
AWB105623,BATCH-C,Bluedart,M-014,Indore,Tier-2,PHANTOM_RTO_CHARGE,0.0,186.0,186.0,MEDIUM,2026-09-14 22:11:31.631484
AWB105625,BATCH-A,Delhivery,M-012,Indore,Tier-2,PHANTOM_RTO_CHARGE,0.0,213.0,213.0,MEDIUM,2026-09-14 22:11:31.631484
AWB105629,BATCH-A,Kwikship,M-001,Lucknow,Tier-3,ETA_SLA_BREACH,72.0,119.8,0.0,LOW,2026-09-14 22:11:32.038362
AWB105643,BATCH-B,DTDC,M-006,Pune,Tier-2,EXCESS_FORWARD_CHARGE,95.0,114.0,19.0,LOW,2026-09-14 22:11:32.127304
AWB105644,BATCH-D,DTDC,M-009,Delhi,Tier-1,PHANTOM_RTO_CHARGE,0.0,194.0,194.0,MEDIUM,2026-09-14 22:11:31.631484
AWB105645,BATCH-B,DTDC,M-020,Mumbai,Tier-1,EXCESS_FORWARD_CHARGE,95.0,114.0,19.0,LOW,2026-09-14 22:11:32.127304
AWB105647,BATCH-C,Kwikship,M-008,Mumbai,Tier-1,PHANTOM_RTO_CHARGE,0.0,192.0,192.0,MEDIUM,2026-09-14 22:11:31.631484
AWB105648,BATCH-A,Shiprocket,M-004,Lucknow,Tier-3,OVERDUE_REMITTANCE,14.0,27.0,0.0,MEDIUM,2026-09-14 22:11:31.791087
AWB105648,BATCH-A,Shiprocket,M-004,Lucknow,Tier-3,PHANTOM_RTO_CHARGE,0.0,177.0,177.0,MEDIUM,2026-09-14 22:11:31.631484
AWB105649,BATCH-B,DTDC,M-005,Indore,Tier-2,EXCESS_FORWARD_CHARGE,95.0,114.0,19.0,LOW,2026-09-14 22:11:32.127304
AWB105650,BATCH-D,Bluedart,M-018,Lucknow,Tier-3,WEIGHT_DISPUTE,6.76,8.56,108.0,MEDIUM,2026-09-14 22:11:31.453814
AWB105651,BATCH-B,Delhivery,M-003,Delhi,Tier-1,COD_SHORT_REMITTANCE,5833.0,5417.0,416.0,MEDIUM,2026-09-14 22:10:12.726074
AWB105656,BATCH-C,Bluedart,M-015,Indore,Tier-2,PHANTOM_RTO_CHARGE,0.0,247.0,247.0,MEDIUM,2026-09-14 22:11:31.631484
AWB105662,BATCH-B,Delhivery,M-007,Indore,Tier-2,COD_SHORT_REMITTANCE,5862.0,5627.0,235.0,MEDIUM,2026-09-14 22:10:12.726074
AWB105663,BATCH-A,Kwikship,M-009,Jaipur,Tier-3,ETA_SLA_BREACH,72.0,119.1,0.0,LOW,2026-09-14 22:11:32.038362
AWB105664,BATCH-B,DTDC,M-006,Jaipur,Tier-3,EXCESS_FORWARD_CHARGE,42.0,50.0,8.0,LOW,2026-09-14 22:11:32.127304
AWB105669,BATCH-D,Shiprocket,M-007,Jaipur,Tier-3,OVERDUE_REMITTANCE,14.0,23.0,0.0,MEDIUM,2026-09-14 22:11:31.791087
AWB105673,BATCH-B,DTDC,M-004,Pune,Tier-2,PHANTOM_RTO_CHARGE,0.0,174.0,174.0,MEDIUM,2026-09-14 22:11:31.631484
AWB105682,BATCH-D,Bluedart,M-006,Jaipur,Tier-3,WEIGHT_DISPUTE,3.41,4.26,51.0,LOW,2026-09-14 22:11:31.453814
AWB105686,BATCH-A,DTDC,M-016,Delhi,Tier-1,EXCESS_FORWARD_CHARGE,95.0,114.0,19.0,LOW,2026-09-14 22:11:32.127304
AWB105692,BATCH-D,DTDC,M-017,Indore,Tier-2,EXCESS_FORWARD_CHARGE,65.0,78.0,13.0,LOW,2026-09-14 22:11:32.127304
AWB105694,BATCH-B,DTDC,M-003,Lucknow,Tier-3,DUPLICATE_SETTLEMENT,1.0,2.0,0.0,HIGH,2026-09-14 22:11:31.913657
AWB105694,BATCH-DUP,DTDC,M-003,Lucknow,Tier-3,DUPLICATE_SETTLEMENT,1.0,2.0,0.0,HIGH,2026-09-14 22:11:31.913657
AWB105699,BATCH-C,Delhivery,M-002,Lucknow,Tier-3,COD_SHORT_REMITTANCE,5464.0,5054.0,410.0,MEDIUM,2026-09-14 22:10:12.726074
AWB105700,BATCH-C,DTDC,M-002,Delhi,Tier-1,EXCESS_FORWARD_CHARGE,65.0,78.0,13.0,LOW,2026-09-14 22:11:32.127304
AWB105711,BATCH-D,Kwikship,M-001,Lucknow,Tier-3,ETA_SLA_BREACH,72.0,121.3,0.0,LOW,2026-09-14 22:11:32.038362
AWB105712,BATCH-C,Shiprocket,M-009,Mumbai,Tier-1,PHANTOM_RTO_CHARGE,0.0,185.0,185.0,MEDIUM,2026-09-14 22:11:31.631484
AWB105714,BATCH-A,DTDC,M-019,Indore,Tier-2,EXCESS_FORWARD_CHARGE,65.0,78.0,13.0,LOW,2026-09-14 22:11:32.127304
AWB105732,BATCH-B,DTDC,M-011,Lucknow,Tier-3,EXCESS_FORWARD_CHARGE,95.0,114.0,19.0,LOW,2026-09-14 22:11:32.127304
AWB105738,BATCH-B,DTDC,M-010,Mumbai,Tier-1,EXCESS_FORWARD_CHARGE,95.0,114.0,19.0,LOW,2026-09-14 22:11:32.127304
AWB105742,BATCH-A,Delhivery,M-010,Pune,Tier-2,COD_SHORT_REMITTANCE,3782.0,3567.0,215.0,MEDIUM,2026-09-14 22:10:12.726074
AWB105749,BATCH-B,Bluedart,M-009,Delhi,Tier-1,PHANTOM_RTO_CHARGE,0.0,172.0,172.0,MEDIUM,2026-09-14 22:11:31.631484
AWB105755,BATCH-B,DTDC,M-017,Pune,Tier-2,EXCESS_FORWARD_CHARGE,95.0,114.0,19.0,LOW,2026-09-14 22:11:32.127304
AWB105759,BATCH-B,DTDC,M-011,Indore,Tier-2,EXCESS_FORWARD_CHARGE,95.0,114.0,19.0,LOW,2026-09-14 22:11:32.127304
AWB105762,BATCH-B,Bluedart,M-019,Jaipur,Tier-3,WEIGHT_DISPUTE,1.88,2.41,32.0,LOW,2026-09-14 22:11:31.453814
AWB105764,BATCH-B,Delhivery,M-013,Jaipur,Tier-3,PHANTOM_RTO_CHARGE,0.0,164.0,164.0,MEDIUM,2026-09-14 22:11:31.631484
AWB105772,BATCH-C,Bluedart,M-013,Lucknow,Tier-3,WEIGHT_DISPUTE,3.74,4.59,51.0,LOW,2026-09-14 22:11:31.453814
AWB105773,BATCH-A,Delhivery,M-014,Indore,Tier-2,PHANTOM_RTO_CHARGE,0.0,143.0,143.0,MEDIUM,2026-09-14 22:11:31.631484
AWB105778,BATCH-A,Kwikship,M-003,Jaipur,Tier-3,ETA_SLA_BREACH,72.0,113.0,0.0,LOW,2026-09-14 22:11:32.038362
AWB105779,BATCH-D,Bluedart,M-003,Jaipur,Tier-3,WEIGHT_DISPUTE,2.5,3.0,30.0,LOW,2026-09-14 22:11:31.453814
AWB105785,BATCH-B,Bluedart,M-020,Pune,Tier-2,PHANTOM_RTO_CHARGE,0.0,144.0,144.0,MEDIUM,2026-09-14 22:11:31.631484
AWB105786,BATCH-C,Kwikship,M-014,Lucknow,Tier-3,ETA_SLA_BREACH,72.0,105.3,0.0,LOW,2026-09-14 22:11:32.038362
AWB105795,BATCH-D,DTDC,M-008,Pune,Tier-2,EXCESS_FORWARD_CHARGE,65.0,78.0,13.0,LOW,2026-09-14 22:11:32.127304
AWB105797,BATCH-B,DTDC,M-005,Pune,Tier-2,EXCESS_FORWARD_CHARGE,65.0,78.0,13.0,LOW,2026-09-14 22:11:32.127304
AWB105799,BATCH-A,Bluedart,M-008,Lucknow,Tier-3,WEIGHT_DISPUTE,6.32,7.56,74.0,LOW,2026-09-14 22:11:31.453814
AWB105804,BATCH-C,Bluedart,M-005,Jaipur,Tier-3,WEIGHT_DISPUTE,2.2,2.8,36.0,LOW,2026-09-14 22:11:31.453814
AWB105805,BATCH-B,Shiprocket,M-009,Lucknow,Tier-3,DUPLICATE_SETTLEMENT,1.0,2.0,0.0,HIGH,2026-09-14 22:11:31.913657
AWB105805,BATCH-DUP,Shiprocket,M-009,Lucknow,Tier-3,DUPLICATE_SETTLEMENT,1.0,2.0,0.0,HIGH,2026-09-14 22:11:31.913657
AWB105806,BATCH-D,Delhivery,M-013,Indore,Tier-2,COD_SHORT_REMITTANCE,4094.0,3947.0,147.0,MEDIUM,2026-09-14 22:10:12.726074
AWB105819,BATCH-A,Kwikship,M-012,Jaipur,Tier-3,ETA_SLA_BREACH,72.0,109.9,0.0,LOW,2026-09-14 22:11:32.038362
AWB105828,BATCH-B,DTDC,M-016,Indore,Tier-2,EXCESS_FORWARD_CHARGE,95.0,114.0,19.0,LOW,2026-09-14 22:11:32.127304
AWB105829,BATCH-B,DTDC,M-019,Mumbai,Tier-1,EXCESS_FORWARD_CHARGE,95.0,114.0,19.0,LOW,2026-09-14 22:11:32.127304
AWB105830,BATCH-A,Delhivery,M-018,Delhi,Tier-1,COD_SHORT_REMITTANCE,5171.0,5008.0,163.0,MEDIUM,2026-09-14 22:10:12.726074
AWB105834,BATCH-C,DTDC,M-011,Pune,Tier-2,EXCESS_FORWARD_CHARGE,42.0,50.0,8.0,LOW,2026-09-14 22:11:32.127304
AWB105845,BATCH-B,Kwikship,M-016,Jaipur,Tier-3,DUPLICATE_SETTLEMENT,1.0,2.0,0.0,HIGH,2026-09-14 22:11:31.913657
AWB105845,BATCH-DUP,Kwikship,M-016,Jaipur,Tier-3,DUPLICATE_SETTLEMENT,1.0,2.0,0.0,HIGH,2026-09-14 22:11:31.913657
AWB105847,BATCH-B,Kwikship,M-003,Indore,Tier-2,PHANTOM_RTO_CHARGE,0.0,111.0,111.0,MEDIUM,2026-09-14 22:11:31.631484
AWB105848,BATCH-C,Bluedart,M-010,Jaipur,Tier-3,WEIGHT_DISPUTE,8.36,10.69,140.0,MEDIUM,2026-09-14 22:11:31.453814
AWB105860,BATCH-C,DTDC,M-010,Delhi,Tier-1,PHANTOM_RTO_CHARGE,0.0,143.0,143.0,MEDIUM,2026-09-14 22:11:31.631484
AWB105869,BATCH-B,Shiprocket,M-001,Delhi,Tier-1,OVERDUE_REMITTANCE,14.0,19.0,1433.0,MEDIUM,2026-09-14 22:11:31.791087
AWB105875,BATCH-A,DTDC,M-007,Indore,Tier-2,PHANTOM_RTO_CHARGE,0.0,194.0,194.0,MEDIUM,2026-09-14 22:11:31.631484
AWB105877,BATCH-B,DTDC,M-017,Indore,Tier-2,EXCESS_FORWARD_CHARGE,65.0,78.0,13.0,LOW,2026-09-14 22:11:32.127304
AWB105881,BATCH-B,Bluedart,M-010,Jaipur,Tier-3,WEIGHT_DISPUTE,3.97,5.15,71.0,LOW,2026-09-14 22:11:31.453814
AWB105883,BATCH-C,Delhivery,M-019,Delhi,Tier-1,COD_SHORT_REMITTANCE,5485.0,5181.0,304.0,MEDIUM,2026-09-14 22:10:12.726074
AWB105890,BATCH-D,DTDC,M-009,Indore,Tier-2,EXCESS_FORWARD_CHARGE,95.0,114.0,19.0,LOW,2026-09-14 22:11:32.127304
AWB105891,BATCH-B,Kwikship,M-011,Delhi,Tier-1,DUPLICATE_SETTLEMENT,1.0,2.0,5101.0,HIGH,2026-09-14 22:11:31.913657
AWB105891,BATCH-B,Kwikship,M-011,Delhi,Tier-1,PHANTOM_RTO_CHARGE,0.0,239.0,239.0,MEDIUM,2026-09-14 22:11:31.631484
AWB105891,BATCH-DUP,Kwikship,M-011,Delhi,Tier-1,DUPLICATE_SETTLEMENT,1.0,2.0,5101.0,HIGH,2026-09-14 22:11:31.913657
AWB105891,BATCH-DUP,Kwikship,M-011,Delhi,Tier-1,PHANTOM_RTO_CHARGE,0.0,239.0,239.0,MEDIUM,2026-09-14 22:11:31.631484
AWB105907,BATCH-D,DTDC,M-015,Lucknow,Tier-3,EXCESS_FORWARD_CHARGE,95.0,114.0,19.0,LOW,2026-09-14 22:11:32.127304
AWB105908,BATCH-D,Kwikship,M-007,Lucknow,Tier-3,ETA_SLA_BREACH,72.0,112.4,0.0,LOW,2026-09-14 22:11:32.038362
AWB105910,BATCH-B,Shiprocket,M-003,Mumbai,Tier-1,OVERDUE_REMITTANCE,14.0,18.0,5688.0,MEDIUM,2026-09-14 22:11:31.791087
AWB105919,BATCH-B,Delhivery,M-006,Jaipur,Tier-3,COD_SHORT_REMITTANCE,5293.0,5068.0,225.0,MEDIUM,2026-09-14 22:10:12.726074
AWB105925,BATCH-D,Bluedart,M-016,Lucknow,Tier-3,WEIGHT_DISPUTE,5.13,6.43,78.0,LOW,2026-09-14 22:11:31.453814
AWB105926,BATCH-A,DTDC,M-002,Lucknow,Tier-3,EXCESS_FORWARD_CHARGE,65.0,78.0,13.0,LOW,2026-09-14 22:11:32.127304
AWB105934,BATCH-A,Delhivery,M-014,Lucknow,Tier-3,COD_SHORT_REMITTANCE,4024.0,3762.0,262.0,MEDIUM,2026-09-14 22:10:12.726074
AWB105939,BATCH-C,Shiprocket,M-020,Indore,Tier-2,PHANTOM_RTO_CHARGE,0.0,165.0,165.0,MEDIUM,2026-09-14 22:11:31.631484
AWB105947,BATCH-A,DTDC,M-002,Delhi,Tier-1,EXCESS_FORWARD_CHARGE,95.0,114.0,19.0,LOW,2026-09-14 22:11:32.127304
AWB105950,BATCH-C,Bluedart,M-003,Lucknow,Tier-3,WEIGHT_DISPUTE,6.87,8.96,125.0,MEDIUM,2026-09-14 22:11:31.453814
AWB105951,BATCH-A,Kwikship,M-006,Delhi,Tier-1,DUPLICATE_SETTLEMENT,1.0,2.0,0.0,HIGH,2026-09-14 22:11:31.913657
AWB105951,BATCH-DUP,Kwikship,M-006,Delhi,Tier-1,DUPLICATE_SETTLEMENT,1.0,2.0,0.0,HIGH,2026-09-14 22:11:31.913657
AWB105952,BATCH-C,Bluedart,M-009,Lucknow,Tier-3,WEIGHT_DISPUTE,3.75,4.61,51.0,LOW,2026-09-14 22:11:31.453814
AWB105955,BATCH-B,Kwikship,M-011,Lucknow,Tier-3,ETA_SLA_BREACH,72.0,112.2,0.0,LOW,2026-09-14 22:11:32.038362
AWB105960,BATCH-C,DTDC,M-004,Indore,Tier-2,EXCESS_FORWARD_CHARGE,42.0,50.0,8.0,LOW,2026-09-14 22:11:32.127304
AWB105962,BATCH-C,Delhivery,M-014,Delhi,Tier-1,PHANTOM_RTO_CHARGE,0.0,223.0,223.0,MEDIUM,2026-09-14 22:11:31.631484
AWB105970,BATCH-B,Delhivery,M-004,Jaipur,Tier-3,COD_SHORT_REMITTANCE,4864.0,4611.0,253.0,MEDIUM,2026-09-14 22:10:12.726074
AWB105971,BATCH-B,DTDC,M-001,Delhi,Tier-1,EXCESS_FORWARD_CHARGE,95.0,114.0,19.0,LOW,2026-09-14 22:11:32.127304
AWB105972,BATCH-B,Kwikship,M-009,Mumbai,Tier-1,PHANTOM_RTO_CHARGE,0.0,201.0,201.0,MEDIUM,2026-09-14 22:11:31.631484
AWB105976,BATCH-A,Bluedart,M-012,Jaipur,Tier-3,WEIGHT_DISPUTE,3.03,3.91,53.0,LOW,2026-09-14 22:11:31.453814
AWB105978,BATCH-C,Bluedart,M-011,Pune,Tier-2,PHANTOM_RTO_CHARGE,0.0,128.0,128.0,MEDIUM,2026-09-14 22:11:31.631484
AWB105979,BATCH-A,Kwikship,M-004,Indore,Tier-2,DUPLICATE_SETTLEMENT,1.0,2.0,3053.0,HIGH,2026-09-14 22:11:31.913657
AWB105979,BATCH-DUP,Kwikship,M-004,Indore,Tier-2,DUPLICATE_SETTLEMENT,1.0,2.0,3053.0,HIGH,2026-09-14 22:11:31.913657
AWB105989,BATCH-C,Shiprocket,M-001,Indore,Tier-2,OVERDUE_REMITTANCE,14.0,24.0,5015.0,MEDIUM,2026-09-14 22:11:31.791087
AWB105992,BATCH-C,Bluedart,M-015,Jaipur,Tier-3,WEIGHT_DISPUTE,4.23,5.4,71.0,LOW,2026-09-14 22:11:31.453814
AWB105995,BATCH-D,DTDC,M-009,Pune,Tier-2,EXCESS_FORWARD_CHARGE,95.0,114.0,19.0,LOW,2026-09-14 22:11:32.127304
AWB105996,BATCH-D,DTDC,M-004,Indore,Tier-2,PHANTOM_RTO_CHARGE,0.0,148.0,148.0,MEDIUM,2026-09-14 22:11:31.631484
AWB106011,BATCH-D,DTDC,M-018,Lucknow,Tier-3,EXCESS_FORWARD_CHARGE,95.0,114.0,19.0,LOW,2026-09-14 22:11:32.127304
AWB106018,BATCH-D,DTDC,M-016,Delhi,Tier-1,EXCESS_FORWARD_CHARGE,65.0,78.0,13.0,LOW,2026-09-14 22:11:32.127304
AWB106025,BATCH-D,Delhivery,M-008,Delhi,Tier-1,COD_SHORT_REMITTANCE,3977.0,3683.0,294.0,MEDIUM,2026-09-14 22:10:12.726074
AWB106027,BATCH-B,Kwikship,M-016,Delhi,Tier-1,PHANTOM_RTO_CHARGE,0.0,184.0,184.0,MEDIUM,2026-09-14 22:11:31.631484
AWB106030,BATCH-B,Bluedart,M-018,Lucknow,Tier-3,PHANTOM_RTO_CHARGE,0.0,131.0,131.0,MEDIUM,2026-09-14 22:11:31.631484
AWB106030,BATCH-B,Bluedart,M-018,Lucknow,Tier-3,WEIGHT_DISPUTE,6.64,8.16,91.0,LOW,2026-09-14 22:11:31.453814
AWB106034,BATCH-B,DTDC,M-018,Lucknow,Tier-3,PHANTOM_RTO_CHARGE,0.0,227.0,227.0,MEDIUM,2026-09-14 22:11:31.631484
AWB106038,BATCH-B,DTDC,M-010,Mumbai,Tier-1,EXCESS_FORWARD_CHARGE,95.0,114.0,19.0,LOW,2026-09-14 22:11:32.127304
AWB106039,BATCH-A,Bluedart,M-014,Lucknow,Tier-3,PHANTOM_RTO_CHARGE,0.0,215.0,215.0,MEDIUM,2026-09-14 22:11:31.631484
AWB106039,BATCH-A,Bluedart,M-014,Lucknow,Tier-3,WEIGHT_DISPUTE,7.91,9.52,97.0,LOW,2026-09-14 22:11:31.453814
AWB106041,BATCH-A,Delhivery,M-014,Delhi,Tier-1,COD_SHORT_REMITTANCE,4187.0,3888.0,299.0,MEDIUM,2026-09-14 22:10:12.726074
AWB106045,BATCH-C,Shiprocket,M-017,Lucknow,Tier-3,OVERDUE_REMITTANCE,14.0,18.0,5916.0,MEDIUM,2026-09-14 22:11:31.791087
AWB106047,BATCH-C,Bluedart,M-017,Indore,Tier-2,PHANTOM_RTO_CHARGE,0.0,205.0,205.0,MEDIUM,2026-09-14 22:11:31.631484
AWB106055,BATCH-B,Delhivery,M-015,Delhi,Tier-1,COD_SHORT_REMITTANCE,5413.0,5228.0,185.0,MEDIUM,2026-09-14 22:10:12.726074
AWB106056,BATCH-A,DTDC,M-004,Delhi,Tier-1,EXCESS_FORWARD_CHARGE,95.0,114.0,19.0,LOW,2026-09-14 22:11:32.127304
AWB106059,BATCH-C,Delhivery,M-020,Delhi,Tier-1,COD_SHORT_REMITTANCE,3878.0,3680.0,198.0,MEDIUM,2026-09-14 22:10:12.726074
AWB106062,BATCH-C,Bluedart,M-006,Lucknow,Tier-3,WEIGHT_DISPUTE,4.64,5.76,67.0,LOW,2026-09-14 22:11:31.453814
AWB106067,BATCH-D,Kwikship,M-014,Delhi,Tier-1,DUPLICATE_SETTLEMENT,1.0,2.0,0.0,HIGH,2026-09-14 22:11:31.913657
AWB106067,BATCH-DUP,Kwikship,M-014,Delhi,Tier-1,DUPLICATE_SETTLEMENT,1.0,2.0,0.0,HIGH,2026-09-14 22:11:31.913657
AWB106068,BATCH-C,Delhivery,M-013,Mumbai,Tier-1,COD_SHORT_REMITTANCE,4459.0,4104.0,355.0,MEDIUM,2026-09-14 22:10:12.726074
AWB106069,BATCH-B,Kwikship,M-016,Delhi,Tier-1,PHANTOM_RTO_CHARGE,0.0,128.0,128.0,MEDIUM,2026-09-14 22:11:31.631484
AWB106071,BATCH-B,DTDC,M-009,Pune,Tier-2,EXCESS_FORWARD_CHARGE,95.0,114.0,19.0,LOW,2026-09-14 22:11:32.127304
AWB106072,BATCH-C,Delhivery,M-007,Pune,Tier-2,COD_SHORT_REMITTANCE,3282.0,3137.0,145.0,MEDIUM,2026-09-14 22:10:12.726074
AWB106077,BATCH-A,DTDC,M-005,Jaipur,Tier-3,EXCESS_FORWARD_CHARGE,65.0,78.0,13.0,LOW,2026-09-14 22:11:32.127304
AWB106089,BATCH-D,Shiprocket,M-004,Indore,Tier-2,OVERDUE_REMITTANCE,14.0,26.0,0.0,MEDIUM,2026-09-14 22:11:31.791087
AWB106096,BATCH-B,Delhivery,M-016,Mumbai,Tier-1,COD_SHORT_REMITTANCE,3465.0,3358.0,107.0,MEDIUM,2026-09-14 22:10:12.726074
AWB106100,BATCH-C,DTDC,M-006,Jaipur,Tier-3,EXCESS_FORWARD_CHARGE,95.0,114.0,19.0,LOW,2026-09-14 22:11:32.127304
AWB106105,BATCH-D,Bluedart,M-013,Jaipur,Tier-3,WEIGHT_DISPUTE,1.43,1.71,17.0,LOW,2026-09-14 22:11:31.453814
AWB106108,BATCH-B,DTDC,M-001,Indore,Tier-2,EXCESS_FORWARD_CHARGE,95.0,114.0,19.0,LOW,2026-09-14 22:11:32.127304
AWB106118,BATCH-A,DTDC,M-004,Mumbai,Tier-1,EXCESS_FORWARD_CHARGE,95.0,114.0,19.0,LOW,2026-09-14 22:11:32.127304
AWB106123,BATCH-C,DTDC,M-002,Delhi,Tier-1,EXCESS_FORWARD_CHARGE,95.0,114.0,19.0,LOW,2026-09-14 22:11:32.127304
AWB106125,BATCH-D,Kwikship,M-014,Jaipur,Tier-3,ETA_SLA_BREACH,72.0,116.1,0.0,LOW,2026-09-14 22:11:32.038362
AWB106130,BATCH-B,Bluedart,M-004,Jaipur,Tier-3,WEIGHT_DISPUTE,6.68,8.52,110.0,MEDIUM,2026-09-14 22:11:31.453814
AWB106133,BATCH-A,DTDC,M-014,Pune,Tier-2,EXCESS_FORWARD_CHARGE,95.0,114.0,19.0,LOW,2026-09-14 22:11:32.127304
AWB106134,BATCH-B,DTDC,M-020,Lucknow,Tier-3,PHANTOM_RTO_CHARGE,0.0,188.0,188.0,MEDIUM,2026-09-14 22:11:31.631484
AWB106135,BATCH-D,Delhivery,M-006,Pune,Tier-2,PHANTOM_RTO_CHARGE,0.0,246.0,246.0,MEDIUM,2026-09-14 22:11:31.631484
AWB106139,BATCH-A,Bluedart,M-014,Indore,Tier-2,PHANTOM_RTO_CHARGE,0.0,102.0,102.0,MEDIUM,2026-09-14 22:11:31.631484
AWB106140,BATCH-D,Bluedart,M-015,Lucknow,Tier-3,WEIGHT_DISPUTE,2.62,3.23,37.0,LOW,2026-09-14 22:11:31.453814
AWB106141,BATCH-D,Delhivery,M-017,Lucknow,Tier-3,COD_SHORT_REMITTANCE,5575.0,5332.0,243.0,MEDIUM,2026-09-14 22:10:12.726074
AWB106144,BATCH-D,Bluedart,M-013,Jaipur,Tier-3,PHANTOM_RTO_CHARGE,0.0,217.0,217.0,MEDIUM,2026-09-14 22:11:31.631484
AWB106150,BATCH-B,DTDC,M-019,Pune,Tier-2,EXCESS_FORWARD_CHARGE,95.0,114.0,19.0,LOW,2026-09-14 22:11:32.127304
AWB106155,BATCH-B,Bluedart,M-007,Jaipur,Tier-3,WEIGHT_DISPUTE,2.37,2.98,37.0,LOW,2026-09-14 22:11:31.453814
AWB106156,BATCH-C,Kwikship,M-002,Pune,Tier-2,PHANTOM_RTO_CHARGE,0.0,233.0,233.0,MEDIUM,2026-09-14 22:11:31.631484
AWB106160,BATCH-C,Shiprocket,M-014,Delhi,Tier-1,OVERDUE_REMITTANCE,14.0,25.0,4234.0,MEDIUM,2026-09-14 22:11:31.791087
AWB106163,BATCH-D,Bluedart,M-003,Lucknow,Tier-3,PHANTOM_RTO_CHARGE,0.0,115.0,115.0,MEDIUM,2026-09-14 22:11:31.631484
AWB106163,BATCH-D,Bluedart,M-003,Lucknow,Tier-3,WEIGHT_DISPUTE,3.39,4.27,52.0,LOW,2026-09-14 22:11:31.453814
AWB106164,BATCH-C,DTDC,M-019,Lucknow,Tier-3,EXCESS_FORWARD_CHARGE,65.0,78.0,13.0,LOW,2026-09-14 22:11:32.127304
AWB106170,BATCH-D,Kwikship,M-007,Mumbai,Tier-1,PHANTOM_RTO_CHARGE,0.0,133.0,133.0,MEDIUM,2026-09-14 22:11:31.631484
AWB106194,BATCH-D,Delhivery,M-020,Pune,Tier-2,COD_SHORT_REMITTANCE,5276.0,5005.0,271.0,MEDIUM,2026-09-14 22:10:12.726074
AWB106203,BATCH-C,Bluedart,M-004,Lucknow,Tier-3,WEIGHT_DISPUTE,0.8,0.96,10.0,LOW,2026-09-14 22:11:31.453814
AWB106213,BATCH-D,Delhivery,M-018,Lucknow,Tier-3,PHANTOM_RTO_CHARGE,0.0,181.0,181.0,MEDIUM,2026-09-14 22:11:31.631484
AWB106215,BATCH-A,DTDC,M-010,Jaipur,Tier-3,EXCESS_FORWARD_CHARGE,42.0,50.0,8.0,LOW,2026-09-14 22:11:32.127304
AWB106219,BATCH-C,Delhivery,M-010,Delhi,Tier-1,PHANTOM_RTO_CHARGE,0.0,211.0,211.0,MEDIUM,2026-09-14 22:11:31.631484
AWB106224,BATCH-B,DTDC,M-005,Pune,Tier-2,EXCESS_FORWARD_CHARGE,95.0,114.0,19.0,LOW,2026-09-14 22:11:32.127304
AWB106243,BATCH-B,Bluedart,M-003,Jaipur,Tier-3,WEIGHT_DISPUTE,4.31,5.59,77.0,LOW,2026-09-14 22:11:31.453814
AWB106246,BATCH-C,Delhivery,M-017,Lucknow,Tier-3,COD_SHORT_REMITTANCE,4786.0,4619.0,167.0,MEDIUM,2026-09-14 22:10:12.726074
AWB106248,BATCH-A,Delhivery,M-006,Mumbai,Tier-1,COD_SHORT_REMITTANCE,5557.0,5153.0,404.0,MEDIUM,2026-09-14 22:10:12.726074
AWB106250,BATCH-D,DTDC,M-018,Pune,Tier-2,EXCESS_FORWARD_CHARGE,95.0,114.0,19.0,LOW,2026-09-14 22:11:32.127304
AWB106253,BATCH-D,Delhivery,M-017,Lucknow,Tier-3,PHANTOM_RTO_CHARGE,0.0,117.0,117.0,MEDIUM,2026-09-14 22:11:31.631484
AWB106261,BATCH-D,DTDC,M-017,Indore,Tier-2,EXCESS_FORWARD_CHARGE,65.0,78.0,13.0,LOW,2026-09-14 22:11:32.127304
AWB106262,BATCH-C,DTDC,M-012,Indore,Tier-2,EXCESS_FORWARD_CHARGE,95.0,114.0,19.0,LOW,2026-09-14 22:11:32.127304
AWB106262,BATCH-C,DTDC,M-012,Indore,Tier-2,PHANTOM_RTO_CHARGE,0.0,105.0,105.0,MEDIUM,2026-09-14 22:11:31.631484
AWB106266,BATCH-D,Bluedart,M-001,Indore,Tier-2,PHANTOM_RTO_CHARGE,0.0,111.0,111.0,MEDIUM,2026-09-14 22:11:31.631484
AWB106270,BATCH-D,DTDC,M-005,Mumbai,Tier-1,EXCESS_FORWARD_CHARGE,95.0,114.0,19.0,LOW,2026-09-14 22:11:32.127304
AWB106286,BATCH-C,Delhivery,M-020,Delhi,Tier-1,PHANTOM_RTO_CHARGE,0.0,163.0,163.0,MEDIUM,2026-09-14 22:11:31.631484
AWB106288,BATCH-C,Bluedart,M-012,Jaipur,Tier-3,WEIGHT_DISPUTE,6.75,8.02,77.0,LOW,2026-09-14 22:11:31.453814
AWB106293,BATCH-C,DTDC,M-008,Indore,Tier-2,EXCESS_FORWARD_CHARGE,65.0,78.0,13.0,LOW,2026-09-14 22:11:32.127304
AWB106294,BATCH-C,DTDC,M-020,Indore,Tier-2,EXCESS_FORWARD_CHARGE,95.0,114.0,19.0,LOW,2026-09-14 22:11:32.127304
AWB106299,BATCH-D,DTDC,M-007,Delhi,Tier-1,EXCESS_FORWARD_CHARGE,65.0,78.0,13.0,LOW,2026-09-14 22:11:32.127304
AWB106318,BATCH-C,Bluedart,M-013,Lucknow,Tier-3,WEIGHT_DISPUTE,2.09,2.59,30.0,LOW,2026-09-14 22:11:31.453814
AWB106320,BATCH-C,Bluedart,M-001,Delhi,Tier-1,DUPLICATE_SETTLEMENT,1.0,2.0,0.0,HIGH,2026-09-14 22:11:31.913657
AWB106320,BATCH-DUP,Bluedart,M-001,Delhi,Tier-1,DUPLICATE_SETTLEMENT,1.0,2.0,0.0,HIGH,2026-09-14 22:11:31.913657
AWB106330,BATCH-C,DTDC,M-003,Indore,Tier-2,EXCESS_FORWARD_CHARGE,95.0,114.0,19.0,LOW,2026-09-14 22:11:32.127304
AWB106332,BATCH-D,Bluedart,M-002,Indore,Tier-2,PHANTOM_RTO_CHARGE,0.0,151.0,151.0,MEDIUM,2026-09-14 22:11:31.631484
AWB106335,BATCH-D,Delhivery,M-008,Jaipur,Tier-3,COD_SHORT_REMITTANCE,4114.0,3818.0,296.0,MEDIUM,2026-09-14 22:10:12.726074
AWB106346,BATCH-B,Delhivery,M-018,Mumbai,Tier-1,PHANTOM_RTO_CHARGE,0.0,158.0,158.0,MEDIUM,2026-09-14 22:11:31.631484
AWB106349,BATCH-D,DTDC,M-010,Jaipur,Tier-3,EXCESS_FORWARD_CHARGE,95.0,114.0,19.0,LOW,2026-09-14 22:11:32.127304
AWB106356,BATCH-A,Shiprocket,M-004,Lucknow,Tier-3,OVERDUE_REMITTANCE,14.0,19.0,0.0,MEDIUM,2026-09-14 22:11:31.791087
AWB106358,BATCH-B,Kwikship,M-005,Jaipur,Tier-3,ETA_SLA_BREACH,72.0,102.1,0.0,LOW,2026-09-14 22:11:32.038362
AWB106358,BATCH-B,Kwikship,M-005,Jaipur,Tier-3,PHANTOM_RTO_CHARGE,0.0,104.0,104.0,MEDIUM,2026-09-14 22:11:31.631484
AWB106371,BATCH-D,Delhivery,M-005,Jaipur,Tier-3,PHANTOM_RTO_CHARGE,0.0,187.0,187.0,MEDIUM,2026-09-14 22:11:31.631484
AWB106374,BATCH-C,Kwikship,M-006,Lucknow,Tier-3,ETA_SLA_BREACH,72.0,138.9,0.0,LOW,2026-09-14 22:11:32.038362
AWB106377,BATCH-C,Delhivery,M-020,Jaipur,Tier-3,COD_SHORT_REMITTANCE,4783.0,4489.0,294.0,MEDIUM,2026-09-14 22:10:12.726074
AWB106381,BATCH-A,Kwikship,M-012,Lucknow,Tier-3,ETA_SLA_BREACH,72.0,131.7,0.0,LOW,2026-09-14 22:11:32.038362
AWB106391,BATCH-B,Kwikship,M-009,Jaipur,Tier-3,ETA_SLA_BREACH,72.0,122.4,0.0,LOW,2026-09-14 22:11:32.038362
AWB106391,BATCH-B,Kwikship,M-009,Jaipur,Tier-3,PHANTOM_RTO_CHARGE,0.0,110.0,110.0,MEDIUM,2026-09-14 22:11:31.631484
AWB106400,BATCH-B,DTDC,M-008,Delhi,Tier-1,EXCESS_FORWARD_CHARGE,95.0,114.0,19.0,LOW,2026-09-14 22:11:32.127304
AWB106406,BATCH-A,DTDC,M-018,Lucknow,Tier-3,EXCESS_FORWARD_CHARGE,65.0,78.0,13.0,LOW,2026-09-14 22:11:32.127304
AWB106413,BATCH-D,Kwikship,M-011,Jaipur,Tier-3,ETA_SLA_BREACH,72.0,103.4,0.0,LOW,2026-09-14 22:11:32.038362
AWB106415,BATCH-C,Shiprocket,M-013,Indore,Tier-2,OVERDUE_REMITTANCE,14.0,19.0,1790.0,MEDIUM,2026-09-14 22:11:31.791087
AWB106418,BATCH-D,DTDC,M-015,Jaipur,Tier-3,EXCESS_FORWARD_CHARGE,95.0,114.0,19.0,LOW,2026-09-14 22:11:32.127304
AWB106419,BATCH-C,DTDC,M-017,Lucknow,Tier-3,EXCESS_FORWARD_CHARGE,95.0,114.0,19.0,LOW,2026-09-14 22:11:32.127304
AWB106426,BATCH-B,Shiprocket,M-007,Jaipur,Tier-3,PHANTOM_RTO_CHARGE,0.0,175.0,175.0,MEDIUM,2026-09-14 22:11:31.631484
AWB106430,BATCH-C,DTDC,M-008,Indore,Tier-2,EXCESS_FORWARD_CHARGE,42.0,50.0,8.0,LOW,2026-09-14 22:11:32.127304
AWB106433,BATCH-B,Delhivery,M-020,Jaipur,Tier-3,PHANTOM_RTO_CHARGE,0.0,245.0,245.0,MEDIUM,2026-09-14 22:11:31.631484
AWB106438,BATCH-D,DTDC,M-013,Indore,Tier-2,EXCESS_FORWARD_CHARGE,65.0,78.0,13.0,LOW,2026-09-14 22:11:32.127304
AWB106446,BATCH-B,Kwikship,M-005,Indore,Tier-2,PHANTOM_RTO_CHARGE,0.0,113.0,113.0,MEDIUM,2026-09-14 22:11:31.631484
AWB106450,BATCH-A,DTDC,M-013,Jaipur,Tier-3,EXCESS_FORWARD_CHARGE,95.0,114.0,19.0,LOW,2026-09-14 22:11:32.127304
AWB106459,BATCH-C,Bluedart,M-007,Pune,Tier-2,PHANTOM_RTO_CHARGE,0.0,217.0,217.0,MEDIUM,2026-09-14 22:11:31.631484
AWB106465,BATCH-C,Delhivery,M-007,Pune,Tier-2,COD_SHORT_REMITTANCE,4296.0,4014.0,282.0,MEDIUM,2026-09-14 22:10:12.726074
AWB106466,BATCH-D,DTDC,M-016,Pune,Tier-2,EXCESS_FORWARD_CHARGE,42.0,50.0,8.0,LOW,2026-09-14 22:11:32.127304
AWB106478,BATCH-A,Delhivery,M-009,Mumbai,Tier-1,PHANTOM_RTO_CHARGE,0.0,183.0,183.0,MEDIUM,2026-09-14 22:11:31.631484
AWB106480,BATCH-C,Delhivery,M-007,Delhi,Tier-1,DUPLICATE_SETTLEMENT,1.0,2.0,4500.0,HIGH,2026-09-14 22:11:31.913657
AWB106480,BATCH-DUP,Delhivery,M-007,Delhi,Tier-1,DUPLICATE_SETTLEMENT,1.0,2.0,4500.0,HIGH,2026-09-14 22:11:31.913657
AWB106485,BATCH-D,Delhivery,M-016,Mumbai,Tier-1,COD_SHORT_REMITTANCE,4031.0,3781.0,250.0,MEDIUM,2026-09-14 22:10:12.726074
AWB106497,BATCH-C,Shiprocket,M-018,Lucknow,Tier-3,OVERDUE_REMITTANCE,14.0,26.0,0.0,MEDIUM,2026-09-14 22:11:31.791087
AWB106497,BATCH-C,Shiprocket,M-018,Lucknow,Tier-3,PHANTOM_RTO_CHARGE,0.0,161.0,161.0,MEDIUM,2026-09-14 22:11:31.631484
AWB106501,BATCH-D,Kwikship,M-018,Lucknow,Tier-3,ETA_SLA_BREACH,72.0,118.4,0.0,LOW,2026-09-14 22:11:32.038362
AWB106501,BATCH-D,Kwikship,M-018,Lucknow,Tier-3,PHANTOM_RTO_CHARGE,0.0,105.0,105.0,MEDIUM,2026-09-14 22:11:31.631484
AWB106516,BATCH-A,Delhivery,M-015,Indore,Tier-2,PHANTOM_RTO_CHARGE,0.0,167.0,167.0,MEDIUM,2026-09-14 22:11:31.631484
AWB106521,BATCH-D,Delhivery,M-012,Jaipur,Tier-3,COD_SHORT_REMITTANCE,3826.0,3622.0,204.0,MEDIUM,2026-09-14 22:10:12.726074
AWB106528,BATCH-D,Shiprocket,M-009,Lucknow,Tier-3,OVERDUE_REMITTANCE,14.0,18.0,4668.0,MEDIUM,2026-09-14 22:11:31.791087
AWB106532,BATCH-B,DTDC,M-015,Indore,Tier-2,EXCESS_FORWARD_CHARGE,95.0,114.0,19.0,LOW,2026-09-14 22:11:32.127304
AWB106537,BATCH-B,Delhivery,M-020,Lucknow,Tier-3,PHANTOM_RTO_CHARGE,0.0,145.0,145.0,MEDIUM,2026-09-14 22:11:31.631484
AWB106538,BATCH-C,Bluedart,M-013,Jaipur,Tier-3,WEIGHT_DISPUTE,5.89,7.49,96.0,LOW,2026-09-14 22:11:31.453814
AWB106539,BATCH-A,Bluedart,M-002,Jaipur,Tier-3,WEIGHT_DISPUTE,3.88,5.1,74.0,LOW,2026-09-14 22:11:31.453814
AWB106543,BATCH-C,DTDC,M-014,Jaipur,Tier-3,EXCESS_FORWARD_CHARGE,42.0,50.0,8.0,LOW,2026-09-14 22:11:32.127304
AWB106546,BATCH-B,Delhivery,M-005,Mumbai,Tier-1,COD_SHORT_REMITTANCE,3471.0,3295.0,176.0,MEDIUM,2026-09-14 22:10:12.726074
AWB106549,BATCH-A,DTDC,M-006,Indore,Tier-2,EXCESS_FORWARD_CHARGE,95.0,114.0,19.0,LOW,2026-09-14 22:11:32.127304
AWB106553,BATCH-C,Bluedart,M-003,Jaipur,Tier-3,WEIGHT_DISPUTE,7.78,9.53,105.0,MEDIUM,2026-09-14 22:11:31.453814
AWB106554,BATCH-C,DTDC,M-005,Mumbai,Tier-1,EXCESS_FORWARD_CHARGE,65.0,78.0,13.0,LOW,2026-09-14 22:11:32.127304
AWB106560,BATCH-A,DTDC,M-007,Pune,Tier-2,EXCESS_FORWARD_CHARGE,95.0,114.0,19.0,LOW,2026-09-14 22:11:32.127304
AWB106561,BATCH-B,Kwikship,M-013,Jaipur,Tier-3,ETA_SLA_BREACH,72.0,104.2,0.0,LOW,2026-09-14 22:11:32.038362
AWB106561,BATCH-B,Kwikship,M-013,Jaipur,Tier-3,PHANTOM_RTO_CHARGE,0.0,132.0,132.0,MEDIUM,2026-09-14 22:11:31.631484
AWB106566,BATCH-D,Kwikship,M-018,Lucknow,Tier-3,ETA_SLA_BREACH,72.0,118.1,0.0,LOW,2026-09-14 22:11:32.038362
AWB106573,BATCH-B,Kwikship,M-013,Lucknow,Tier-3,PHANTOM_RTO_CHARGE,0.0,111.0,111.0,MEDIUM,2026-09-14 22:11:31.631484
AWB106579,BATCH-A,DTDC,M-018,Delhi,Tier-1,EXCESS_FORWARD_CHARGE,42.0,50.0,8.0,LOW,2026-09-14 22:11:32.127304
AWB106585,BATCH-D,Delhivery,M-005,Jaipur,Tier-3,DUPLICATE_SETTLEMENT,1.0,2.0,0.0,HIGH,2026-09-14 22:11:31.913657
AWB106585,BATCH-DUP,Delhivery,M-005,Jaipur,Tier-3,DUPLICATE_SETTLEMENT,1.0,2.0,0.0,HIGH,2026-09-14 22:11:31.913657
AWB106593,BATCH-B,DTDC,M-004,Pune,Tier-2,EXCESS_FORWARD_CHARGE,95.0,114.0,19.0,LOW,2026-09-14 22:11:32.127304
AWB106600,BATCH-C,Bluedart,M-020,Jaipur,Tier-3,WEIGHT_DISPUTE,6.99,8.94,117.0,MEDIUM,2026-09-14 22:11:31.453814
AWB106615,BATCH-B,Delhivery,M-004,Pune,Tier-2,COD_SHORT_REMITTANCE,5599.0,5364.0,235.0,MEDIUM,2026-09-14 22:10:12.726074
AWB106615,BATCH-B,Delhivery,M-004,Pune,Tier-2,PHANTOM_RTO_CHARGE,0.0,230.0,230.0,MEDIUM,2026-09-14 22:11:31.631484
AWB106616,BATCH-A,Bluedart,M-008,Indore,Tier-2,PHANTOM_RTO_CHARGE,0.0,133.0,133.0,MEDIUM,2026-09-14 22:11:31.631484
AWB106617,BATCH-C,Delhivery,M-012,Indore,Tier-2,COD_SHORT_REMITTANCE,4970.0,4726.0,244.0,MEDIUM,2026-09-14 22:10:12.726074
AWB106622,BATCH-C,Delhivery,M-002,Delhi,Tier-1,DUPLICATE_SETTLEMENT,1.0,2.0,0.0,HIGH,2026-09-14 22:11:31.913657
AWB106622,BATCH-DUP,Delhivery,M-002,Delhi,Tier-1,DUPLICATE_SETTLEMENT,1.0,2.0,0.0,HIGH,2026-09-14 22:11:31.913657
AWB106625,BATCH-C,DTDC,M-020,Lucknow,Tier-3,EXCESS_FORWARD_CHARGE,95.0,114.0,19.0,LOW,2026-09-14 22:11:32.127304
AWB106629,BATCH-C,DTDC,M-014,Pune,Tier-2,EXCESS_FORWARD_CHARGE,95.0,114.0,19.0,LOW,2026-09-14 22:11:32.127304
AWB106634,BATCH-C,DTDC,M-018,Mumbai,Tier-1,EXCESS_FORWARD_CHARGE,95.0,114.0,19.0,LOW,2026-09-14 22:11:32.127304
AWB106638,BATCH-D,Kwikship,M-006,Jaipur,Tier-3,ETA_SLA_BREACH,72.0,111.1,0.0,LOW,2026-09-14 22:11:32.038362
AWB106640,BATCH-C,DTDC,M-002,Indore,Tier-2,PHANTOM_RTO_CHARGE,0.0,239.0,239.0,MEDIUM,2026-09-14 22:11:31.631484
AWB106642,BATCH-B,Shiprocket,M-020,Mumbai,Tier-1,OVERDUE_REMITTANCE,14.0,22.0,5730.0,MEDIUM,2026-09-14 22:11:31.791087
AWB106643,BATCH-B,Shiprocket,M-004,Lucknow,Tier-3,DUPLICATE_SETTLEMENT,1.0,2.0,0.0,HIGH,2026-09-14 22:11:31.913657
AWB106643,BATCH-DUP,Shiprocket,M-004,Lucknow,Tier-3,DUPLICATE_SETTLEMENT,1.0,2.0,0.0,HIGH,2026-09-14 22:11:31.913657
AWB106644,BATCH-A,Bluedart,M-016,Lucknow,Tier-3,WEIGHT_DISPUTE,2.26,2.95,42.0,LOW,2026-09-14 22:11:31.453814
AWB106653,BATCH-A,Bluedart,M-009,Lucknow,Tier-3,WEIGHT_DISPUTE,5.58,7.33,105.0,MEDIUM,2026-09-14 22:11:31.453814
AWB106654,BATCH-D,Bluedart,M-019,Jaipur,Tier-3,WEIGHT_DISPUTE,7.4,8.77,82.0,LOW,2026-09-14 22:11:31.453814
AWB106655,BATCH-C,Bluedart,M-020,Lucknow,Tier-3,WEIGHT_DISPUTE,3.89,4.91,61.0,LOW,2026-09-14 22:11:31.453814
AWB106660,BATCH-D,Delhivery,M-006,Delhi,Tier-1,COD_SHORT_REMITTANCE,5043.0,4836.0,207.0,MEDIUM,2026-09-14 22:10:12.726074
AWB106661,BATCH-D,DTDC,M-008,Lucknow,Tier-3,EXCESS_FORWARD_CHARGE,95.0,114.0,19.0,LOW,2026-09-14 22:11:32.127304
AWB106663,BATCH-A,Delhivery,M-005,Delhi,Tier-1,COD_SHORT_REMITTANCE,5387.0,5024.0,363.0,MEDIUM,2026-09-14 22:10:12.726074
AWB106667,BATCH-C,Bluedart,M-011,Indore,Tier-2,PHANTOM_RTO_CHARGE,0.0,110.0,110.0,MEDIUM,2026-09-14 22:11:31.631484
AWB106668,BATCH-C,DTDC,M-020,Mumbai,Tier-1,EXCESS_FORWARD_CHARGE,65.0,78.0,13.0,LOW,2026-09-14 22:11:32.127304
AWB106670,BATCH-C,Bluedart,M-003,Jaipur,Tier-3,WEIGHT_DISPUTE,2.89,3.67,47.0,LOW,2026-09-14 22:11:31.453814
AWB106674,BATCH-A,Shiprocket,M-003,Lucknow,Tier-3,DUPLICATE_SETTLEMENT,1.0,2.0,0.0,HIGH,2026-09-14 22:11:31.913657
AWB106674,BATCH-DUP,Shiprocket,M-003,Lucknow,Tier-3,DUPLICATE_SETTLEMENT,1.0,2.0,0.0,HIGH,2026-09-14 22:11:31.913657
AWB106677,BATCH-B,Shiprocket,M-003,Mumbai,Tier-1,OVERDUE_REMITTANCE,14.0,21.0,4258.0,MEDIUM,2026-09-14 22:11:31.791087
AWB106686,BATCH-C,Bluedart,M-009,Lucknow,Tier-3,WEIGHT_DISPUTE,2.32,2.9,35.0,LOW,2026-09-14 22:11:31.453814
AWB106700,BATCH-A,Kwikship,M-012,Jaipur,Tier-3,ETA_SLA_BREACH,72.0,128.9,0.0,LOW,2026-09-14 22:11:32.038362
AWB106702,BATCH-C,DTDC,M-016,Lucknow,Tier-3,EXCESS_FORWARD_CHARGE,65.0,78.0,13.0,LOW,2026-09-14 22:11:32.127304
AWB106703,BATCH-D,DTDC,M-013,Pune,Tier-2,EXCESS_FORWARD_CHARGE,95.0,114.0,19.0,LOW,2026-09-14 22:11:32.127304
AWB106706,BATCH-B,Bluedart,M-013,Lucknow,Tier-3,WEIGHT_DISPUTE,0.87,1.04,10.0,LOW,2026-09-14 22:11:31.453814
AWB106708,BATCH-B,DTDC,M-007,Indore,Tier-2,EXCESS_FORWARD_CHARGE,65.0,78.0,13.0,LOW,2026-09-14 22:11:32.127304
AWB106711,BATCH-C,Shiprocket,M-009,Delhi,Tier-1,DUPLICATE_SETTLEMENT,1.0,2.0,0.0,HIGH,2026-09-14 22:11:31.913657
AWB106711,BATCH-DUP,Shiprocket,M-009,Delhi,Tier-1,DUPLICATE_SETTLEMENT,1.0,2.0,0.0,HIGH,2026-09-14 22:11:31.913657
AWB106712,BATCH-C,Bluedart,M-004,Jaipur,Tier-3,PHANTOM_RTO_CHARGE,0.0,177.0,177.0,MEDIUM,2026-09-14 22:11:31.631484
AWB106712,BATCH-C,Bluedart,M-004,Jaipur,Tier-3,WEIGHT_DISPUTE,7.16,8.92,105.0,MEDIUM,2026-09-14 22:11:31.453814
AWB106714,BATCH-B,Kwikship,M-002,Lucknow,Tier-3,ETA_SLA_BREACH,72.0,111.7,0.0,LOW,2026-09-14 22:11:32.038362
AWB106718,BATCH-A,Bluedart,M-001,Lucknow,Tier-3,WEIGHT_DISPUTE,7.63,9.3,101.0,MEDIUM,2026-09-14 22:11:31.453814
AWB106719,BATCH-A,Delhivery,M-018,Delhi,Tier-1,COD_SHORT_REMITTANCE,3909.0,3607.0,302.0,MEDIUM,2026-09-14 22:10:12.726074
AWB106720,BATCH-D,Bluedart,M-001,Lucknow,Tier-3,WEIGHT_DISPUTE,0.52,0.68,9.0,LOW,2026-09-14 22:11:31.453814
AWB106724,BATCH-D,Delhivery,M-015,Mumbai,Tier-1,COD_SHORT_REMITTANCE,4084.0,3787.0,297.0,MEDIUM,2026-09-14 22:10:12.726074
AWB106725,BATCH-C,Delhivery,M-013,Mumbai,Tier-1,DUPLICATE_SETTLEMENT,1.0,2.0,0.0,HIGH,2026-09-14 22:11:31.913657
AWB106725,BATCH-DUP,Delhivery,M-013,Mumbai,Tier-1,DUPLICATE_SETTLEMENT,1.0,2.0,0.0,HIGH,2026-09-14 22:11:31.913657
AWB106728,BATCH-D,DTDC,M-018,Indore,Tier-2,EXCESS_FORWARD_CHARGE,95.0,114.0,19.0,LOW,2026-09-14 22:11:32.127304
AWB106733,BATCH-B,DTDC,M-008,Mumbai,Tier-1,EXCESS_FORWARD_CHARGE,95.0,114.0,19.0,LOW,2026-09-14 22:11:32.127304
AWB106741,BATCH-C,Kwikship,M-009,Jaipur,Tier-3,PHANTOM_RTO_CHARGE,0.0,112.0,112.0,MEDIUM,2026-09-14 22:11:31.631484
AWB106744,BATCH-D,Bluedart,M-004,Jaipur,Tier-3,PHANTOM_RTO_CHARGE,0.0,231.0,231.0,MEDIUM,2026-09-14 22:11:31.631484
AWB106744,BATCH-D,Bluedart,M-004,Jaipur,Tier-3,WEIGHT_DISPUTE,5.68,7.02,81.0,LOW,2026-09-14 22:11:31.453814
AWB106747,BATCH-C,Kwikship,M-018,Mumbai,Tier-1,PHANTOM_RTO_CHARGE,0.0,204.0,204.0,MEDIUM,2026-09-14 22:11:31.631484
AWB106753,BATCH-B,DTDC,M-003,Delhi,Tier-1,EXCESS_FORWARD_CHARGE,95.0,114.0,19.0,LOW,2026-09-14 22:11:32.127304
AWB106754,BATCH-D,Shiprocket,M-015,Delhi,Tier-1,OVERDUE_REMITTANCE,14.0,24.0,0.0,MEDIUM,2026-09-14 22:11:31.791087
AWB106758,BATCH-C,Bluedart,M-019,Mumbai,Tier-1,PHANTOM_RTO_CHARGE,0.0,164.0,164.0,MEDIUM,2026-09-14 22:11:31.631484
AWB106759,BATCH-C,DTDC,M-018,Lucknow,Tier-3,DUPLICATE_SETTLEMENT,1.0,2.0,0.0,HIGH,2026-09-14 22:11:31.913657
AWB106759,BATCH-C,DTDC,M-018,Lucknow,Tier-3,PHANTOM_RTO_CHARGE,0.0,231.0,231.0,MEDIUM,2026-09-14 22:11:31.631484
AWB106759,BATCH-DUP,DTDC,M-018,Lucknow,Tier-3,DUPLICATE_SETTLEMENT,1.0,2.0,0.0,HIGH,2026-09-14 22:11:31.913657
AWB106759,BATCH-DUP,DTDC,M-018,Lucknow,Tier-3,PHANTOM_RTO_CHARGE,0.0,231.0,231.0,MEDIUM,2026-09-14 22:11:31.631484
AWB106760,BATCH-C,DTDC,M-014,Indore,Tier-2,PHANTOM_RTO_CHARGE,0.0,126.0,126.0,MEDIUM,2026-09-14 22:11:31.631484
AWB106761,BATCH-B,Bluedart,M-019,Jaipur,Tier-3,WEIGHT_DISPUTE,3.74,4.52,47.0,LOW,2026-09-14 22:11:31.453814
AWB106764,BATCH-A,Delhivery,M-006,Mumbai,Tier-1,COD_SHORT_REMITTANCE,3436.0,3197.0,239.0,MEDIUM,2026-09-14 22:10:12.726074
AWB106767,BATCH-B,Kwikship,M-013,Mumbai,Tier-1,PHANTOM_RTO_CHARGE,0.0,169.0,169.0,MEDIUM,2026-09-14 22:11:31.631484
AWB106770,BATCH-D,Bluedart,M-010,Mumbai,Tier-1,PHANTOM_RTO_CHARGE,0.0,137.0,137.0,MEDIUM,2026-09-14 22:11:31.631484
AWB106771,BATCH-D,Bluedart,M-013,Mumbai,Tier-1,PHANTOM_RTO_CHARGE,0.0,230.0,230.0,MEDIUM,2026-09-14 22:11:31.631484
AWB106782,BATCH-B,Bluedart,M-016,Jaipur,Tier-3,WEIGHT_DISPUTE,3.81,4.54,44.0,LOW,2026-09-14 22:11:31.453814
AWB106786,BATCH-B,Bluedart,M-015,Lucknow,Tier-3,WEIGHT_DISPUTE,6.81,8.26,87.0,LOW,2026-09-14 22:11:31.453814
AWB106790,BATCH-D,DTDC,M-003,Lucknow,Tier-3,EXCESS_FORWARD_CHARGE,65.0,78.0,13.0,LOW,2026-09-14 22:11:32.127304
AWB106795,BATCH-D,Delhivery,M-012,Mumbai,Tier-1,COD_SHORT_REMITTANCE,5075.0,4918.0,157.0,MEDIUM,2026-09-14 22:10:12.726074
AWB106797,BATCH-B,DTDC,M-002,Lucknow,Tier-3,EXCESS_FORWARD_CHARGE,95.0,114.0,19.0,LOW,2026-09-14 22:11:32.127304
AWB106809,BATCH-B,DTDC,M-015,Delhi,Tier-1,EXCESS_FORWARD_CHARGE,95.0,114.0,19.0,LOW,2026-09-14 22:11:32.127304
AWB106819,BATCH-C,Bluedart,M-008,Jaipur,Tier-3,PHANTOM_RTO_CHARGE,0.0,159.0,159.0,MEDIUM,2026-09-14 22:11:31.631484
AWB106821,BATCH-B,DTDC,M-005,Mumbai,Tier-1,EXCESS_FORWARD_CHARGE,95.0,114.0,19.0,LOW,2026-09-14 22:11:32.127304
AWB106823,BATCH-B,Delhivery,M-006,Lucknow,Tier-3,PHANTOM_RTO_CHARGE,0.0,218.0,218.0,MEDIUM,2026-09-14 22:11:31.631484
AWB106830,BATCH-D,Shiprocket,M-002,Pune,Tier-2,OVERDUE_REMITTANCE,14.0,24.0,1084.0,MEDIUM,2026-09-14 22:11:31.791087
AWB106835,BATCH-A,DTDC,M-005,Pune,Tier-2,EXCESS_FORWARD_CHARGE,42.0,50.0,8.0,LOW,2026-09-14 22:11:32.127304
AWB106842,BATCH-B,Shiprocket,M-020,Delhi,Tier-1,PHANTOM_RTO_CHARGE,0.0,197.0,197.0,MEDIUM,2026-09-14 22:11:31.631484
AWB106843,BATCH-A,Shiprocket,M-005,Delhi,Tier-1,PHANTOM_RTO_CHARGE,0.0,104.0,104.0,MEDIUM,2026-09-14 22:11:31.631484
AWB106855,BATCH-B,DTDC,M-017,Lucknow,Tier-3,EXCESS_FORWARD_CHARGE,95.0,114.0,19.0,LOW,2026-09-14 22:11:32.127304
AWB106855,BATCH-B,DTDC,M-017,Lucknow,Tier-3,PHANTOM_RTO_CHARGE,0.0,139.0,139.0,MEDIUM,2026-09-14 22:11:31.631484
AWB106861,BATCH-B,DTDC,M-010,Pune,Tier-2,EXCESS_FORWARD_CHARGE,95.0,114.0,19.0,LOW,2026-09-14 22:11:32.127304
AWB106873,BATCH-A,Delhivery,M-003,Mumbai,Tier-1,PHANTOM_RTO_CHARGE,0.0,157.0,157.0,MEDIUM,2026-09-14 22:11:31.631484
AWB106874,BATCH-A,DTDC,M-015,Lucknow,Tier-3,EXCESS_FORWARD_CHARGE,95.0,114.0,19.0,LOW,2026-09-14 22:11:32.127304
AWB106875,BATCH-B,Bluedart,M-001,Lucknow,Tier-3,WEIGHT_DISPUTE,1.89,2.31,25.0,LOW,2026-09-14 22:11:31.453814
AWB106878,BATCH-A,Bluedart,M-001,Jaipur,Tier-3,WEIGHT_DISPUTE,5.42,7.0,95.0,LOW,2026-09-14 22:11:31.453814
AWB106884,BATCH-D,Delhivery,M-003,Mumbai,Tier-1,COD_SHORT_REMITTANCE,5409.0,5001.0,408.0,MEDIUM,2026-09-14 22:10:12.726074
AWB106887,BATCH-C,Shiprocket,M-005,Jaipur,Tier-3,OVERDUE_REMITTANCE,14.0,26.0,0.0,MEDIUM,2026-09-14 22:11:31.791087
AWB106889,BATCH-A,DTDC,M-002,Indore,Tier-2,EXCESS_FORWARD_CHARGE,95.0,114.0,19.0,LOW,2026-09-14 22:11:32.127304
AWB106900,BATCH-D,Bluedart,M-019,Jaipur,Tier-3,WEIGHT_DISPUTE,5.53,7.11,95.0,LOW,2026-09-14 22:11:31.453814
AWB106902,BATCH-B,Kwikship,M-011,Indore,Tier-2,PHANTOM_RTO_CHARGE,0.0,245.0,245.0,MEDIUM,2026-09-14 22:11:31.631484
AWB106906,BATCH-D,Kwikship,M-020,Lucknow,Tier-3,ETA_SLA_BREACH,72.0,103.3,0.0,LOW,2026-09-14 22:11:32.038362
AWB106910,BATCH-B,Delhivery,M-002,Mumbai,Tier-1,COD_SHORT_REMITTANCE,5856.0,5504.0,352.0,MEDIUM,2026-09-14 22:10:12.726074
AWB106912,BATCH-A,DTDC,M-007,Pune,Tier-2,EXCESS_FORWARD_CHARGE,95.0,114.0,19.0,LOW,2026-09-14 22:11:32.127304
AWB106920,BATCH-D,Delhivery,M-008,Pune,Tier-2,COD_SHORT_REMITTANCE,3064.0,2882.0,182.0,MEDIUM,2026-09-14 22:10:12.726074
AWB106929,BATCH-D,DTDC,M-010,Delhi,Tier-1,EXCESS_FORWARD_CHARGE,95.0,114.0,19.0,LOW,2026-09-14 22:11:32.127304
AWB106933,BATCH-D,DTDC,M-015,Jaipur,Tier-3,PHANTOM_RTO_CHARGE,0.0,168.0,168.0,MEDIUM,2026-09-14 22:11:31.631484
AWB106936,BATCH-A,DTDC,M-010,Mumbai,Tier-1,EXCESS_FORWARD_CHARGE,95.0,114.0,19.0,LOW,2026-09-14 22:11:32.127304
AWB106941,BATCH-A,DTDC,M-020,Indore,Tier-2,DUPLICATE_SETTLEMENT,1.0,2.0,0.0,HIGH,2026-09-14 22:11:31.913657
AWB106941,BATCH-A,DTDC,M-020,Indore,Tier-2,PHANTOM_RTO_CHARGE,0.0,196.0,196.0,MEDIUM,2026-09-14 22:11:31.631484
AWB106941,BATCH-DUP,DTDC,M-020,Indore,Tier-2,DUPLICATE_SETTLEMENT,1.0,2.0,0.0,HIGH,2026-09-14 22:11:31.913657
AWB106941,BATCH-DUP,DTDC,M-020,Indore,Tier-2,PHANTOM_RTO_CHARGE,0.0,196.0,196.0,MEDIUM,2026-09-14 22:11:31.631484
AWB106952,BATCH-A,DTDC,M-018,Lucknow,Tier-3,EXCESS_FORWARD_CHARGE,95.0,114.0,19.0,LOW,2026-09-14 22:11:32.127304
AWB106954,BATCH-B,Shiprocket,M-001,Jaipur,Tier-3,OVERDUE_REMITTANCE,14.0,18.0,0.0,MEDIUM,2026-09-14 22:11:31.791087
AWB106956,BATCH-A,Delhivery,M-018,Lucknow,Tier-3,PHANTOM_RTO_CHARGE,0.0,155.0,155.0,MEDIUM,2026-09-14 22:11:31.631484
AWB106958,BATCH-A,Delhivery,M-018,Indore,Tier-2,COD_SHORT_REMITTANCE,4136.0,3882.0,254.0,MEDIUM,2026-09-14 22:10:12.726074
AWB106960,BATCH-B,DTDC,M-018,Lucknow,Tier-3,EXCESS_FORWARD_CHARGE,95.0,114.0,19.0,LOW,2026-09-14 22:11:32.127304
AWB106960,BATCH-B,DTDC,M-018,Lucknow,Tier-3,PHANTOM_RTO_CHARGE,0.0,167.0,167.0,MEDIUM,2026-09-14 22:11:31.631484
AWB106964,BATCH-B,Shiprocket,M-020,Indore,Tier-2,PHANTOM_RTO_CHARGE,0.0,114.0,114.0,MEDIUM,2026-09-14 22:11:31.631484
AWB106969,BATCH-D,Shiprocket,M-007,Indore,Tier-2,OVERDUE_REMITTANCE,14.0,21.0,0.0,MEDIUM,2026-09-14 22:11:31.791087
AWB106974,BATCH-B,Bluedart,M-019,Jaipur,Tier-3,WEIGHT_DISPUTE,8.03,9.56,92.0,LOW,2026-09-14 22:11:31.453814
AWB106981,BATCH-A,Bluedart,M-004,Jaipur,Tier-3,WEIGHT_DISPUTE,5.74,6.79,63.0,LOW,2026-09-14 22:11:31.453814
AWB106984,BATCH-D,Delhivery,M-010,Delhi,Tier-1,COD_SHORT_REMITTANCE,5618.0,5431.0,187.0,MEDIUM,2026-09-14 22:10:12.726074
AWB106991,BATCH-B,DTDC,M-012,Delhi,Tier-1,EXCESS_FORWARD_CHARGE,95.0,114.0,19.0,LOW,2026-09-14 22:11:32.127304
AWB106993,BATCH-B,Kwikship,M-007,Delhi,Tier-1,PHANTOM_RTO_CHARGE,0.0,170.0,170.0,MEDIUM,2026-09-14 22:11:31.631484
AWB106996,BATCH-A,DTDC,M-001,Lucknow,Tier-3,EXCESS_FORWARD_CHARGE,65.0,78.0,13.0,LOW,2026-09-14 22:11:32.127304
AWB106999,BATCH-C,DTDC,M-011,Jaipur,Tier-3,EXCESS_FORWARD_CHARGE,95.0,114.0,19.0,LOW,2026-09-14 22:11:32.127304
AWB107002,BATCH-A,DTDC,M-002,Jaipur,Tier-3,EXCESS_FORWARD_CHARGE,95.0,114.0,19.0,LOW,2026-09-14 22:11:32.127304
AWB107003,BATCH-A,Delhivery,M-008,Jaipur,Tier-3,PHANTOM_RTO_CHARGE,0.0,187.0,187.0,MEDIUM,2026-09-14 22:11:31.631484
AWB107004,BATCH-D,Shiprocket,M-013,Delhi,Tier-1,PHANTOM_RTO_CHARGE,0.0,189.0,189.0,MEDIUM,2026-09-14 22:11:31.631484
AWB107011,BATCH-C,Bluedart,M-020,Delhi,Tier-1,PHANTOM_RTO_CHARGE,0.0,181.0,181.0,MEDIUM,2026-09-14 22:11:31.631484
AWB107012,BATCH-B,DTDC,M-012,Mumbai,Tier-1,EXCESS_FORWARD_CHARGE,95.0,114.0,19.0,LOW,2026-09-14 22:11:32.127304
AWB107016,BATCH-B,Kwikship,M-001,Lucknow,Tier-3,PHANTOM_RTO_CHARGE,0.0,140.0,140.0,MEDIUM,2026-09-14 22:11:31.631484
AWB107018,BATCH-C,Bluedart,M-008,Lucknow,Tier-3,PHANTOM_RTO_CHARGE,0.0,161.0,161.0,MEDIUM,2026-09-14 22:11:31.631484
AWB107021,BATCH-C,Delhivery,M-019,Mumbai,Tier-1,COD_SHORT_REMITTANCE,3128.0,2913.0,215.0,MEDIUM,2026-09-14 22:10:12.726074
AWB107023,BATCH-A,Delhivery,M-006,Delhi,Tier-1,COD_SHORT_REMITTANCE,3997.0,3854.0,143.0,MEDIUM,2026-09-14 22:10:12.726074
AWB107025,BATCH-B,Delhivery,M-020,Delhi,Tier-1,COD_SHORT_REMITTANCE,5472.0,5306.0,166.0,MEDIUM,2026-09-14 22:10:12.726074
AWB107033,BATCH-C,DTDC,M-019,Delhi,Tier-1,EXCESS_FORWARD_CHARGE,65.0,78.0,13.0,LOW,2026-09-14 22:11:32.127304
AWB107035,BATCH-D,Bluedart,M-012,Lucknow,Tier-3,DUPLICATE_SETTLEMENT,1.0,2.0,3610.0,HIGH,2026-09-14 22:11:31.913657
AWB107035,BATCH-DUP,Bluedart,M-012,Lucknow,Tier-3,DUPLICATE_SETTLEMENT,1.0,2.0,3610.0,HIGH,2026-09-14 22:11:31.913657
AWB107037,BATCH-C,Kwikship,M-006,Lucknow,Tier-3,ETA_SLA_BREACH,72.0,134.3,0.0,LOW,2026-09-14 22:11:32.038362
AWB107037,BATCH-C,Kwikship,M-006,Lucknow,Tier-3,PHANTOM_RTO_CHARGE,0.0,189.0,189.0,MEDIUM,2026-09-14 22:11:31.631484
AWB107038,BATCH-D,Bluedart,M-005,Indore,Tier-2,PHANTOM_RTO_CHARGE,0.0,106.0,106.0,MEDIUM,2026-09-14 22:11:31.631484
AWB107041,BATCH-C,Shiprocket,M-015,Delhi,Tier-1,PHANTOM_RTO_CHARGE,0.0,213.0,213.0,MEDIUM,2026-09-14 22:11:31.631484
AWB107068,BATCH-A,Shiprocket,M-018,Mumbai,Tier-1,OVERDUE_REMITTANCE,14.0,27.0,2767.0,MEDIUM,2026-09-14 22:11:31.791087
AWB107073,BATCH-D,Shiprocket,M-006,Lucknow,Tier-3,PHANTOM_RTO_CHARGE,0.0,140.0,140.0,MEDIUM,2026-09-14 22:11:31.631484
AWB107075,BATCH-B,Bluedart,M-009,Jaipur,Tier-3,PHANTOM_RTO_CHARGE,0.0,102.0,102.0,MEDIUM,2026-09-14 22:11:31.631484
AWB107079,BATCH-D,DTDC,M-020,Indore,Tier-2,EXCESS_FORWARD_CHARGE,95.0,114.0,19.0,LOW,2026-09-14 22:11:32.127304
AWB107079,BATCH-D,DTDC,M-020,Indore,Tier-2,PHANTOM_RTO_CHARGE,0.0,194.0,194.0,MEDIUM,2026-09-14 22:11:31.631484
AWB107083,BATCH-B,Bluedart,M-017,Mumbai,Tier-1,PHANTOM_RTO_CHARGE,0.0,208.0,208.0,MEDIUM,2026-09-14 22:11:31.631484
AWB107085,BATCH-B,DTDC,M-003,Pune,Tier-2,EXCESS_FORWARD_CHARGE,65.0,78.0,13.0,LOW,2026-09-14 22:11:32.127304
AWB107085,BATCH-B,DTDC,M-003,Pune,Tier-2,PHANTOM_RTO_CHARGE,0.0,176.0,176.0,MEDIUM,2026-09-14 22:11:31.631484
AWB107086,BATCH-A,DTDC,M-019,Lucknow,Tier-3,EXCESS_FORWARD_CHARGE,42.0,50.0,8.0,LOW,2026-09-14 22:11:32.127304
AWB107091,BATCH-C,Kwikship,M-002,Jaipur,Tier-3,ETA_SLA_BREACH,72.0,127.4,0.0,LOW,2026-09-14 22:11:32.038362
AWB107107,BATCH-B,Shiprocket,M-016,Lucknow,Tier-3,PHANTOM_RTO_CHARGE,0.0,148.0,148.0,MEDIUM,2026-09-14 22:11:31.631484
AWB107115,BATCH-D,DTDC,M-003,Jaipur,Tier-3,EXCESS_FORWARD_CHARGE,95.0,114.0,19.0,LOW,2026-09-14 22:11:32.127304
AWB107122,BATCH-A,Shiprocket,M-004,Jaipur,Tier-3,OVERDUE_REMITTANCE,14.0,20.0,5065.0,MEDIUM,2026-09-14 22:11:31.791087
AWB107123,BATCH-C,Kwikship,M-013,Lucknow,Tier-3,DUPLICATE_SETTLEMENT,1.0,2.0,0.0,HIGH,2026-09-14 22:11:31.913657
AWB107123,BATCH-DUP,Kwikship,M-013,Lucknow,Tier-3,DUPLICATE_SETTLEMENT,1.0,2.0,0.0,HIGH,2026-09-14 22:11:31.913657
AWB107124,BATCH-D,Bluedart,M-017,Jaipur,Tier-3,WEIGHT_DISPUTE,6.1,7.2,66.0,LOW,2026-09-14 22:11:31.453814
AWB107126,BATCH-D,Delhivery,M-006,Pune,Tier-2,COD_SHORT_REMITTANCE,4344.0,4079.0,265.0,MEDIUM,2026-09-14 22:10:12.726074
AWB107127,BATCH-C,DTDC,M-007,Jaipur,Tier-3,EXCESS_FORWARD_CHARGE,95.0,114.0,19.0,LOW,2026-09-14 22:11:32.127304
AWB107130,BATCH-B,Delhivery,M-019,Jaipur,Tier-3,COD_SHORT_REMITTANCE,5248.0,4848.0,400.0,MEDIUM,2026-09-14 22:10:12.726074
AWB107131,BATCH-B,DTDC,M-004,Pune,Tier-2,PHANTOM_RTO_CHARGE,0.0,243.0,243.0,MEDIUM,2026-09-14 22:11:31.631484
AWB107132,BATCH-D,Bluedart,M-008,Jaipur,Tier-3,WEIGHT_DISPUTE,5.97,7.23,76.0,LOW,2026-09-14 22:11:31.453814
AWB107134,BATCH-C,Shiprocket,M-002,Indore,Tier-2,OVERDUE_REMITTANCE,14.0,27.0,0.0,MEDIUM,2026-09-14 22:11:31.791087
AWB107135,BATCH-A,DTDC,M-017,Lucknow,Tier-3,EXCESS_FORWARD_CHARGE,95.0,114.0,19.0,LOW,2026-09-14 22:11:32.127304
AWB107136,BATCH-D,Bluedart,M-019,Jaipur,Tier-3,WEIGHT_DISPUTE,1.02,1.3,17.0,LOW,2026-09-14 22:11:31.453814
AWB107145,BATCH-B,Kwikship,M-009,Lucknow,Tier-3,ETA_SLA_BREACH,72.0,129.2,0.0,LOW,2026-09-14 22:11:32.038362
AWB107149,BATCH-C,DTDC,M-011,Jaipur,Tier-3,EXCESS_FORWARD_CHARGE,65.0,78.0,13.0,LOW,2026-09-14 22:11:32.127304
AWB107149,BATCH-C,DTDC,M-011,Jaipur,Tier-3,PHANTOM_RTO_CHARGE,0.0,152.0,152.0,MEDIUM,2026-09-14 22:11:31.631484
AWB107153,BATCH-B,DTDC,M-001,Lucknow,Tier-3,EXCESS_FORWARD_CHARGE,42.0,50.0,8.0,LOW,2026-09-14 22:11:32.127304
AWB107157,BATCH-B,DTDC,M-009,Indore,Tier-2,EXCESS_FORWARD_CHARGE,95.0,114.0,19.0,LOW,2026-09-14 22:11:32.127304
AWB107168,BATCH-C,Shiprocket,M-010,Mumbai,Tier-1,OVERDUE_REMITTANCE,14.0,27.0,2008.0,MEDIUM,2026-09-14 22:11:31.791087
AWB107179,BATCH-A,DTDC,M-020,Pune,Tier-2,EXCESS_FORWARD_CHARGE,65.0,78.0,13.0,LOW,2026-09-14 22:11:32.127304
AWB107181,BATCH-C,DTDC,M-016,Indore,Tier-2,EXCESS_FORWARD_CHARGE,95.0,114.0,19.0,LOW,2026-09-14 22:11:32.127304
AWB107182,BATCH-B,Bluedart,M-009,Jaipur,Tier-3,WEIGHT_DISPUTE,2.28,2.77,29.0,LOW,2026-09-14 22:11:31.453814
AWB107190,BATCH-A,DTDC,M-002,Indore,Tier-2,PHANTOM_RTO_CHARGE,0.0,144.0,144.0,MEDIUM,2026-09-14 22:11:31.631484
AWB107197,BATCH-D,Kwikship,M-019,Lucknow,Tier-3,ETA_SLA_BREACH,72.0,132.8,0.0,LOW,2026-09-14 22:11:32.038362
AWB107198,BATCH-B,Shiprocket,M-016,Lucknow,Tier-3,PHANTOM_RTO_CHARGE,0.0,157.0,157.0,MEDIUM,2026-09-14 22:11:31.631484
AWB107201,BATCH-A,DTDC,M-011,Mumbai,Tier-1,DUPLICATE_SETTLEMENT,1.0,2.0,4214.0,HIGH,2026-09-14 22:11:31.913657
AWB107201,BATCH-A,DTDC,M-011,Mumbai,Tier-1,EXCESS_FORWARD_CHARGE,95.0,114.0,19.0,LOW,2026-09-14 22:11:32.127304
AWB107201,BATCH-DUP,DTDC,M-011,Mumbai,Tier-1,DUPLICATE_SETTLEMENT,1.0,2.0,4214.0,HIGH,2026-09-14 22:11:31.913657
AWB107201,BATCH-DUP,DTDC,M-011,Mumbai,Tier-1,EXCESS_FORWARD_CHARGE,95.0,114.0,19.0,LOW,2026-09-14 22:11:32.127304
AWB107206,BATCH-D,DTDC,M-014,Mumbai,Tier-1,EXCESS_FORWARD_CHARGE,95.0,114.0,19.0,LOW,2026-09-14 22:11:32.127304
AWB107208,BATCH-A,DTDC,M-010,Mumbai,Tier-1,PHANTOM_RTO_CHARGE,0.0,114.0,114.0,MEDIUM,2026-09-14 22:11:31.631484
AWB107213,BATCH-A,DTDC,M-012,Indore,Tier-2,EXCESS_FORWARD_CHARGE,95.0,114.0,19.0,LOW,2026-09-14 22:11:32.127304
AWB107214,BATCH-B,DTDC,M-008,Delhi,Tier-1,PHANTOM_RTO_CHARGE,0.0,177.0,177.0,MEDIUM,2026-09-14 22:11:31.631484
AWB107224,BATCH-D,DTDC,M-010,Indore,Tier-2,EXCESS_FORWARD_CHARGE,95.0,114.0,19.0,LOW,2026-09-14 22:11:32.127304
AWB107229,BATCH-A,Bluedart,M-016,Lucknow,Tier-3,WEIGHT_DISPUTE,4.83,6.35,91.0,LOW,2026-09-14 22:11:31.453814
AWB107230,BATCH-C,DTDC,M-003,Lucknow,Tier-3,EXCESS_FORWARD_CHARGE,42.0,50.0,8.0,LOW,2026-09-14 22:11:32.127304
AWB107237,BATCH-D,Bluedart,M-010,Lucknow,Tier-3,WEIGHT_DISPUTE,0.68,0.81,8.0,LOW,2026-09-14 22:11:31.453814
AWB107240,BATCH-B,Delhivery,M-015,Lucknow,Tier-3,COD_SHORT_REMITTANCE,4118.0,3832.0,286.0,MEDIUM,2026-09-14 22:10:12.726074
AWB107241,BATCH-A,DTDC,M-009,Mumbai,Tier-1,EXCESS_FORWARD_CHARGE,65.0,78.0,13.0,LOW,2026-09-14 22:11:32.127304
AWB107248,BATCH-C,Shiprocket,M-012,Mumbai,Tier-1,PHANTOM_RTO_CHARGE,0.0,154.0,154.0,MEDIUM,2026-09-14 22:11:31.631484
AWB107250,BATCH-B,DTDC,M-005,Jaipur,Tier-3,EXCESS_FORWARD_CHARGE,95.0,114.0,19.0,LOW,2026-09-14 22:11:32.127304
AWB107254,BATCH-C,DTDC,M-003,Delhi,Tier-1,EXCESS_FORWARD_CHARGE,95.0,114.0,19.0,LOW,2026-09-14 22:11:32.127304
AWB107257,BATCH-B,Shiprocket,M-007,Indore,Tier-2,PHANTOM_RTO_CHARGE,0.0,214.0,214.0,MEDIUM,2026-09-14 22:11:31.631484
AWB107258,BATCH-B,DTDC,M-002,Indore,Tier-2,EXCESS_FORWARD_CHARGE,95.0,114.0,19.0,LOW,2026-09-14 22:11:32.127304
AWB107264,BATCH-D,Bluedart,M-015,Lucknow,Tier-3,WEIGHT_DISPUTE,1.97,2.49,31.0,LOW,2026-09-14 22:11:31.453814
AWB107285,BATCH-C,Shiprocket,M-007,Pune,Tier-2,OVERDUE_REMITTANCE,14.0,25.0,0.0,MEDIUM,2026-09-14 22:11:31.791087
AWB107293,BATCH-B,Delhivery,M-019,Indore,Tier-2,PHANTOM_RTO_CHARGE,0.0,233.0,233.0,MEDIUM,2026-09-14 22:11:31.631484
AWB107294,BATCH-D,Delhivery,M-001,Indore,Tier-2,COD_SHORT_REMITTANCE,4563.0,4237.0,326.0,MEDIUM,2026-09-14 22:10:12.726074
AWB107296,BATCH-C,Delhivery,M-007,Delhi,Tier-1,COD_SHORT_REMITTANCE,5312.0,5128.0,184.0,MEDIUM,2026-09-14 22:10:12.726074
AWB107304,BATCH-D,Delhivery,M-005,Pune,Tier-2,COD_SHORT_REMITTANCE,3682.0,3394.0,288.0,MEDIUM,2026-09-14 22:10:12.726074
AWB107311,BATCH-B,Delhivery,M-004,Delhi,Tier-1,DUPLICATE_SETTLEMENT,1.0,2.0,5048.0,HIGH,2026-09-14 22:11:31.913657
AWB107311,BATCH-B,Delhivery,M-004,Delhi,Tier-1,PHANTOM_RTO_CHARGE,0.0,146.0,146.0,MEDIUM,2026-09-14 22:11:31.631484
AWB107311,BATCH-DUP,Delhivery,M-004,Delhi,Tier-1,DUPLICATE_SETTLEMENT,1.0,2.0,5048.0,HIGH,2026-09-14 22:11:31.913657
AWB107311,BATCH-DUP,Delhivery,M-004,Delhi,Tier-1,PHANTOM_RTO_CHARGE,0.0,146.0,146.0,MEDIUM,2026-09-14 22:11:31.631484
AWB107319,BATCH-B,DTDC,M-009,Delhi,Tier-1,EXCESS_FORWARD_CHARGE,95.0,114.0,19.0,LOW,2026-09-14 22:11:32.127304
AWB107321,BATCH-B,Bluedart,M-003,Lucknow,Tier-3,WEIGHT_DISPUTE,2.76,3.64,53.0,LOW,2026-09-14 22:11:31.453814
AWB107328,BATCH-D,DTDC,M-013,Delhi,Tier-1,PHANTOM_RTO_CHARGE,0.0,206.0,206.0,MEDIUM,2026-09-14 22:11:31.631484
AWB107334,BATCH-B,Kwikship,M-013,Indore,Tier-2,PHANTOM_RTO_CHARGE,0.0,210.0,210.0,MEDIUM,2026-09-14 22:11:31.631484
AWB107336,BATCH-C,Bluedart,M-014,Jaipur,Tier-3,PHANTOM_RTO_CHARGE,0.0,207.0,207.0,MEDIUM,2026-09-14 22:11:31.631484
AWB107336,BATCH-C,Bluedart,M-014,Jaipur,Tier-3,WEIGHT_DISPUTE,0.94,1.11,11.0,LOW,2026-09-14 22:11:31.453814
AWB107339,BATCH-A,DTDC,M-005,Pune,Tier-2,EXCESS_FORWARD_CHARGE,95.0,114.0,19.0,LOW,2026-09-14 22:11:32.127304
AWB107341,BATCH-B,Bluedart,M-008,Lucknow,Tier-3,WEIGHT_DISPUTE,4.21,5.4,71.0,LOW,2026-09-14 22:11:31.453814
AWB107344,BATCH-B,Kwikship,M-007,Lucknow,Tier-3,ETA_SLA_BREACH,72.0,121.7,0.0,LOW,2026-09-14 22:11:32.038362
AWB107352,BATCH-B,Bluedart,M-016,Indore,Tier-2,PHANTOM_RTO_CHARGE,0.0,210.0,210.0,MEDIUM,2026-09-14 22:11:31.631484
AWB107355,BATCH-D,Shiprocket,M-006,Jaipur,Tier-3,PHANTOM_RTO_CHARGE,0.0,237.0,237.0,MEDIUM,2026-09-14 22:11:31.631484
AWB107360,BATCH-C,DTDC,M-015,Pune,Tier-2,EXCESS_FORWARD_CHARGE,95.0,114.0,19.0,LOW,2026-09-14 22:11:32.127304
AWB107361,BATCH-C,Shiprocket,M-004,Indore,Tier-2,PHANTOM_RTO_CHARGE,0.0,192.0,192.0,MEDIUM,2026-09-14 22:11:31.631484
AWB107367,BATCH-B,Shiprocket,M-006,Indore,Tier-2,OVERDUE_REMITTANCE,14.0,20.0,5055.0,MEDIUM,2026-09-14 22:11:31.791087
AWB107378,BATCH-D,Bluedart,M-016,Lucknow,Tier-3,WEIGHT_DISPUTE,1.47,1.73,16.0,LOW,2026-09-14 22:11:31.453814
AWB107379,BATCH-C,DTDC,M-007,Indore,Tier-2,EXCESS_FORWARD_CHARGE,95.0,114.0,19.0,LOW,2026-09-14 22:11:32.127304
AWB107385,BATCH-B,DTDC,M-014,Mumbai,Tier-1,EXCESS_FORWARD_CHARGE,95.0,114.0,19.0,LOW,2026-09-14 22:11:32.127304
AWB107392,BATCH-C,DTDC,M-004,Lucknow,Tier-3,EXCESS_FORWARD_CHARGE,42.0,50.0,8.0,LOW,2026-09-14 22:11:32.127304
AWB107403,BATCH-D,Shiprocket,M-006,Mumbai,Tier-1,PHANTOM_RTO_CHARGE,0.0,147.0,147.0,MEDIUM,2026-09-14 22:11:31.631484
AWB107412,BATCH-B,Kwikship,M-002,Mumbai,Tier-1,PHANTOM_RTO_CHARGE,0.0,133.0,133.0,MEDIUM,2026-09-14 22:11:31.631484
AWB107424,BATCH-C,Bluedart,M-003,Jaipur,Tier-3,PHANTOM_RTO_CHARGE,0.0,153.0,153.0,MEDIUM,2026-09-14 22:11:31.631484
AWB107424,BATCH-C,Bluedart,M-003,Jaipur,Tier-3,WEIGHT_DISPUTE,6.13,7.27,68.0,LOW,2026-09-14 22:11:31.453814
AWB107433,BATCH-B,Bluedart,M-011,Lucknow,Tier-3,WEIGHT_DISPUTE,6.98,8.33,81.0,LOW,2026-09-14 22:11:31.453814
AWB107435,BATCH-B,DTDC,M-008,Indore,Tier-2,EXCESS_FORWARD_CHARGE,95.0,114.0,19.0,LOW,2026-09-14 22:11:32.127304
AWB107448,BATCH-C,Delhivery,M-014,Jaipur,Tier-3,COD_SHORT_REMITTANCE,3269.0,3151.0,118.0,MEDIUM,2026-09-14 22:10:12.726074
AWB107456,BATCH-A,Kwikship,M-017,Jaipur,Tier-3,ETA_SLA_BREACH,72.0,132.2,0.0,LOW,2026-09-14 22:11:32.038362
AWB107460,BATCH-A,Shiprocket,M-010,Pune,Tier-2,OVERDUE_REMITTANCE,14.0,19.0,0.0,MEDIUM,2026-09-14 22:11:31.791087
AWB107462,BATCH-B,Shiprocket,M-008,Lucknow,Tier-3,OVERDUE_REMITTANCE,14.0,25.0,5716.0,MEDIUM,2026-09-14 22:11:31.791087
AWB107464,BATCH-B,Kwikship,M-014,Jaipur,Tier-3,ETA_SLA_BREACH,72.0,131.4,0.0,LOW,2026-09-14 22:11:32.038362
AWB107465,BATCH-C,Delhivery,M-016,Jaipur,Tier-3,COD_SHORT_REMITTANCE,5565.0,5395.0,170.0,MEDIUM,2026-09-14 22:10:12.726074
AWB107465,BATCH-C,Delhivery,M-016,Jaipur,Tier-3,PHANTOM_RTO_CHARGE,0.0,203.0,203.0,MEDIUM,2026-09-14 22:11:31.631484
AWB107466,BATCH-C,Kwikship,M-016,Lucknow,Tier-3,PHANTOM_RTO_CHARGE,0.0,131.0,131.0,MEDIUM,2026-09-14 22:11:31.631484
AWB107473,BATCH-B,DTDC,M-007,Indore,Tier-2,EXCESS_FORWARD_CHARGE,65.0,78.0,13.0,LOW,2026-09-14 22:11:32.127304
AWB107477,BATCH-C,DTDC,M-004,Mumbai,Tier-1,EXCESS_FORWARD_CHARGE,95.0,114.0,19.0,LOW,2026-09-14 22:11:32.127304
AWB107479,BATCH-A,Bluedart,M-017,Lucknow,Tier-3,WEIGHT_DISPUTE,2.55,3.2,39.0,LOW,2026-09-14 22:11:31.453814
AWB107486,BATCH-A,DTDC,M-013,Lucknow,Tier-3,EXCESS_FORWARD_CHARGE,95.0,114.0,19.0,LOW,2026-09-14 22:11:32.127304
AWB107493,BATCH-C,Kwikship,M-010,Jaipur,Tier-3,ETA_SLA_BREACH,72.0,121.6,0.0,LOW,2026-09-14 22:11:32.038362
AWB107503,BATCH-D,Bluedart,M-009,Lucknow,Tier-3,DUPLICATE_SETTLEMENT,1.0,2.0,0.0,HIGH,2026-09-14 22:11:31.913657
AWB107503,BATCH-DUP,Bluedart,M-009,Lucknow,Tier-3,DUPLICATE_SETTLEMENT,1.0,2.0,0.0,HIGH,2026-09-14 22:11:31.913657
AWB107508,BATCH-D,Kwikship,M-005,Indore,Tier-2,PHANTOM_RTO_CHARGE,0.0,243.0,243.0,MEDIUM,2026-09-14 22:11:31.631484
AWB107509,BATCH-A,Delhivery,M-017,Indore,Tier-2,COD_SHORT_REMITTANCE,5019.0,4704.0,315.0,MEDIUM,2026-09-14 22:10:12.726074
AWB107509,BATCH-A,Delhivery,M-017,Indore,Tier-2,PHANTOM_RTO_CHARGE,0.0,162.0,162.0,MEDIUM,2026-09-14 22:11:31.631484
AWB107516,BATCH-A,Delhivery,M-007,Delhi,Tier-1,PHANTOM_RTO_CHARGE,0.0,192.0,192.0,MEDIUM,2026-09-14 22:11:31.631484
AWB107521,BATCH-B,Delhivery,M-018,Pune,Tier-2,COD_SHORT_REMITTANCE,4870.0,4699.0,171.0,MEDIUM,2026-09-14 22:10:12.726074
AWB107524,BATCH-D,Kwikship,M-003,Jaipur,Tier-3,ETA_SLA_BREACH,72.0,129.2,0.0,LOW,2026-09-14 22:11:32.038362
AWB107525,BATCH-B,Shiprocket,M-013,Indore,Tier-2,OVERDUE_REMITTANCE,14.0,22.0,1942.0,MEDIUM,2026-09-14 22:11:31.791087
AWB107527,BATCH-C,Delhivery,M-014,Pune,Tier-2,COD_SHORT_REMITTANCE,4403.0,4089.0,314.0,MEDIUM,2026-09-14 22:10:12.726074
AWB107531,BATCH-B,Shiprocket,M-019,Mumbai,Tier-1,PHANTOM_RTO_CHARGE,0.0,240.0,240.0,MEDIUM,2026-09-14 22:11:31.631484
AWB107535,BATCH-C,Bluedart,M-012,Indore,Tier-2,PHANTOM_RTO_CHARGE,0.0,155.0,155.0,MEDIUM,2026-09-14 22:11:31.631484
AWB107536,BATCH-B,DTDC,M-007,Mumbai,Tier-1,EXCESS_FORWARD_CHARGE,65.0,78.0,13.0,LOW,2026-09-14 22:11:32.127304
AWB107538,BATCH-A,Shiprocket,M-008,Jaipur,Tier-3,PHANTOM_RTO_CHARGE,0.0,236.0,236.0,MEDIUM,2026-09-14 22:11:31.631484
AWB107539,BATCH-A,DTDC,M-010,Mumbai,Tier-1,EXCESS_FORWARD_CHARGE,95.0,114.0,19.0,LOW,2026-09-14 22:11:32.127304
AWB107540,BATCH-B,Bluedart,M-006,Lucknow,Tier-3,PHANTOM_RTO_CHARGE,0.0,180.0,180.0,MEDIUM,2026-09-14 22:11:31.631484
AWB107540,BATCH-B,Bluedart,M-006,Lucknow,Tier-3,WEIGHT_DISPUTE,2.73,3.43,42.0,LOW,2026-09-14 22:11:31.453814
AWB107543,BATCH-A,DTDC,M-004,Indore,Tier-2,EXCESS_FORWARD_CHARGE,95.0,114.0,19.0,LOW,2026-09-14 22:11:32.127304
AWB107544,BATCH-B,Bluedart,M-016,Lucknow,Tier-3,WEIGHT_DISPUTE,7.23,8.94,103.0,MEDIUM,2026-09-14 22:11:31.453814
AWB107553,BATCH-B,Bluedart,M-004,Lucknow,Tier-3,WEIGHT_DISPUTE,5.64,6.72,65.0,LOW,2026-09-14 22:11:31.453814
AWB107554,BATCH-A,Bluedart,M-020,Jaipur,Tier-3,WEIGHT_DISPUTE,3.68,4.79,67.0,LOW,2026-09-14 22:11:31.453814
AWB107558,BATCH-B,Delhivery,M-014,Delhi,Tier-1,COD_SHORT_REMITTANCE,3852.0,3560.0,292.0,MEDIUM,2026-09-14 22:10:12.726074
AWB107559,BATCH-A,DTDC,M-014,Pune,Tier-2,EXCESS_FORWARD_CHARGE,95.0,114.0,19.0,LOW,2026-09-14 22:11:32.127304
AWB107569,BATCH-A,Bluedart,M-011,Lucknow,Tier-3,WEIGHT_DISPUTE,5.06,6.61,93.0,LOW,2026-09-14 22:11:31.453814
AWB107570,BATCH-A,Delhivery,M-017,Indore,Tier-2,COD_SHORT_REMITTANCE,4010.0,3749.0,261.0,MEDIUM,2026-09-14 22:10:12.726074
AWB107574,BATCH-D,Delhivery,M-020,Delhi,Tier-1,COD_SHORT_REMITTANCE,3471.0,3288.0,183.0,MEDIUM,2026-09-14 22:10:12.726074
AWB107584,BATCH-D,Delhivery,M-011,Jaipur,Tier-3,PHANTOM_RTO_CHARGE,0.0,248.0,248.0,MEDIUM,2026-09-14 22:11:31.631484
AWB107585,BATCH-B,DTDC,M-002,Mumbai,Tier-1,EXCESS_FORWARD_CHARGE,95.0,114.0,19.0,LOW,2026-09-14 22:11:32.127304
AWB107587,BATCH-A,Kwikship,M-001,Lucknow,Tier-3,ETA_SLA_BREACH,72.0,139.0,0.0,LOW,2026-09-14 22:11:32.038362
AWB107588,BATCH-D,Bluedart,M-018,Indore,Tier-2,PHANTOM_RTO_CHARGE,0.0,105.0,105.0,MEDIUM,2026-09-14 22:11:31.631484
AWB107600,BATCH-D,Delhivery,M-018,Pune,Tier-2,PHANTOM_RTO_CHARGE,0.0,140.0,140.0,MEDIUM,2026-09-14 22:11:31.631484
AWB107601,BATCH-B,Bluedart,M-006,Jaipur,Tier-3,WEIGHT_DISPUTE,8.02,9.77,105.0,MEDIUM,2026-09-14 22:11:31.453814
AWB107617,BATCH-A,Delhivery,M-002,Pune,Tier-2,COD_SHORT_REMITTANCE,5018.0,4845.0,173.0,MEDIUM,2026-09-14 22:10:12.726074
AWB107624,BATCH-D,Delhivery,M-011,Delhi,Tier-1,COD_SHORT_REMITTANCE,3994.0,3867.0,127.0,MEDIUM,2026-09-14 22:10:12.726074
AWB107640,BATCH-D,DTDC,M-001,Mumbai,Tier-1,EXCESS_FORWARD_CHARGE,95.0,114.0,19.0,LOW,2026-09-14 22:11:32.127304
AWB107647,BATCH-A,Bluedart,M-012,Jaipur,Tier-3,WEIGHT_DISPUTE,2.25,2.77,31.0,LOW,2026-09-14 22:11:31.453814
AWB107657,BATCH-B,Kwikship,M-003,Pune,Tier-2,DUPLICATE_SETTLEMENT,1.0,2.0,0.0,HIGH,2026-09-14 22:11:31.913657
AWB107657,BATCH-DUP,Kwikship,M-003,Pune,Tier-2,DUPLICATE_SETTLEMENT,1.0,2.0,0.0,HIGH,2026-09-14 22:11:31.913657
AWB107667,BATCH-A,Delhivery,M-011,Delhi,Tier-1,PHANTOM_RTO_CHARGE,0.0,239.0,239.0,MEDIUM,2026-09-14 22:11:31.631484
AWB107669,BATCH-A,DTDC,M-006,Jaipur,Tier-3,EXCESS_FORWARD_CHARGE,95.0,114.0,19.0,LOW,2026-09-14 22:11:32.127304
AWB107673,BATCH-C,Bluedart,M-005,Pune,Tier-2,PHANTOM_RTO_CHARGE,0.0,231.0,231.0,MEDIUM,2026-09-14 22:11:31.631484
AWB107674,BATCH-B,Kwikship,M-008,Jaipur,Tier-3,ETA_SLA_BREACH,72.0,116.1,0.0,LOW,2026-09-14 22:11:32.038362
AWB107680,BATCH-B,Bluedart,M-008,Lucknow,Tier-3,WEIGHT_DISPUTE,1.09,1.42,20.0,LOW,2026-09-14 22:11:31.453814
AWB107683,BATCH-D,DTDC,M-003,Delhi,Tier-1,EXCESS_FORWARD_CHARGE,95.0,114.0,19.0,LOW,2026-09-14 22:11:32.127304
AWB107683,BATCH-D,DTDC,M-003,Delhi,Tier-1,PHANTOM_RTO_CHARGE,0.0,240.0,240.0,MEDIUM,2026-09-14 22:11:31.631484
AWB107684,BATCH-C,Bluedart,M-002,Lucknow,Tier-3,PHANTOM_RTO_CHARGE,0.0,239.0,239.0,MEDIUM,2026-09-14 22:11:31.631484
AWB107684,BATCH-C,Bluedart,M-002,Lucknow,Tier-3,WEIGHT_DISPUTE,6.34,8.07,104.0,MEDIUM,2026-09-14 22:11:31.453814
AWB107688,BATCH-A,Bluedart,M-016,Lucknow,Tier-3,WEIGHT_DISPUTE,2.67,3.18,30.0,LOW,2026-09-14 22:11:31.453814
AWB107689,BATCH-B,DTDC,M-013,Mumbai,Tier-1,EXCESS_FORWARD_CHARGE,65.0,78.0,13.0,LOW,2026-09-14 22:11:32.127304
AWB107692,BATCH-B,Shiprocket,M-004,Pune,Tier-2,OVERDUE_REMITTANCE,14.0,25.0,0.0,MEDIUM,2026-09-14 22:11:31.791087
AWB107694,BATCH-C,DTDC,M-006,Jaipur,Tier-3,EXCESS_FORWARD_CHARGE,95.0,114.0,19.0,LOW,2026-09-14 22:11:32.127304
AWB107697,BATCH-D,DTDC,M-019,Mumbai,Tier-1,EXCESS_FORWARD_CHARGE,95.0,114.0,19.0,LOW,2026-09-14 22:11:32.127304
AWB107711,BATCH-A,Shiprocket,M-001,Jaipur,Tier-3,DUPLICATE_SETTLEMENT,1.0,2.0,2064.0,HIGH,2026-09-14 22:11:31.913657
AWB107711,BATCH-DUP,Shiprocket,M-001,Jaipur,Tier-3,DUPLICATE_SETTLEMENT,1.0,2.0,2064.0,HIGH,2026-09-14 22:11:31.913657
AWB107715,BATCH-D,Delhivery,M-016,Lucknow,Tier-3,COD_SHORT_REMITTANCE,3180.0,3001.0,179.0,MEDIUM,2026-09-14 22:10:12.726074
AWB107723,BATCH-B,Bluedart,M-009,Lucknow,Tier-3,WEIGHT_DISPUTE,2.27,2.71,26.0,LOW,2026-09-14 22:11:31.453814
AWB107731,BATCH-D,DTDC,M-002,Lucknow,Tier-3,EXCESS_FORWARD_CHARGE,95.0,114.0,19.0,LOW,2026-09-14 22:11:32.127304
AWB107732,BATCH-B,Kwikship,M-020,Pune,Tier-2,DUPLICATE_SETTLEMENT,1.0,2.0,1355.0,HIGH,2026-09-14 22:11:31.913657
AWB107732,BATCH-DUP,Kwikship,M-020,Pune,Tier-2,DUPLICATE_SETTLEMENT,1.0,2.0,1355.0,HIGH,2026-09-14 22:11:31.913657
AWB107735,BATCH-A,Kwikship,M-010,Jaipur,Tier-3,ETA_SLA_BREACH,72.0,117.3,0.0,LOW,2026-09-14 22:11:32.038362
AWB107735,BATCH-A,Kwikship,M-010,Jaipur,Tier-3,PHANTOM_RTO_CHARGE,0.0,175.0,175.0,MEDIUM,2026-09-14 22:11:31.631484
AWB107737,BATCH-C,DTDC,M-010,Jaipur,Tier-3,DUPLICATE_SETTLEMENT,1.0,2.0,2525.0,HIGH,2026-09-14 22:11:31.913657
AWB107737,BATCH-DUP,DTDC,M-010,Jaipur,Tier-3,DUPLICATE_SETTLEMENT,1.0,2.0,2525.0,HIGH,2026-09-14 22:11:31.913657
AWB107738,BATCH-A,DTDC,M-014,Lucknow,Tier-3,EXCESS_FORWARD_CHARGE,95.0,114.0,19.0,LOW,2026-09-14 22:11:32.127304
AWB107740,BATCH-D,Delhivery,M-016,Indore,Tier-2,COD_SHORT_REMITTANCE,4384.0,4147.0,237.0,MEDIUM,2026-09-14 22:10:12.726074
AWB107753,BATCH-B,DTDC,M-007,Mumbai,Tier-1,EXCESS_FORWARD_CHARGE,95.0,114.0,19.0,LOW,2026-09-14 22:11:32.127304
AWB107761,BATCH-A,Kwikship,M-020,Pune,Tier-2,PHANTOM_RTO_CHARGE,0.0,156.0,156.0,MEDIUM,2026-09-14 22:11:31.631484
AWB107763,BATCH-B,Bluedart,M-016,Lucknow,Tier-3,WEIGHT_DISPUTE,5.11,6.36,75.0,LOW,2026-09-14 22:11:31.453814
AWB107771,BATCH-D,DTDC,M-017,Jaipur,Tier-3,PHANTOM_RTO_CHARGE,0.0,184.0,184.0,MEDIUM,2026-09-14 22:11:31.631484
AWB107775,BATCH-D,Shiprocket,M-011,Mumbai,Tier-1,PHANTOM_RTO_CHARGE,0.0,202.0,202.0,MEDIUM,2026-09-14 22:11:31.631484
AWB107782,BATCH-B,DTDC,M-016,Pune,Tier-2,EXCESS_FORWARD_CHARGE,95.0,114.0,19.0,LOW,2026-09-14 22:11:32.127304
AWB107791,BATCH-C,DTDC,M-002,Delhi,Tier-1,EXCESS_FORWARD_CHARGE,95.0,114.0,19.0,LOW,2026-09-14 22:11:32.127304
AWB107802,BATCH-A,DTDC,M-017,Lucknow,Tier-3,PHANTOM_RTO_CHARGE,0.0,229.0,229.0,MEDIUM,2026-09-14 22:11:31.631484
AWB107805,BATCH-D,Bluedart,M-006,Lucknow,Tier-3,WEIGHT_DISPUTE,1.81,2.15,20.0,LOW,2026-09-14 22:11:31.453814
AWB107810,BATCH-D,DTDC,M-017,Pune,Tier-2,EXCESS_FORWARD_CHARGE,95.0,114.0,19.0,LOW,2026-09-14 22:11:32.127304
AWB107829,BATCH-C,DTDC,M-020,Indore,Tier-2,EXCESS_FORWARD_CHARGE,42.0,50.0,8.0,LOW,2026-09-14 22:11:32.127304
AWB107829,BATCH-C,DTDC,M-020,Indore,Tier-2,PHANTOM_RTO_CHARGE,0.0,200.0,200.0,MEDIUM,2026-09-14 22:11:31.631484
AWB107831,BATCH-D,Bluedart,M-008,Lucknow,Tier-3,WEIGHT_DISPUTE,6.61,8.15,92.0,LOW,2026-09-14 22:11:31.453814
AWB107840,BATCH-A,DTDC,M-005,Jaipur,Tier-3,EXCESS_FORWARD_CHARGE,42.0,50.0,8.0,LOW,2026-09-14 22:11:32.127304
AWB107840,BATCH-A,DTDC,M-005,Jaipur,Tier-3,PHANTOM_RTO_CHARGE,0.0,146.0,146.0,MEDIUM,2026-09-14 22:11:31.631484
AWB107842,BATCH-D,DTDC,M-010,Indore,Tier-2,EXCESS_FORWARD_CHARGE,65.0,78.0,13.0,LOW,2026-09-14 22:11:32.127304
AWB107845,BATCH-C,Shiprocket,M-014,Jaipur,Tier-3,PHANTOM_RTO_CHARGE,0.0,233.0,233.0,MEDIUM,2026-09-14 22:11:31.631484
AWB107847,BATCH-D,DTDC,M-009,Indore,Tier-2,PHANTOM_RTO_CHARGE,0.0,203.0,203.0,MEDIUM,2026-09-14 22:11:31.631484
AWB107848,BATCH-B,Bluedart,M-007,Delhi,Tier-1,PHANTOM_RTO_CHARGE,0.0,182.0,182.0,MEDIUM,2026-09-14 22:11:31.631484
AWB107851,BATCH-C,Kwikship,M-014,Jaipur,Tier-3,ETA_SLA_BREACH,72.0,108.6,0.0,LOW,2026-09-14 22:11:32.038362
AWB107852,BATCH-B,DTDC,M-015,Jaipur,Tier-3,PHANTOM_RTO_CHARGE,0.0,167.0,167.0,MEDIUM,2026-09-14 22:11:31.631484
AWB107855,BATCH-B,Kwikship,M-001,Lucknow,Tier-3,ETA_SLA_BREACH,72.0,117.8,0.0,LOW,2026-09-14 22:11:32.038362
AWB107859,BATCH-B,Kwikship,M-015,Lucknow,Tier-3,ETA_SLA_BREACH,72.0,103.8,0.0,LOW,2026-09-14 22:11:32.038362
AWB107865,BATCH-D,Delhivery,M-019,Mumbai,Tier-1,COD_SHORT_REMITTANCE,5450.0,5017.0,433.0,MEDIUM,2026-09-14 22:10:12.726074
AWB107870,BATCH-A,DTDC,M-006,Delhi,Tier-1,EXCESS_FORWARD_CHARGE,65.0,78.0,13.0,LOW,2026-09-14 22:11:32.127304
AWB107875,BATCH-C,DTDC,M-007,Mumbai,Tier-1,PHANTOM_RTO_CHARGE,0.0,176.0,176.0,MEDIUM,2026-09-14 22:11:31.631484
AWB107878,BATCH-A,Delhivery,M-015,Lucknow,Tier-3,COD_SHORT_REMITTANCE,5905.0,5724.0,181.0,MEDIUM,2026-09-14 22:10:12.726074
AWB107879,BATCH-A,Bluedart,M-020,Jaipur,Tier-3,WEIGHT_DISPUTE,0.93,1.18,15.0,LOW,2026-09-14 22:11:31.453814
AWB107884,BATCH-B,DTDC,M-014,Lucknow,Tier-3,DUPLICATE_SETTLEMENT,1.0,2.0,0.0,HIGH,2026-09-14 22:11:31.913657
AWB107884,BATCH-DUP,DTDC,M-014,Lucknow,Tier-3,DUPLICATE_SETTLEMENT,1.0,2.0,0.0,HIGH,2026-09-14 22:11:31.913657
AWB107890,BATCH-A,Bluedart,M-001,Lucknow,Tier-3,WEIGHT_DISPUTE,5.82,7.51,102.0,MEDIUM,2026-09-14 22:11:31.453814
AWB107891,BATCH-A,Bluedart,M-016,Pune,Tier-2,PHANTOM_RTO_CHARGE,0.0,150.0,150.0,MEDIUM,2026-09-14 22:11:31.631484
AWB107893,BATCH-A,DTDC,M-011,Pune,Tier-2,PHANTOM_RTO_CHARGE,0.0,153.0,153.0,MEDIUM,2026-09-14 22:11:31.631484
AWB107898,BATCH-C,Kwikship,M-002,Lucknow,Tier-3,ETA_SLA_BREACH,72.0,123.5,0.0,LOW,2026-09-14 22:11:32.038362
AWB107898,BATCH-C,Kwikship,M-002,Lucknow,Tier-3,PHANTOM_RTO_CHARGE,0.0,222.0,222.0,MEDIUM,2026-09-14 22:11:31.631484
AWB107902,BATCH-D,Shiprocket,M-006,Lucknow,Tier-3,PHANTOM_RTO_CHARGE,0.0,209.0,209.0,MEDIUM,2026-09-14 22:11:31.631484
AWB107905,BATCH-A,Shiprocket,M-017,Lucknow,Tier-3,OVERDUE_REMITTANCE,14.0,27.0,2532.0,MEDIUM,2026-09-14 22:11:31.791087
AWB107907,BATCH-D,Delhivery,M-006,Mumbai,Tier-1,PHANTOM_RTO_CHARGE,0.0,244.0,244.0,MEDIUM,2026-09-14 22:11:31.631484
AWB107909,BATCH-C,Kwikship,M-013,Mumbai,Tier-1,PHANTOM_RTO_CHARGE,0.0,143.0,143.0,MEDIUM,2026-09-14 22:11:31.631484
AWB107910,BATCH-A,Shiprocket,M-017,Lucknow,Tier-3,OVERDUE_REMITTANCE,14.0,25.0,1237.0,MEDIUM,2026-09-14 22:11:31.791087
AWB107912,BATCH-B,Kwikship,M-002,Mumbai,Tier-1,PHANTOM_RTO_CHARGE,0.0,118.0,118.0,MEDIUM,2026-09-14 22:11:31.631484
AWB107913,BATCH-B,Kwikship,M-015,Lucknow,Tier-3,ETA_SLA_BREACH,72.0,139.7,0.0,LOW,2026-09-14 22:11:32.038362
AWB107919,BATCH-D,Bluedart,M-007,Indore,Tier-2,PHANTOM_RTO_CHARGE,0.0,231.0,231.0,MEDIUM,2026-09-14 22:11:31.631484
AWB107928,BATCH-C,Kwikship,M-019,Jaipur,Tier-3,ETA_SLA_BREACH,72.0,115.7,0.0,LOW,2026-09-14 22:11:32.038362
AWB107928,BATCH-C,Kwikship,M-019,Jaipur,Tier-3,PHANTOM_RTO_CHARGE,0.0,180.0,180.0,MEDIUM,2026-09-14 22:11:31.631484
AWB107930,BATCH-B,Delhivery,M-019,Mumbai,Tier-1,COD_SHORT_REMITTANCE,3939.0,3770.0,169.0,MEDIUM,2026-09-14 22:10:12.726074
AWB107931,BATCH-C,DTDC,M-008,Pune,Tier-2,EXCESS_FORWARD_CHARGE,42.0,50.0,8.0,LOW,2026-09-14 22:11:32.127304
AWB107931,BATCH-C,DTDC,M-008,Pune,Tier-2,PHANTOM_RTO_CHARGE,0.0,201.0,201.0,MEDIUM,2026-09-14 22:11:31.631484
AWB107932,BATCH-A,DTDC,M-003,Indore,Tier-2,PHANTOM_RTO_CHARGE,0.0,106.0,106.0,MEDIUM,2026-09-14 22:11:31.631484
AWB107933,BATCH-C,Delhivery,M-015,Mumbai,Tier-1,PHANTOM_RTO_CHARGE,0.0,151.0,151.0,MEDIUM,2026-09-14 22:11:31.631484
AWB107939,BATCH-D,Delhivery,M-016,Lucknow,Tier-3,COD_SHORT_REMITTANCE,3370.0,3198.0,172.0,MEDIUM,2026-09-14 22:10:12.726074
AWB107941,BATCH-A,DTDC,M-015,Pune,Tier-2,EXCESS_FORWARD_CHARGE,95.0,114.0,19.0,LOW,2026-09-14 22:11:32.127304
AWB107941,BATCH-A,DTDC,M-015,Pune,Tier-2,PHANTOM_RTO_CHARGE,0.0,171.0,171.0,MEDIUM,2026-09-14 22:11:31.631484
AWB107943,BATCH-A,Shiprocket,M-011,Delhi,Tier-1,PHANTOM_RTO_CHARGE,0.0,150.0,150.0,MEDIUM,2026-09-14 22:11:31.631484
AWB107944,BATCH-A,Kwikship,M-017,Jaipur,Tier-3,ETA_SLA_BREACH,72.0,135.4,0.0,LOW,2026-09-14 22:11:32.038362
AWB107945,BATCH-C,DTDC,M-003,Mumbai,Tier-1,EXCESS_FORWARD_CHARGE,65.0,78.0,13.0,LOW,2026-09-14 22:11:32.127304
AWB107946,BATCH-B,DTDC,M-002,Indore,Tier-2,EXCESS_FORWARD_CHARGE,95.0,114.0,19.0,LOW,2026-09-14 22:11:32.127304
AWB107948,BATCH-B,DTDC,M-020,Delhi,Tier-1,EXCESS_FORWARD_CHARGE,65.0,78.0,13.0,LOW,2026-09-14 22:11:32.127304
AWB107949,BATCH-A,Kwikship,M-016,Lucknow,Tier-3,ETA_SLA_BREACH,72.0,130.7,0.0,LOW,2026-09-14 22:11:32.038362
AWB107951,BATCH-B,Bluedart,M-016,Delhi,Tier-1,DUPLICATE_SETTLEMENT,1.0,2.0,0.0,HIGH,2026-09-14 22:11:31.913657
AWB107951,BATCH-DUP,Bluedart,M-016,Delhi,Tier-1,DUPLICATE_SETTLEMENT,1.0,2.0,0.0,HIGH,2026-09-14 22:11:31.913657
AWB107957,BATCH-D,DTDC,M-017,Jaipur,Tier-3,EXCESS_FORWARD_CHARGE,95.0,114.0,19.0,LOW,2026-09-14 22:11:32.127304
AWB107959,BATCH-C,Kwikship,M-003,Pune,Tier-2,PHANTOM_RTO_CHARGE,0.0,200.0,200.0,MEDIUM,2026-09-14 22:11:31.631484
AWB107986,BATCH-A,Delhivery,M-016,Indore,Tier-2,COD_SHORT_REMITTANCE,4031.0,3820.0,211.0,MEDIUM,2026-09-14 22:10:12.726074
AWB107991,BATCH-A,Delhivery,M-004,Delhi,Tier-1,COD_SHORT_REMITTANCE,5818.0,5572.0,246.0,MEDIUM,2026-09-14 22:10:12.726074
AWB107995,BATCH-B,Shiprocket,M-012,Mumbai,Tier-1,OVERDUE_REMITTANCE,14.0,26.0,649.0,MEDIUM,2026-09-14 22:11:31.791087
AWB107995,BATCH-B,Shiprocket,M-012,Mumbai,Tier-1,PHANTOM_RTO_CHARGE,0.0,147.0,147.0,MEDIUM,2026-09-14 22:11:31.631484
AWB108003,BATCH-B,Bluedart,M-004,Lucknow,Tier-3,WEIGHT_DISPUTE,1.25,1.47,14.0,LOW,2026-09-14 22:11:31.453814
AWB108006,BATCH-D,Kwikship,M-009,Lucknow,Tier-3,ETA_SLA_BREACH,72.0,134.8,0.0,LOW,2026-09-14 22:11:32.038362
AWB108010,BATCH-A,DTDC,M-003,Lucknow,Tier-3,EXCESS_FORWARD_CHARGE,95.0,114.0,19.0,LOW,2026-09-14 22:11:32.127304
AWB108013,BATCH-A,DTDC,M-008,Indore,Tier-2,EXCESS_FORWARD_CHARGE,95.0,114.0,19.0,LOW,2026-09-14 22:11:32.127304
AWB108014,BATCH-A,DTDC,M-015,Delhi,Tier-1,PHANTOM_RTO_CHARGE,0.0,163.0,163.0,MEDIUM,2026-09-14 22:11:31.631484
AWB108015,BATCH-A,Kwikship,M-005,Lucknow,Tier-3,ETA_SLA_BREACH,72.0,105.4,0.0,LOW,2026-09-14 22:11:32.038362
AWB108016,BATCH-A,Shiprocket,M-005,Pune,Tier-2,OVERDUE_REMITTANCE,14.0,24.0,1886.0,MEDIUM,2026-09-14 22:11:31.791087
AWB108017,BATCH-D,DTDC,M-001,Lucknow,Tier-3,PHANTOM_RTO_CHARGE,0.0,217.0,217.0,MEDIUM,2026-09-14 22:11:31.631484
AWB108018,BATCH-A,Delhivery,M-016,Delhi,Tier-1,COD_SHORT_REMITTANCE,3480.0,3232.0,248.0,MEDIUM,2026-09-14 22:10:12.726074
AWB108034,BATCH-D,Shiprocket,M-002,Lucknow,Tier-3,OVERDUE_REMITTANCE,14.0,22.0,0.0,MEDIUM,2026-09-14 22:11:31.791087
AWB108042,BATCH-A,Kwikship,M-007,Lucknow,Tier-3,ETA_SLA_BREACH,72.0,130.8,0.0,LOW,2026-09-14 22:11:32.038362
AWB108048,BATCH-B,DTDC,M-005,Pune,Tier-2,EXCESS_FORWARD_CHARGE,65.0,78.0,13.0,LOW,2026-09-14 22:11:32.127304
AWB108054,BATCH-A,DTDC,M-009,Delhi,Tier-1,EXCESS_FORWARD_CHARGE,95.0,114.0,19.0,LOW,2026-09-14 22:11:32.127304
AWB108055,BATCH-A,DTDC,M-007,Delhi,Tier-1,EXCESS_FORWARD_CHARGE,95.0,114.0,19.0,LOW,2026-09-14 22:11:32.127304
AWB108055,BATCH-A,DTDC,M-007,Delhi,Tier-1,PHANTOM_RTO_CHARGE,0.0,111.0,111.0,MEDIUM,2026-09-14 22:11:31.631484
AWB108057,BATCH-A,Bluedart,M-013,Lucknow,Tier-3,PHANTOM_RTO_CHARGE,0.0,218.0,218.0,MEDIUM,2026-09-14 22:11:31.631484
AWB108057,BATCH-A,Bluedart,M-013,Lucknow,Tier-3,WEIGHT_DISPUTE,5.45,6.47,61.0,LOW,2026-09-14 22:11:31.453814
AWB108059,BATCH-C,Shiprocket,M-018,Jaipur,Tier-3,OVERDUE_REMITTANCE,14.0,27.0,4807.0,MEDIUM,2026-09-14 22:11:31.791087
AWB108064,BATCH-C,Shiprocket,M-016,Delhi,Tier-1,OVERDUE_REMITTANCE,14.0,20.0,0.0,MEDIUM,2026-09-14 22:11:31.791087
AWB108070,BATCH-D,Delhivery,M-004,Pune,Tier-2,COD_SHORT_REMITTANCE,5247.0,4965.0,282.0,MEDIUM,2026-09-14 22:10:12.726074
AWB108077,BATCH-C,Kwikship,M-005,Jaipur,Tier-3,ETA_SLA_BREACH,72.0,112.3,0.0,LOW,2026-09-14 22:11:32.038362
AWB108079,BATCH-D,DTDC,M-007,Delhi,Tier-1,DUPLICATE_SETTLEMENT,1.0,2.0,0.0,HIGH,2026-09-14 22:11:31.913657
AWB108079,BATCH-DUP,DTDC,M-007,Delhi,Tier-1,DUPLICATE_SETTLEMENT,1.0,2.0,0.0,HIGH,2026-09-14 22:11:31.913657
AWB108082,BATCH-B,Shiprocket,M-010,Lucknow,Tier-3,PHANTOM_RTO_CHARGE,0.0,171.0,171.0,MEDIUM,2026-09-14 22:11:31.631484
AWB108085,BATCH-C,Delhivery,M-014,Delhi,Tier-1,COD_SHORT_REMITTANCE,5024.0,4791.0,233.0,MEDIUM,2026-09-14 22:10:12.726074
AWB108096,BATCH-B,Kwikship,M-020,Jaipur,Tier-3,ETA_SLA_BREACH,72.0,136.1,0.0,LOW,2026-09-14 22:11:32.038362
AWB108102,BATCH-D,Bluedart,M-014,Jaipur,Tier-3,PHANTOM_RTO_CHARGE,0.0,152.0,152.0,MEDIUM,2026-09-14 22:11:31.631484
AWB108121,BATCH-D,DTDC,M-018,Delhi,Tier-1,EXCESS_FORWARD_CHARGE,95.0,114.0,19.0,LOW,2026-09-14 22:11:32.127304
AWB108129,BATCH-B,Kwikship,M-020,Lucknow,Tier-3,ETA_SLA_BREACH,72.0,109.9,0.0,LOW,2026-09-14 22:11:32.038362
AWB108138,BATCH-B,Bluedart,M-018,Lucknow,Tier-3,WEIGHT_DISPUTE,3.33,4.13,48.0,LOW,2026-09-14 22:11:31.453814
AWB108146,BATCH-C,Delhivery,M-013,Jaipur,Tier-3,COD_SHORT_REMITTANCE,5839.0,5514.0,325.0,MEDIUM,2026-09-14 22:10:12.726074
AWB108153,BATCH-A,Kwikship,M-017,Lucknow,Tier-3,ETA_SLA_BREACH,72.0,120.8,0.0,LOW,2026-09-14 22:11:32.038362
AWB108163,BATCH-B,DTDC,M-007,Indore,Tier-2,EXCESS_FORWARD_CHARGE,42.0,50.0,8.0,LOW,2026-09-14 22:11:32.127304
AWB108164,BATCH-A,DTDC,M-010,Delhi,Tier-1,EXCESS_FORWARD_CHARGE,65.0,78.0,13.0,LOW,2026-09-14 22:11:32.127304
AWB108166,BATCH-D,Delhivery,M-011,Indore,Tier-2,DUPLICATE_SETTLEMENT,1.0,2.0,0.0,HIGH,2026-09-14 22:11:31.913657
AWB108166,BATCH-DUP,Delhivery,M-011,Indore,Tier-2,DUPLICATE_SETTLEMENT,1.0,2.0,0.0,HIGH,2026-09-14 22:11:31.913657
AWB108169,BATCH-B,DTDC,M-001,Mumbai,Tier-1,PHANTOM_RTO_CHARGE,0.0,113.0,113.0,MEDIUM,2026-09-14 22:11:31.631484
AWB108172,BATCH-B,Bluedart,M-011,Jaipur,Tier-3,WEIGHT_DISPUTE,6.58,8.58,120.0,MEDIUM,2026-09-14 22:11:31.453814
AWB108176,BATCH-B,Delhivery,M-019,Mumbai,Tier-1,PHANTOM_RTO_CHARGE,0.0,155.0,155.0,MEDIUM,2026-09-14 22:11:31.631484
AWB108184,BATCH-C,DTDC,M-019,Pune,Tier-2,EXCESS_FORWARD_CHARGE,65.0,78.0,13.0,LOW,2026-09-14 22:11:32.127304
AWB108184,BATCH-C,DTDC,M-019,Pune,Tier-2,PHANTOM_RTO_CHARGE,0.0,101.0,101.0,MEDIUM,2026-09-14 22:11:31.631484
AWB108185,BATCH-D,Bluedart,M-013,Lucknow,Tier-3,WEIGHT_DISPUTE,8.28,10.2,115.0,MEDIUM,2026-09-14 22:11:31.453814
AWB108191,BATCH-C,Kwikship,M-008,Delhi,Tier-1,PHANTOM_RTO_CHARGE,0.0,133.0,133.0,MEDIUM,2026-09-14 22:11:31.631484
AWB108195,BATCH-A,DTDC,M-001,Lucknow,Tier-3,PHANTOM_RTO_CHARGE,0.0,181.0,181.0,MEDIUM,2026-09-14 22:11:31.631484
AWB108196,BATCH-D,Shiprocket,M-004,Jaipur,Tier-3,PHANTOM_RTO_CHARGE,0.0,225.0,225.0,MEDIUM,2026-09-14 22:11:31.631484
AWB108200,BATCH-D,Delhivery,M-003,Delhi,Tier-1,COD_SHORT_REMITTANCE,3765.0,3503.0,262.0,MEDIUM,2026-09-14 22:10:12.726074
AWB108205,BATCH-C,DTDC,M-005,Lucknow,Tier-3,EXCESS_FORWARD_CHARGE,65.0,78.0,13.0,LOW,2026-09-14 22:11:32.127304
AWB108215,BATCH-B,Bluedart,M-012,Lucknow,Tier-3,WEIGHT_DISPUTE,3.8,4.53,44.0,LOW,2026-09-14 22:11:31.453814
AWB108218,BATCH-A,Shiprocket,M-016,Lucknow,Tier-3,OVERDUE_REMITTANCE,14.0,26.0,0.0,MEDIUM,2026-09-14 22:11:31.791087
AWB108229,BATCH-C,Shiprocket,M-003,Indore,Tier-2,OVERDUE_REMITTANCE,14.0,20.0,2511.0,MEDIUM,2026-09-14 22:11:31.791087
AWB108234,BATCH-A,Shiprocket,M-020,Indore,Tier-2,OVERDUE_REMITTANCE,14.0,22.0,5253.0,MEDIUM,2026-09-14 22:11:31.791087
AWB108234,BATCH-A,Shiprocket,M-020,Indore,Tier-2,PHANTOM_RTO_CHARGE,0.0,101.0,101.0,MEDIUM,2026-09-14 22:11:31.631484
AWB108237,BATCH-B,Kwikship,M-010,Indore,Tier-2,PHANTOM_RTO_CHARGE,0.0,189.0,189.0,MEDIUM,2026-09-14 22:11:31.631484
AWB108248,BATCH-A,Kwikship,M-018,Lucknow,Tier-3,ETA_SLA_BREACH,72.0,141.9,0.0,LOW,2026-09-14 22:11:32.038362
AWB108253,BATCH-B,Shiprocket,M-013,Indore,Tier-2,OVERDUE_REMITTANCE,14.0,27.0,2148.0,MEDIUM,2026-09-14 22:11:31.791087
AWB108260,BATCH-A,DTDC,M-017,Delhi,Tier-1,EXCESS_FORWARD_CHARGE,65.0,78.0,13.0,LOW,2026-09-14 22:11:32.127304
AWB108261,BATCH-A,Kwikship,M-008,Jaipur,Tier-3,ETA_SLA_BREACH,72.0,114.8,0.0,LOW,2026-09-14 22:11:32.038362
AWB108262,BATCH-B,Kwikship,M-002,Indore,Tier-2,PHANTOM_RTO_CHARGE,0.0,105.0,105.0,MEDIUM,2026-09-14 22:11:31.631484
AWB108263,BATCH-B,Delhivery,M-014,Indore,Tier-2,PHANTOM_RTO_CHARGE,0.0,181.0,181.0,MEDIUM,2026-09-14 22:11:31.631484
AWB108265,BATCH-B,DTDC,M-013,Indore,Tier-2,EXCESS_FORWARD_CHARGE,95.0,114.0,19.0,LOW,2026-09-14 22:11:32.127304
AWB108271,BATCH-C,DTDC,M-017,Jaipur,Tier-3,EXCESS_FORWARD_CHARGE,65.0,78.0,13.0,LOW,2026-09-14 22:11:32.127304
AWB108271,BATCH-C,DTDC,M-017,Jaipur,Tier-3,PHANTOM_RTO_CHARGE,0.0,220.0,220.0,MEDIUM,2026-09-14 22:11:31.631484
AWB108276,BATCH-A,DTDC,M-006,Indore,Tier-2,EXCESS_FORWARD_CHARGE,42.0,50.0,8.0,LOW,2026-09-14 22:11:32.127304
AWB108280,BATCH-D,Kwikship,M-018,Jaipur,Tier-3,ETA_SLA_BREACH,72.0,103.9,0.0,LOW,2026-09-14 22:11:32.038362
AWB108282,BATCH-C,Shiprocket,M-017,Jaipur,Tier-3,PHANTOM_RTO_CHARGE,0.0,149.0,149.0,MEDIUM,2026-09-14 22:11:31.631484
AWB108301,BATCH-D,Bluedart,M-004,Lucknow,Tier-3,WEIGHT_DISPUTE,8.34,10.48,128.0,MEDIUM,2026-09-14 22:11:31.453814
AWB108303,BATCH-C,Bluedart,M-015,Jaipur,Tier-3,WEIGHT_DISPUTE,3.16,3.98,49.0,LOW,2026-09-14 22:11:31.453814
AWB108305,BATCH-B,DTDC,M-009,Delhi,Tier-1,EXCESS_FORWARD_CHARGE,95.0,114.0,19.0,LOW,2026-09-14 22:11:32.127304
AWB108313,BATCH-D,Delhivery,M-005,Indore,Tier-2,COD_SHORT_REMITTANCE,5738.0,5442.0,296.0,MEDIUM,2026-09-14 22:10:12.726074
AWB108320,BATCH-D,Kwikship,M-006,Jaipur,Tier-3,ETA_SLA_BREACH,72.0,103.4,0.0,LOW,2026-09-14 22:11:32.038362
AWB108324,BATCH-D,DTDC,M-016,Delhi,Tier-1,EXCESS_FORWARD_CHARGE,42.0,50.0,8.0,LOW,2026-09-14 22:11:32.127304
AWB108325,BATCH-A,Kwikship,M-016,Lucknow,Tier-3,ETA_SLA_BREACH,72.0,130.9,0.0,LOW,2026-09-14 22:11:32.038362
AWB108336,BATCH-D,Delhivery,M-001,Lucknow,Tier-3,COD_SHORT_REMITTANCE,3449.0,3213.0,236.0,MEDIUM,2026-09-14 22:10:12.726074
AWB108340,BATCH-C,Delhivery,M-019,Indore,Tier-2,COD_SHORT_REMITTANCE,4822.0,4567.0,255.0,MEDIUM,2026-09-14 22:10:12.726074
AWB108344,BATCH-D,DTDC,M-016,Delhi,Tier-1,EXCESS_FORWARD_CHARGE,65.0,78.0,13.0,LOW,2026-09-14 22:11:32.127304
AWB108347,BATCH-A,Bluedart,M-018,Jaipur,Tier-3,WEIGHT_DISPUTE,7.21,8.79,95.0,LOW,2026-09-14 22:11:31.453814
AWB108353,BATCH-A,Kwikship,M-010,Mumbai,Tier-1,DUPLICATE_SETTLEMENT,1.0,2.0,4122.0,HIGH,2026-09-14 22:11:31.913657
AWB108353,BATCH-DUP,Kwikship,M-010,Mumbai,Tier-1,DUPLICATE_SETTLEMENT,1.0,2.0,4122.0,HIGH,2026-09-14 22:11:31.913657
AWB108362,BATCH-B,DTDC,M-015,Delhi,Tier-1,EXCESS_FORWARD_CHARGE,95.0,114.0,19.0,LOW,2026-09-14 22:11:32.127304
AWB108386,BATCH-D,DTDC,M-017,Lucknow,Tier-3,EXCESS_FORWARD_CHARGE,95.0,114.0,19.0,LOW,2026-09-14 22:11:32.127304
AWB108386,BATCH-D,DTDC,M-017,Lucknow,Tier-3,PHANTOM_RTO_CHARGE,0.0,187.0,187.0,MEDIUM,2026-09-14 22:11:31.631484
AWB108403,BATCH-C,DTDC,M-020,Delhi,Tier-1,EXCESS_FORWARD_CHARGE,95.0,114.0,19.0,LOW,2026-09-14 22:11:32.127304
AWB108405,BATCH-B,DTDC,M-020,Jaipur,Tier-3,EXCESS_FORWARD_CHARGE,65.0,78.0,13.0,LOW,2026-09-14 22:11:32.127304
AWB108405,BATCH-B,DTDC,M-020,Jaipur,Tier-3,PHANTOM_RTO_CHARGE,0.0,140.0,140.0,MEDIUM,2026-09-14 22:11:31.631484
AWB108408,BATCH-B,Kwikship,M-010,Lucknow,Tier-3,ETA_SLA_BREACH,72.0,143.7,0.0,LOW,2026-09-14 22:11:32.038362
AWB108411,BATCH-D,DTDC,M-011,Pune,Tier-2,EXCESS_FORWARD_CHARGE,95.0,114.0,19.0,LOW,2026-09-14 22:11:32.127304
AWB108418,BATCH-A,Bluedart,M-007,Jaipur,Tier-3,WEIGHT_DISPUTE,7.82,9.52,102.0,MEDIUM,2026-09-14 22:11:31.453814
AWB108427,BATCH-B,Shiprocket,M-020,Lucknow,Tier-3,OVERDUE_REMITTANCE,14.0,25.0,5945.0,MEDIUM,2026-09-14 22:11:31.791087
AWB108430,BATCH-C,Kwikship,M-018,Indore,Tier-2,PHANTOM_RTO_CHARGE,0.0,201.0,201.0,MEDIUM,2026-09-14 22:11:31.631484
AWB108432,BATCH-C,Bluedart,M-001,Indore,Tier-2,PHANTOM_RTO_CHARGE,0.0,184.0,184.0,MEDIUM,2026-09-14 22:11:31.631484
AWB108435,BATCH-D,Bluedart,M-009,Jaipur,Tier-3,WEIGHT_DISPUTE,1.81,2.24,26.0,LOW,2026-09-14 22:11:31.453814
AWB108439,BATCH-D,Kwikship,M-006,Indore,Tier-2,DUPLICATE_SETTLEMENT,1.0,2.0,0.0,HIGH,2026-09-14 22:11:31.913657
AWB108439,BATCH-D,Kwikship,M-006,Indore,Tier-2,PHANTOM_RTO_CHARGE,0.0,119.0,119.0,MEDIUM,2026-09-14 22:11:31.631484
AWB108439,BATCH-DUP,Kwikship,M-006,Indore,Tier-2,DUPLICATE_SETTLEMENT,1.0,2.0,0.0,HIGH,2026-09-14 22:11:31.913657
AWB108439,BATCH-DUP,Kwikship,M-006,Indore,Tier-2,PHANTOM_RTO_CHARGE,0.0,119.0,119.0,MEDIUM,2026-09-14 22:11:31.631484
AWB108445,BATCH-A,Delhivery,M-010,Lucknow,Tier-3,COD_SHORT_REMITTANCE,3632.0,3404.0,228.0,MEDIUM,2026-09-14 22:10:12.726074
AWB108452,BATCH-C,DTDC,M-003,Pune,Tier-2,EXCESS_FORWARD_CHARGE,95.0,114.0,19.0,LOW,2026-09-14 22:11:32.127304
AWB108458,BATCH-A,Bluedart,M-017,Delhi,Tier-1,DUPLICATE_SETTLEMENT,1.0,2.0,4199.0,HIGH,2026-09-14 22:11:31.913657
AWB108458,BATCH-DUP,Bluedart,M-017,Delhi,Tier-1,DUPLICATE_SETTLEMENT,1.0,2.0,4199.0,HIGH,2026-09-14 22:11:31.913657
AWB108463,BATCH-A,Delhivery,M-009,Mumbai,Tier-1,COD_SHORT_REMITTANCE,3157.0,2911.0,246.0,MEDIUM,2026-09-14 22:10:12.726074
AWB108466,BATCH-A,Shiprocket,M-016,Lucknow,Tier-3,OVERDUE_REMITTANCE,14.0,22.0,3079.0,MEDIUM,2026-09-14 22:11:31.791087
AWB108493,BATCH-B,DTDC,M-010,Delhi,Tier-1,EXCESS_FORWARD_CHARGE,95.0,114.0,19.0,LOW,2026-09-14 22:11:32.127304
AWB108501,BATCH-B,Delhivery,M-017,Lucknow,Tier-3,COD_SHORT_REMITTANCE,4008.0,3778.0,230.0,MEDIUM,2026-09-14 22:10:12.726074
AWB108504,BATCH-D,Kwikship,M-017,Indore,Tier-2,PHANTOM_RTO_CHARGE,0.0,116.0,116.0,MEDIUM,2026-09-14 22:11:31.631484
AWB108507,BATCH-C,DTDC,M-007,Indore,Tier-2,DUPLICATE_SETTLEMENT,1.0,2.0,1384.0,HIGH,2026-09-14 22:11:31.913657
AWB108507,BATCH-DUP,DTDC,M-007,Indore,Tier-2,DUPLICATE_SETTLEMENT,1.0,2.0,1384.0,HIGH,2026-09-14 22:11:31.913657
AWB108508,BATCH-D,DTDC,M-019,Mumbai,Tier-1,EXCESS_FORWARD_CHARGE,95.0,114.0,19.0,LOW,2026-09-14 22:11:32.127304
AWB108512,BATCH-D,Kwikship,M-003,Mumbai,Tier-1,PHANTOM_RTO_CHARGE,0.0,128.0,128.0,MEDIUM,2026-09-14 22:11:31.631484
AWB108521,BATCH-B,Delhivery,M-009,Delhi,Tier-1,COD_SHORT_REMITTANCE,5734.0,5409.0,325.0,MEDIUM,2026-09-14 22:10:12.726074
AWB108522,BATCH-B,DTDC,M-013,Mumbai,Tier-1,EXCESS_FORWARD_CHARGE,95.0,114.0,19.0,LOW,2026-09-14 22:11:32.127304
AWB108524,BATCH-B,Bluedart,M-009,Lucknow,Tier-3,WEIGHT_DISPUTE,7.43,8.99,94.0,LOW,2026-09-14 22:11:31.453814
AWB108530,BATCH-B,Shiprocket,M-009,Mumbai,Tier-1,OVERDUE_REMITTANCE,14.0,20.0,0.0,MEDIUM,2026-09-14 22:11:31.791087
AWB108535,BATCH-B,Bluedart,M-017,Jaipur,Tier-3,WEIGHT_DISPUTE,0.64,0.77,8.0,LOW,2026-09-14 22:11:31.453814
AWB108537,BATCH-A,Shiprocket,M-018,Delhi,Tier-1,PHANTOM_RTO_CHARGE,0.0,177.0,177.0,MEDIUM,2026-09-14 22:11:31.631484
AWB108538,BATCH-D,Kwikship,M-018,Jaipur,Tier-3,ETA_SLA_BREACH,72.0,106.5,0.0,LOW,2026-09-14 22:11:32.038362
AWB108540,BATCH-A,Shiprocket,M-004,Delhi,Tier-1,PHANTOM_RTO_CHARGE,0.0,181.0,181.0,MEDIUM,2026-09-14 22:11:31.631484
AWB108543,BATCH-B,Shiprocket,M-013,Indore,Tier-2,PHANTOM_RTO_CHARGE,0.0,131.0,131.0,MEDIUM,2026-09-14 22:11:31.631484
AWB108544,BATCH-A,Delhivery,M-001,Pune,Tier-2,COD_SHORT_REMITTANCE,3338.0,3224.0,114.0,MEDIUM,2026-09-14 22:10:12.726074
AWB108546,BATCH-C,DTDC,M-009,Pune,Tier-2,EXCESS_FORWARD_CHARGE,95.0,114.0,19.0,LOW,2026-09-14 22:11:32.127304
AWB108555,BATCH-C,Shiprocket,M-002,Delhi,Tier-1,OVERDUE_REMITTANCE,14.0,27.0,0.0,MEDIUM,2026-09-14 22:11:31.791087
AWB108566,BATCH-D,Shiprocket,M-007,Jaipur,Tier-3,OVERDUE_REMITTANCE,14.0,22.0,1187.0,MEDIUM,2026-09-14 22:11:31.791087
AWB108568,BATCH-A,DTDC,M-006,Pune,Tier-2,EXCESS_FORWARD_CHARGE,42.0,50.0,8.0,LOW,2026-09-14 22:11:32.127304
AWB108572,BATCH-C,Kwikship,M-006,Jaipur,Tier-3,ETA_SLA_BREACH,72.0,113.7,0.0,LOW,2026-09-14 22:11:32.038362
AWB108581,BATCH-A,DTDC,M-013,Mumbai,Tier-1,EXCESS_FORWARD_CHARGE,95.0,114.0,19.0,LOW,2026-09-14 22:11:32.127304
AWB108587,BATCH-D,Shiprocket,M-011,Lucknow,Tier-3,OVERDUE_REMITTANCE,14.0,27.0,0.0,MEDIUM,2026-09-14 22:11:31.791087
AWB108588,BATCH-B,DTDC,M-013,Jaipur,Tier-3,EXCESS_FORWARD_CHARGE,95.0,114.0,19.0,LOW,2026-09-14 22:11:32.127304
AWB108602,BATCH-C,Kwikship,M-006,Mumbai,Tier-1,PHANTOM_RTO_CHARGE,0.0,201.0,201.0,MEDIUM,2026-09-14 22:11:31.631484
AWB108603,BATCH-D,Kwikship,M-014,Jaipur,Tier-3,ETA_SLA_BREACH,72.0,121.3,0.0,LOW,2026-09-14 22:11:32.038362
AWB108603,BATCH-D,Kwikship,M-014,Jaipur,Tier-3,PHANTOM_RTO_CHARGE,0.0,211.0,211.0,MEDIUM,2026-09-14 22:11:31.631484
AWB108604,BATCH-A,Delhivery,M-018,Lucknow,Tier-3,PHANTOM_RTO_CHARGE,0.0,248.0,248.0,MEDIUM,2026-09-14 22:11:31.631484
AWB108605,BATCH-C,Bluedart,M-017,Jaipur,Tier-3,WEIGHT_DISPUTE,2.99,3.72,44.0,LOW,2026-09-14 22:11:31.453814
AWB108607,BATCH-B,Kwikship,M-007,Lucknow,Tier-3,PHANTOM_RTO_CHARGE,0.0,187.0,187.0,MEDIUM,2026-09-14 22:11:31.631484
AWB108609,BATCH-D,Shiprocket,M-011,Jaipur,Tier-3,OVERDUE_REMITTANCE,14.0,21.0,807.0,MEDIUM,2026-09-14 22:11:31.791087
AWB108613,BATCH-B,Shiprocket,M-015,Lucknow,Tier-3,DUPLICATE_SETTLEMENT,1.0,2.0,0.0,HIGH,2026-09-14 22:11:31.913657
AWB108613,BATCH-DUP,Shiprocket,M-015,Lucknow,Tier-3,DUPLICATE_SETTLEMENT,1.0,2.0,0.0,HIGH,2026-09-14 22:11:31.913657
AWB108614,BATCH-D,Bluedart,M-017,Lucknow,Tier-3,WEIGHT_DISPUTE,2.36,2.86,30.0,LOW,2026-09-14 22:11:31.453814
AWB108616,BATCH-D,Delhivery,M-009,Mumbai,Tier-1,COD_SHORT_REMITTANCE,3120.0,2899.0,221.0,MEDIUM,2026-09-14 22:10:12.726074
AWB108621,BATCH-C,Delhivery,M-004,Indore,Tier-2,COD_SHORT_REMITTANCE,5765.0,5454.0,311.0,MEDIUM,2026-09-14 22:10:12.726074
AWB108622,BATCH-B,Bluedart,M-019,Lucknow,Tier-3,WEIGHT_DISPUTE,0.47,0.61,8.0,LOW,2026-09-14 22:11:31.453814
AWB108623,BATCH-B,DTDC,M-010,Indore,Tier-2,EXCESS_FORWARD_CHARGE,42.0,50.0,8.0,LOW,2026-09-14 22:11:32.127304
AWB108626,BATCH-D,Delhivery,M-019,Jaipur,Tier-3,COD_SHORT_REMITTANCE,5764.0,5500.0,264.0,MEDIUM,2026-09-14 22:10:12.726074
AWB108628,BATCH-B,Delhivery,M-012,Indore,Tier-2,COD_SHORT_REMITTANCE,3383.0,3221.0,162.0,MEDIUM,2026-09-14 22:10:12.726074
AWB108630,BATCH-C,Delhivery,M-008,Delhi,Tier-1,COD_SHORT_REMITTANCE,3660.0,3519.0,141.0,MEDIUM,2026-09-14 22:10:12.726074
AWB108632,BATCH-D,Kwikship,M-011,Jaipur,Tier-3,ETA_SLA_BREACH,72.0,122.5,0.0,LOW,2026-09-14 22:11:32.038362
AWB108633,BATCH-D,Bluedart,M-015,Lucknow,Tier-3,PHANTOM_RTO_CHARGE,0.0,167.0,167.0,MEDIUM,2026-09-14 22:11:31.631484
AWB108643,BATCH-C,DTDC,M-018,Indore,Tier-2,EXCESS_FORWARD_CHARGE,95.0,114.0,19.0,LOW,2026-09-14 22:11:32.127304
AWB108643,BATCH-C,DTDC,M-018,Indore,Tier-2,PHANTOM_RTO_CHARGE,0.0,173.0,173.0,MEDIUM,2026-09-14 22:11:31.631484
AWB108644,BATCH-D,Bluedart,M-014,Pune,Tier-2,PHANTOM_RTO_CHARGE,0.0,232.0,232.0,MEDIUM,2026-09-14 22:11:31.631484
AWB108647,BATCH-D,Bluedart,M-009,Mumbai,Tier-1,PHANTOM_RTO_CHARGE,0.0,133.0,133.0,MEDIUM,2026-09-14 22:11:31.631484
AWB108651,BATCH-D,Kwikship,M-004,Jaipur,Tier-3,ETA_SLA_BREACH,72.0,139.2,0.0,LOW,2026-09-14 22:11:32.038362
AWB108659,BATCH-D,Delhivery,M-006,Jaipur,Tier-3,DUPLICATE_SETTLEMENT,1.0,2.0,1163.0,HIGH,2026-09-14 22:11:31.913657
AWB108659,BATCH-DUP,Delhivery,M-006,Jaipur,Tier-3,DUPLICATE_SETTLEMENT,1.0,2.0,1163.0,HIGH,2026-09-14 22:11:31.913657
AWB108660,BATCH-B,Bluedart,M-004,Lucknow,Tier-3,WEIGHT_DISPUTE,3.24,3.9,39.0,LOW,2026-09-14 22:11:31.453814
AWB108666,BATCH-A,Bluedart,M-002,Jaipur,Tier-3,PHANTOM_RTO_CHARGE,0.0,178.0,178.0,MEDIUM,2026-09-14 22:11:31.631484
AWB108673,BATCH-A,DTDC,M-006,Indore,Tier-2,EXCESS_FORWARD_CHARGE,95.0,114.0,19.0,LOW,2026-09-14 22:11:32.127304
AWB108684,BATCH-C,DTDC,M-014,Lucknow,Tier-3,EXCESS_FORWARD_CHARGE,95.0,114.0,19.0,LOW,2026-09-14 22:11:32.127304
AWB108693,BATCH-C,Kwikship,M-005,Jaipur,Tier-3,ETA_SLA_BREACH,72.0,137.8,0.0,LOW,2026-09-14 22:11:32.038362
AWB108695,BATCH-D,Bluedart,M-012,Lucknow,Tier-3,WEIGHT_DISPUTE,1.83,2.18,21.0,LOW,2026-09-14 22:11:31.453814
AWB108696,BATCH-D,Shiprocket,M-006,Pune,Tier-2,OVERDUE_REMITTANCE,14.0,24.0,0.0,MEDIUM,2026-09-14 22:11:31.791087
AWB108699,BATCH-A,DTDC,M-013,Indore,Tier-2,EXCESS_FORWARD_CHARGE,95.0,114.0,19.0,LOW,2026-09-14 22:11:32.127304
AWB108700,BATCH-B,Kwikship,M-018,Indore,Tier-2,PHANTOM_RTO_CHARGE,0.0,168.0,168.0,MEDIUM,2026-09-14 22:11:31.631484
AWB108707,BATCH-D,Delhivery,M-005,Indore,Tier-2,PHANTOM_RTO_CHARGE,0.0,169.0,169.0,MEDIUM,2026-09-14 22:11:31.631484
AWB108708,BATCH-B,DTDC,M-011,Indore,Tier-2,EXCESS_FORWARD_CHARGE,95.0,114.0,19.0,LOW,2026-09-14 22:11:32.127304
AWB108709,BATCH-B,Shiprocket,M-004,Pune,Tier-2,PHANTOM_RTO_CHARGE,0.0,107.0,107.0,MEDIUM,2026-09-14 22:11:31.631484
AWB108711,BATCH-D,Shiprocket,M-011,Delhi,Tier-1,PHANTOM_RTO_CHARGE,0.0,240.0,240.0,MEDIUM,2026-09-14 22:11:31.631484
AWB108718,BATCH-A,DTDC,M-013,Indore,Tier-2,EXCESS_FORWARD_CHARGE,65.0,78.0,13.0,LOW,2026-09-14 22:11:32.127304
AWB108724,BATCH-D,Shiprocket,M-019,Lucknow,Tier-3,PHANTOM_RTO_CHARGE,0.0,164.0,164.0,MEDIUM,2026-09-14 22:11:31.631484
AWB108734,BATCH-A,Shiprocket,M-014,Lucknow,Tier-3,OVERDUE_REMITTANCE,14.0,25.0,5895.0,MEDIUM,2026-09-14 22:11:31.791087
AWB108740,BATCH-C,DTDC,M-009,Jaipur,Tier-3,EXCESS_FORWARD_CHARGE,95.0,114.0,19.0,LOW,2026-09-14 22:11:32.127304
AWB108741,BATCH-D,Delhivery,M-011,Indore,Tier-2,PHANTOM_RTO_CHARGE,0.0,173.0,173.0,MEDIUM,2026-09-14 22:11:31.631484
AWB108742,BATCH-D,Bluedart,M-003,Mumbai,Tier-1,DUPLICATE_SETTLEMENT,1.0,2.0,4889.0,HIGH,2026-09-14 22:11:31.913657
AWB108742,BATCH-DUP,Bluedart,M-003,Mumbai,Tier-1,DUPLICATE_SETTLEMENT,1.0,2.0,4889.0,HIGH,2026-09-14 22:11:31.913657
AWB108745,BATCH-D,Bluedart,M-016,Jaipur,Tier-3,WEIGHT_DISPUTE,2.56,3.14,35.0,LOW,2026-09-14 22:11:31.453814
AWB108747,BATCH-B,DTDC,M-011,Jaipur,Tier-3,EXCESS_FORWARD_CHARGE,65.0,78.0,13.0,LOW,2026-09-14 22:11:32.127304
AWB108751,BATCH-D,Bluedart,M-020,Mumbai,Tier-1,PHANTOM_RTO_CHARGE,0.0,198.0,198.0,MEDIUM,2026-09-14 22:11:31.631484
AWB108758,BATCH-D,DTDC,M-007,Indore,Tier-2,EXCESS_FORWARD_CHARGE,95.0,114.0,19.0,LOW,2026-09-14 22:11:32.127304
AWB108759,BATCH-B,Delhivery,M-010,Lucknow,Tier-3,COD_SHORT_REMITTANCE,5423.0,5023.0,400.0,MEDIUM,2026-09-14 22:10:12.726074
AWB108765,BATCH-D,DTDC,M-001,Delhi,Tier-1,PHANTOM_RTO_CHARGE,0.0,165.0,165.0,MEDIUM,2026-09-14 22:11:31.631484
AWB108766,BATCH-C,DTDC,M-008,Indore,Tier-2,EXCESS_FORWARD_CHARGE,95.0,114.0,19.0,LOW,2026-09-14 22:11:32.127304
AWB108769,BATCH-A,DTDC,M-010,Mumbai,Tier-1,PHANTOM_RTO_CHARGE,0.0,161.0,161.0,MEDIUM,2026-09-14 22:11:31.631484
AWB108770,BATCH-D,DTDC,M-005,Lucknow,Tier-3,EXCESS_FORWARD_CHARGE,95.0,114.0,19.0,LOW,2026-09-14 22:11:32.127304
AWB108771,BATCH-A,Kwikship,M-002,Lucknow,Tier-3,ETA_SLA_BREACH,72.0,128.0,0.0,LOW,2026-09-14 22:11:32.038362
AWB108774,BATCH-C,Kwikship,M-015,Lucknow,Tier-3,ETA_SLA_BREACH,72.0,135.6,0.0,LOW,2026-09-14 22:11:32.038362
AWB108775,BATCH-D,Bluedart,M-009,Jaipur,Tier-3,WEIGHT_DISPUTE,7.92,9.74,110.0,MEDIUM,2026-09-14 22:11:31.453814
AWB108779,BATCH-C,DTDC,M-017,Lucknow,Tier-3,EXCESS_FORWARD_CHARGE,95.0,114.0,19.0,LOW,2026-09-14 22:11:32.127304
AWB108781,BATCH-C,Delhivery,M-017,Pune,Tier-2,COD_SHORT_REMITTANCE,3667.0,3556.0,111.0,MEDIUM,2026-09-14 22:10:12.726074
AWB108783,BATCH-C,DTDC,M-006,Indore,Tier-2,EXCESS_FORWARD_CHARGE,95.0,114.0,19.0,LOW,2026-09-14 22:11:32.127304
AWB108791,BATCH-A,Bluedart,M-018,Lucknow,Tier-3,WEIGHT_DISPUTE,2.13,2.54,25.0,LOW,2026-09-14 22:11:31.453814
AWB108805,BATCH-C,Bluedart,M-006,Mumbai,Tier-1,PHANTOM_RTO_CHARGE,0.0,215.0,215.0,MEDIUM,2026-09-14 22:11:31.631484
AWB108812,BATCH-D,Bluedart,M-009,Jaipur,Tier-3,WEIGHT_DISPUTE,2.95,3.72,46.0,LOW,2026-09-14 22:11:31.453814
AWB108822,BATCH-C,Bluedart,M-014,Jaipur,Tier-3,WEIGHT_DISPUTE,3.06,3.65,36.0,LOW,2026-09-14 22:11:31.453814
AWB108823,BATCH-D,Shiprocket,M-019,Lucknow,Tier-3,PHANTOM_RTO_CHARGE,0.0,159.0,159.0,MEDIUM,2026-09-14 22:11:31.631484
AWB108825,BATCH-D,Shiprocket,M-020,Mumbai,Tier-1,OVERDUE_REMITTANCE,14.0,25.0,0.0,MEDIUM,2026-09-14 22:11:31.791087
AWB108834,BATCH-C,DTDC,M-019,Mumbai,Tier-1,EXCESS_FORWARD_CHARGE,65.0,78.0,13.0,LOW,2026-09-14 22:11:32.127304
AWB108835,BATCH-D,Shiprocket,M-020,Jaipur,Tier-3,OVERDUE_REMITTANCE,14.0,20.0,0.0,MEDIUM,2026-09-14 22:11:31.791087
AWB108837,BATCH-B,Shiprocket,M-018,Jaipur,Tier-3,PHANTOM_RTO_CHARGE,0.0,155.0,155.0,MEDIUM,2026-09-14 22:11:31.631484
AWB108840,BATCH-B,Bluedart,M-007,Lucknow,Tier-3,WEIGHT_DISPUTE,1.62,2.0,23.0,LOW,2026-09-14 22:11:31.453814
AWB108841,BATCH-D,Kwikship,M-019,Jaipur,Tier-3,ETA_SLA_BREACH,72.0,106.5,0.0,LOW,2026-09-14 22:11:32.038362
AWB108843,BATCH-C,Bluedart,M-013,Delhi,Tier-1,PHANTOM_RTO_CHARGE,0.0,218.0,218.0,MEDIUM,2026-09-14 22:11:31.631484
AWB108844,BATCH-D,Delhivery,M-001,Delhi,Tier-1,DUPLICATE_SETTLEMENT,1.0,2.0,0.0,HIGH,2026-09-14 22:11:31.913657
AWB108844,BATCH-DUP,Delhivery,M-001,Delhi,Tier-1,DUPLICATE_SETTLEMENT,1.0,2.0,0.0,HIGH,2026-09-14 22:11:31.913657
AWB108846,BATCH-D,Shiprocket,M-001,Lucknow,Tier-3,OVERDUE_REMITTANCE,14.0,21.0,2520.0,MEDIUM,2026-09-14 22:11:31.791087
AWB108857,BATCH-A,DTDC,M-006,Mumbai,Tier-1,EXCESS_FORWARD_CHARGE,95.0,114.0,19.0,LOW,2026-09-14 22:11:32.127304
AWB108859,BATCH-C,Shiprocket,M-008,Pune,Tier-2,PHANTOM_RTO_CHARGE,0.0,242.0,242.0,MEDIUM,2026-09-14 22:11:31.631484
AWB108863,BATCH-C,Shiprocket,M-012,Lucknow,Tier-3,PHANTOM_RTO_CHARGE,0.0,124.0,124.0,MEDIUM,2026-09-14 22:11:31.631484
AWB108865,BATCH-A,Delhivery,M-016,Lucknow,Tier-3,COD_SHORT_REMITTANCE,3733.0,3485.0,248.0,MEDIUM,2026-09-14 22:10:12.726074
AWB108866,BATCH-D,Kwikship,M-003,Pune,Tier-2,PHANTOM_RTO_CHARGE,0.0,224.0,224.0,MEDIUM,2026-09-14 22:11:31.631484
AWB108874,BATCH-D,Kwikship,M-017,Jaipur,Tier-3,ETA_SLA_BREACH,72.0,112.0,0.0,LOW,2026-09-14 22:11:32.038362
AWB108879,BATCH-B,Delhivery,M-001,Mumbai,Tier-1,COD_SHORT_REMITTANCE,3149.0,2921.0,228.0,MEDIUM,2026-09-14 22:10:12.726074
AWB108879,BATCH-B,Delhivery,M-001,Mumbai,Tier-1,DUPLICATE_SETTLEMENT,1.0,2.0,2921.0,HIGH,2026-09-14 22:11:31.913657
AWB108879,BATCH-DUP,Delhivery,M-001,Mumbai,Tier-1,COD_SHORT_REMITTANCE,3149.0,2921.0,228.0,MEDIUM,2026-09-14 22:10:12.726074
AWB108879,BATCH-DUP,Delhivery,M-001,Mumbai,Tier-1,DUPLICATE_SETTLEMENT,1.0,2.0,2921.0,HIGH,2026-09-14 22:11:31.913657
AWB108883,BATCH-B,DTDC,M-006,Delhi,Tier-1,PHANTOM_RTO_CHARGE,0.0,121.0,121.0,MEDIUM,2026-09-14 22:11:31.631484
AWB108889,BATCH-C,DTDC,M-001,Pune,Tier-2,EXCESS_FORWARD_CHARGE,95.0,114.0,19.0,LOW,2026-09-14 22:11:32.127304
AWB108895,BATCH-B,DTDC,M-013,Delhi,Tier-1,EXCESS_FORWARD_CHARGE,95.0,114.0,19.0,LOW,2026-09-14 22:11:32.127304
AWB108899,BATCH-A,DTDC,M-015,Pune,Tier-2,EXCESS_FORWARD_CHARGE,95.0,114.0,19.0,LOW,2026-09-14 22:11:32.127304
AWB108900,BATCH-C,Delhivery,M-002,Mumbai,Tier-1,COD_SHORT_REMITTANCE,5385.0,5211.0,174.0,MEDIUM,2026-09-14 22:10:12.726074
AWB108901,BATCH-C,Bluedart,M-010,Jaipur,Tier-3,WEIGHT_DISPUTE,6.26,7.67,85.0,LOW,2026-09-14 22:11:31.453814
AWB108903,BATCH-B,Bluedart,M-001,Lucknow,Tier-3,PHANTOM_RTO_CHARGE,0.0,166.0,166.0,MEDIUM,2026-09-14 22:11:31.631484
AWB108903,BATCH-B,Bluedart,M-001,Lucknow,Tier-3,WEIGHT_DISPUTE,1.35,1.74,23.0,LOW,2026-09-14 22:11:31.453814
AWB108904,BATCH-A,DTDC,M-007,Delhi,Tier-1,EXCESS_FORWARD_CHARGE,95.0,114.0,19.0,LOW,2026-09-14 22:11:32.127304
AWB108905,BATCH-C,Delhivery,M-002,Indore,Tier-2,COD_SHORT_REMITTANCE,3513.0,3404.0,109.0,MEDIUM,2026-09-14 22:10:12.726074
AWB108908,BATCH-D,DTDC,M-012,Mumbai,Tier-1,EXCESS_FORWARD_CHARGE,95.0,114.0,19.0,LOW,2026-09-14 22:11:32.127304
AWB108916,BATCH-D,Delhivery,M-002,Jaipur,Tier-3,COD_SHORT_REMITTANCE,4321.0,4126.0,195.0,MEDIUM,2026-09-14 22:10:12.726074
AWB108919,BATCH-A,Bluedart,M-013,Jaipur,Tier-3,PHANTOM_RTO_CHARGE,0.0,102.0,102.0,MEDIUM,2026-09-14 22:11:31.631484
AWB108919,BATCH-A,Bluedart,M-013,Jaipur,Tier-3,WEIGHT_DISPUTE,7.97,10.38,145.0,MEDIUM,2026-09-14 22:11:31.453814
AWB108924,BATCH-A,Bluedart,M-003,Jaipur,Tier-3,WEIGHT_DISPUTE,6.55,8.45,114.0,MEDIUM,2026-09-14 22:11:31.453814
AWB108926,BATCH-D,Kwikship,M-004,Lucknow,Tier-3,ETA_SLA_BREACH,72.0,105.3,0.0,LOW,2026-09-14 22:11:32.038362
AWB108930,BATCH-B,DTDC,M-012,Lucknow,Tier-3,EXCESS_FORWARD_CHARGE,65.0,78.0,13.0,LOW,2026-09-14 22:11:32.127304
AWB108940,BATCH-A,DTDC,M-007,Indore,Tier-2,EXCESS_FORWARD_CHARGE,95.0,114.0,19.0,LOW,2026-09-14 22:11:32.127304
AWB108949,BATCH-C,DTDC,M-015,Mumbai,Tier-1,EXCESS_FORWARD_CHARGE,95.0,114.0,19.0,LOW,2026-09-14 22:11:32.127304
AWB108950,BATCH-B,Shiprocket,M-013,Mumbai,Tier-1,OVERDUE_REMITTANCE,14.0,18.0,5698.0,MEDIUM,2026-09-14 22:11:31.791087
AWB108953,BATCH-A,DTDC,M-020,Lucknow,Tier-3,PHANTOM_RTO_CHARGE,0.0,135.0,135.0,MEDIUM,2026-09-14 22:11:31.631484
AWB108956,BATCH-D,Bluedart,M-008,Lucknow,Tier-3,WEIGHT_DISPUTE,1.09,1.42,19.0,LOW,2026-09-14 22:11:31.453814
AWB108959,BATCH-A,Kwikship,M-015,Jaipur,Tier-3,ETA_SLA_BREACH,72.0,142.5,0.0,LOW,2026-09-14 22:11:32.038362
AWB108962,BATCH-B,Delhivery,M-005,Delhi,Tier-1,PHANTOM_RTO_CHARGE,0.0,117.0,117.0,MEDIUM,2026-09-14 22:11:31.631484
AWB108964,BATCH-C,Bluedart,M-010,Jaipur,Tier-3,WEIGHT_DISPUTE,1.43,1.69,16.0,LOW,2026-09-14 22:11:31.453814
AWB108965,BATCH-C,DTDC,M-002,Jaipur,Tier-3,EXCESS_FORWARD_CHARGE,95.0,114.0,19.0,LOW,2026-09-14 22:11:32.127304
AWB108966,BATCH-D,Bluedart,M-015,Jaipur,Tier-3,WEIGHT_DISPUTE,6.53,8.37,110.0,MEDIUM,2026-09-14 22:11:31.453814
AWB108967,BATCH-C,DTDC,M-012,Mumbai,Tier-1,EXCESS_FORWARD_CHARGE,65.0,78.0,13.0,LOW,2026-09-14 22:11:32.127304
AWB108967,BATCH-C,DTDC,M-012,Mumbai,Tier-1,PHANTOM_RTO_CHARGE,0.0,206.0,206.0,MEDIUM,2026-09-14 22:11:31.631484
AWB108974,BATCH-C,Bluedart,M-014,Lucknow,Tier-3,WEIGHT_DISPUTE,4.82,6.04,73.0,LOW,2026-09-14 22:11:31.453814
AWB108977,BATCH-C,DTDC,M-007,Pune,Tier-2,EXCESS_FORWARD_CHARGE,95.0,114.0,19.0,LOW,2026-09-14 22:11:32.127304
AWB108979,BATCH-A,Bluedart,M-007,Lucknow,Tier-3,PHANTOM_RTO_CHARGE,0.0,225.0,225.0,MEDIUM,2026-09-14 22:11:31.631484
AWB108979,BATCH-A,Bluedart,M-007,Lucknow,Tier-3,WEIGHT_DISPUTE,3.93,5.11,71.0,LOW,2026-09-14 22:11:31.453814
AWB108981,BATCH-D,DTDC,M-002,Indore,Tier-2,EXCESS_FORWARD_CHARGE,95.0,114.0,19.0,LOW,2026-09-14 22:11:32.127304
AWB108987,BATCH-B,Bluedart,M-015,Lucknow,Tier-3,WEIGHT_DISPUTE,4.15,5.35,72.0,LOW,2026-09-14 22:11:31.453814
AWB108988,BATCH-D,DTDC,M-003,Indore,Tier-2,EXCESS_FORWARD_CHARGE,95.0,114.0,19.0,LOW,2026-09-14 22:11:32.127304
AWB108990,BATCH-A,Kwikship,M-006,Lucknow,Tier-3,ETA_SLA_BREACH,72.0,120.6,0.0,LOW,2026-09-14 22:11:32.038362
AWB108997,BATCH-D,DTDC,M-016,Mumbai,Tier-1,EXCESS_FORWARD_CHARGE,95.0,114.0,19.0,LOW,2026-09-14 22:11:32.127304
AWB109005,BATCH-D,Delhivery,M-005,Indore,Tier-2,PHANTOM_RTO_CHARGE,0.0,131.0,131.0,MEDIUM,2026-09-14 22:11:31.631484
AWB109007,BATCH-A,Kwikship,M-020,Jaipur,Tier-3,PHANTOM_RTO_CHARGE,0.0,232.0,232.0,MEDIUM,2026-09-14 22:11:31.631484
AWB109011,BATCH-A,DTDC,M-011,Jaipur,Tier-3,EXCESS_FORWARD_CHARGE,95.0,114.0,19.0,LOW,2026-09-14 22:11:32.127304
AWB109016,BATCH-B,DTDC,M-013,Jaipur,Tier-3,EXCESS_FORWARD_CHARGE,95.0,114.0,19.0,LOW,2026-09-14 22:11:32.127304
AWB109018,BATCH-A,Kwikship,M-017,Jaipur,Tier-3,ETA_SLA_BREACH,72.0,122.1,0.0,LOW,2026-09-14 22:11:32.038362
AWB109026,BATCH-C,DTDC,M-009,Lucknow,Tier-3,EXCESS_FORWARD_CHARGE,65.0,78.0,13.0,LOW,2026-09-14 22:11:32.127304
AWB109027,BATCH-C,DTDC,M-014,Mumbai,Tier-1,EXCESS_FORWARD_CHARGE,95.0,114.0,19.0,LOW,2026-09-14 22:11:32.127304
AWB109029,BATCH-C,Kwikship,M-001,Jaipur,Tier-3,ETA_SLA_BREACH,72.0,110.5,0.0,LOW,2026-09-14 22:11:32.038362
AWB109030,BATCH-D,DTDC,M-015,Mumbai,Tier-1,EXCESS_FORWARD_CHARGE,95.0,114.0,19.0,LOW,2026-09-14 22:11:32.127304
AWB109036,BATCH-C,Delhivery,M-010,Lucknow,Tier-3,COD_SHORT_REMITTANCE,4346.0,4172.0,174.0,MEDIUM,2026-09-14 22:10:12.726074
AWB109043,BATCH-B,DTDC,M-018,Lucknow,Tier-3,EXCESS_FORWARD_CHARGE,95.0,114.0,19.0,LOW,2026-09-14 22:11:32.127304
AWB109044,BATCH-A,Delhivery,M-013,Mumbai,Tier-1,PHANTOM_RTO_CHARGE,0.0,173.0,173.0,MEDIUM,2026-09-14 22:11:31.631484
AWB109051,BATCH-D,Bluedart,M-013,Indore,Tier-2,PHANTOM_RTO_CHARGE,0.0,226.0,226.0,MEDIUM,2026-09-14 22:11:31.631484
AWB109053,BATCH-D,Delhivery,M-013,Jaipur,Tier-3,COD_SHORT_REMITTANCE,3863.0,3682.0,181.0,MEDIUM,2026-09-14 22:10:12.726074
AWB109056,BATCH-B,DTDC,M-016,Lucknow,Tier-3,PHANTOM_RTO_CHARGE,0.0,126.0,126.0,MEDIUM,2026-09-14 22:11:31.631484
AWB109060,BATCH-A,Shiprocket,M-014,Delhi,Tier-1,OVERDUE_REMITTANCE,14.0,21.0,4261.0,MEDIUM,2026-09-14 22:11:31.791087
AWB109062,BATCH-B,Bluedart,M-001,Delhi,Tier-1,PHANTOM_RTO_CHARGE,0.0,118.0,118.0,MEDIUM,2026-09-14 22:11:31.631484
AWB109074,BATCH-C,Delhivery,M-015,Mumbai,Tier-1,COD_SHORT_REMITTANCE,5146.0,4794.0,352.0,MEDIUM,2026-09-14 22:10:12.726074
AWB109080,BATCH-C,Bluedart,M-019,Lucknow,Tier-3,WEIGHT_DISPUTE,7.62,9.86,134.0,MEDIUM,2026-09-14 22:11:31.453814
AWB109090,BATCH-B,Bluedart,M-003,Jaipur,Tier-3,WEIGHT_DISPUTE,3.85,4.83,58.0,LOW,2026-09-14 22:11:31.453814
AWB109097,BATCH-B,DTDC,M-004,Delhi,Tier-1,EXCESS_FORWARD_CHARGE,42.0,50.0,8.0,LOW,2026-09-14 22:11:32.127304
AWB109106,BATCH-C,DTDC,M-009,Indore,Tier-2,EXCESS_FORWARD_CHARGE,95.0,114.0,19.0,LOW,2026-09-14 22:11:32.127304
AWB109109,BATCH-C,Bluedart,M-020,Lucknow,Tier-3,WEIGHT_DISPUTE,6.2,7.33,68.0,LOW,2026-09-14 22:11:31.453814
AWB109115,BATCH-A,DTDC,M-016,Delhi,Tier-1,EXCESS_FORWARD_CHARGE,95.0,114.0,19.0,LOW,2026-09-14 22:11:32.127304
AWB109120,BATCH-C,DTDC,M-012,Pune,Tier-2,EXCESS_FORWARD_CHARGE,95.0,114.0,19.0,LOW,2026-09-14 22:11:32.127304
AWB109123,BATCH-C,DTDC,M-018,Pune,Tier-2,PHANTOM_RTO_CHARGE,0.0,215.0,215.0,MEDIUM,2026-09-14 22:11:31.631484
AWB109131,BATCH-D,Delhivery,M-005,Lucknow,Tier-3,COD_SHORT_REMITTANCE,4960.0,4643.0,317.0,MEDIUM,2026-09-14 22:10:12.726074
AWB109134,BATCH-D,Delhivery,M-013,Pune,Tier-2,COD_SHORT_REMITTANCE,5775.0,5345.0,430.0,MEDIUM,2026-09-14 22:10:12.726074
AWB109142,BATCH-C,DTDC,M-003,Pune,Tier-2,EXCESS_FORWARD_CHARGE,95.0,114.0,19.0,LOW,2026-09-14 22:11:32.127304
AWB109150,BATCH-B,DTDC,M-015,Delhi,Tier-1,PHANTOM_RTO_CHARGE,0.0,118.0,118.0,MEDIUM,2026-09-14 22:11:31.631484
AWB109151,BATCH-D,DTDC,M-008,Delhi,Tier-1,EXCESS_FORWARD_CHARGE,95.0,114.0,19.0,LOW,2026-09-14 22:11:32.127304
AWB109151,BATCH-D,DTDC,M-008,Delhi,Tier-1,PHANTOM_RTO_CHARGE,0.0,130.0,130.0,MEDIUM,2026-09-14 22:11:31.631484
AWB109156,BATCH-C,DTDC,M-002,Indore,Tier-2,EXCESS_FORWARD_CHARGE,65.0,78.0,13.0,LOW,2026-09-14 22:11:32.127304
AWB109157,BATCH-B,Kwikship,M-003,Lucknow,Tier-3,DUPLICATE_SETTLEMENT,1.0,2.0,0.0,HIGH,2026-09-14 22:11:31.913657
AWB109157,BATCH-DUP,Kwikship,M-003,Lucknow,Tier-3,DUPLICATE_SETTLEMENT,1.0,2.0,0.0,HIGH,2026-09-14 22:11:31.913657
AWB109162,BATCH-B,Shiprocket,M-005,Delhi,Tier-1,DUPLICATE_SETTLEMENT,1.0,2.0,4802.0,HIGH,2026-09-14 22:11:31.913657
AWB109162,BATCH-DUP,Shiprocket,M-005,Delhi,Tier-1,DUPLICATE_SETTLEMENT,1.0,2.0,4802.0,HIGH,2026-09-14 22:11:31.913657
AWB109171,BATCH-B,Shiprocket,M-011,Pune,Tier-2,OVERDUE_REMITTANCE,14.0,25.0,1107.0,MEDIUM,2026-09-14 22:11:31.791087
AWB109174,BATCH-A,Kwikship,M-013,Lucknow,Tier-3,ETA_SLA_BREACH,72.0,112.0,0.0,LOW,2026-09-14 22:11:32.038362
AWB109176,BATCH-C,Delhivery,M-001,Pune,Tier-2,PHANTOM_RTO_CHARGE,0.0,173.0,173.0,MEDIUM,2026-09-14 22:11:31.631484
AWB109178,BATCH-D,Bluedart,M-020,Lucknow,Tier-3,PHANTOM_RTO_CHARGE,0.0,126.0,126.0,MEDIUM,2026-09-14 22:11:31.631484
AWB109180,BATCH-A,DTDC,M-007,Jaipur,Tier-3,EXCESS_FORWARD_CHARGE,65.0,78.0,13.0,LOW,2026-09-14 22:11:32.127304
AWB109186,BATCH-D,Bluedart,M-020,Jaipur,Tier-3,WEIGHT_DISPUTE,6.6,8.4,108.0,MEDIUM,2026-09-14 22:11:31.453814
AWB109188,BATCH-D,Delhivery,M-017,Delhi,Tier-1,PHANTOM_RTO_CHARGE,0.0,166.0,166.0,MEDIUM,2026-09-14 22:11:31.631484
AWB109194,BATCH-C,Delhivery,M-002,Indore,Tier-2,PHANTOM_RTO_CHARGE,0.0,186.0,186.0,MEDIUM,2026-09-14 22:11:31.631484
AWB109195,BATCH-A,Bluedart,M-013,Pune,Tier-2,PHANTOM_RTO_CHARGE,0.0,199.0,199.0,MEDIUM,2026-09-14 22:11:31.631484
AWB109200,BATCH-B,Kwikship,M-009,Pune,Tier-2,PHANTOM_RTO_CHARGE,0.0,248.0,248.0,MEDIUM,2026-09-14 22:11:31.631484
AWB109201,BATCH-A,Shiprocket,M-008,Delhi,Tier-1,PHANTOM_RTO_CHARGE,0.0,136.0,136.0,MEDIUM,2026-09-14 22:11:31.631484
AWB109206,BATCH-D,Shiprocket,M-017,Jaipur,Tier-3,OVERDUE_REMITTANCE,14.0,24.0,0.0,MEDIUM,2026-09-14 22:11:31.791087
AWB109210,BATCH-D,Delhivery,M-001,Delhi,Tier-1,COD_SHORT_REMITTANCE,4794.0,4438.0,356.0,MEDIUM,2026-09-14 22:10:12.726074
AWB109211,BATCH-C,Delhivery,M-008,Pune,Tier-2,PHANTOM_RTO_CHARGE,0.0,178.0,178.0,MEDIUM,2026-09-14 22:11:31.631484
AWB109212,BATCH-B,Shiprocket,M-016,Delhi,Tier-1,OVERDUE_REMITTANCE,14.0,24.0,0.0,MEDIUM,2026-09-14 22:11:31.791087
AWB109214,BATCH-C,Kwikship,M-007,Delhi,Tier-1,PHANTOM_RTO_CHARGE,0.0,168.0,168.0,MEDIUM,2026-09-14 22:11:31.631484
AWB109220,BATCH-B,Shiprocket,M-004,Pune,Tier-2,PHANTOM_RTO_CHARGE,0.0,145.0,145.0,MEDIUM,2026-09-14 22:11:31.631484
AWB109224,BATCH-B,Kwikship,M-013,Jaipur,Tier-3,ETA_SLA_BREACH,72.0,138.7,0.0,LOW,2026-09-14 22:11:32.038362
AWB109226,BATCH-C,Kwikship,M-019,Jaipur,Tier-3,ETA_SLA_BREACH,72.0,118.2,0.0,LOW,2026-09-14 22:11:32.038362
AWB109229,BATCH-D,DTDC,M-006,Mumbai,Tier-1,EXCESS_FORWARD_CHARGE,95.0,114.0,19.0,LOW,2026-09-14 22:11:32.127304
AWB109237,BATCH-D,Kwikship,M-007,Jaipur,Tier-3,ETA_SLA_BREACH,72.0,121.3,0.0,LOW,2026-09-14 22:11:32.038362
AWB109239,BATCH-C,Bluedart,M-019,Lucknow,Tier-3,WEIGHT_DISPUTE,5.24,6.83,96.0,LOW,2026-09-14 22:11:31.453814
AWB109240,BATCH-B,DTDC,M-016,Jaipur,Tier-3,EXCESS_FORWARD_CHARGE,95.0,114.0,19.0,LOW,2026-09-14 22:11:32.127304
AWB109251,BATCH-B,Delhivery,M-015,Delhi,Tier-1,COD_SHORT_REMITTANCE,3757.0,3539.0,218.0,MEDIUM,2026-09-14 22:10:12.726074
AWB109253,BATCH-A,Kwikship,M-017,Pune,Tier-2,PHANTOM_RTO_CHARGE,0.0,220.0,220.0,MEDIUM,2026-09-14 22:11:31.631484
AWB109261,BATCH-D,DTDC,M-020,Delhi,Tier-1,EXCESS_FORWARD_CHARGE,95.0,114.0,19.0,LOW,2026-09-14 22:11:32.127304
AWB109262,BATCH-B,Bluedart,M-018,Indore,Tier-2,PHANTOM_RTO_CHARGE,0.0,218.0,218.0,MEDIUM,2026-09-14 22:11:31.631484
AWB109273,BATCH-D,Delhivery,M-012,Delhi,Tier-1,COD_SHORT_REMITTANCE,3384.0,3155.0,229.0,MEDIUM,2026-09-14 22:10:12.726074
AWB109286,BATCH-B,Shiprocket,M-014,Mumbai,Tier-1,PHANTOM_RTO_CHARGE,0.0,176.0,176.0,MEDIUM,2026-09-14 22:11:31.631484
AWB109287,BATCH-D,Bluedart,M-010,Lucknow,Tier-3,WEIGHT_DISPUTE,4.41,5.82,85.0,LOW,2026-09-14 22:11:31.453814
AWB109290,BATCH-B,DTDC,M-003,Jaipur,Tier-3,EXCESS_FORWARD_CHARGE,95.0,114.0,19.0,LOW,2026-09-14 22:11:32.127304
AWB109294,BATCH-B,Bluedart,M-018,Lucknow,Tier-3,WEIGHT_DISPUTE,5.41,6.87,88.0,LOW,2026-09-14 22:11:31.453814
AWB109296,BATCH-C,Bluedart,M-001,Lucknow,Tier-3,WEIGHT_DISPUTE,6.45,8.43,119.0,MEDIUM,2026-09-14 22:11:31.453814
AWB109298,BATCH-B,Shiprocket,M-007,Jaipur,Tier-3,OVERDUE_REMITTANCE,14.0,21.0,0.0,MEDIUM,2026-09-14 22:11:31.791087
AWB109301,BATCH-B,DTDC,M-001,Jaipur,Tier-3,EXCESS_FORWARD_CHARGE,95.0,114.0,19.0,LOW,2026-09-14 22:11:32.127304
AWB109307,BATCH-C,Delhivery,M-017,Delhi,Tier-1,COD_SHORT_REMITTANCE,5749.0,5388.0,361.0,MEDIUM,2026-09-14 22:10:12.726074
AWB109308,BATCH-D,Kwikship,M-009,Lucknow,Tier-3,ETA_SLA_BREACH,72.0,132.7,0.0,LOW,2026-09-14 22:11:32.038362
AWB109309,BATCH-B,DTDC,M-007,Mumbai,Tier-1,EXCESS_FORWARD_CHARGE,65.0,78.0,13.0,LOW,2026-09-14 22:11:32.127304
AWB109312,BATCH-C,DTDC,M-006,Jaipur,Tier-3,EXCESS_FORWARD_CHARGE,65.0,78.0,13.0,LOW,2026-09-14 22:11:32.127304
AWB109316,BATCH-A,Shiprocket,M-010,Delhi,Tier-1,PHANTOM_RTO_CHARGE,0.0,157.0,157.0,MEDIUM,2026-09-14 22:11:31.631484
AWB109317,BATCH-A,Bluedart,M-010,Jaipur,Tier-3,WEIGHT_DISPUTE,1.37,1.7,20.0,LOW,2026-09-14 22:11:31.453814
AWB109321,BATCH-C,DTDC,M-001,Delhi,Tier-1,EXCESS_FORWARD_CHARGE,95.0,114.0,19.0,LOW,2026-09-14 22:11:32.127304
AWB109324,BATCH-B,Shiprocket,M-016,Lucknow,Tier-3,PHANTOM_RTO_CHARGE,0.0,180.0,180.0,MEDIUM,2026-09-14 22:11:31.631484
AWB109325,BATCH-B,DTDC,M-017,Delhi,Tier-1,EXCESS_FORWARD_CHARGE,65.0,78.0,13.0,LOW,2026-09-14 22:11:32.127304
AWB109329,BATCH-C,Shiprocket,M-001,Mumbai,Tier-1,OVERDUE_REMITTANCE,14.0,20.0,2305.0,MEDIUM,2026-09-14 22:11:31.791087
AWB109334,BATCH-A,DTDC,M-005,Jaipur,Tier-3,EXCESS_FORWARD_CHARGE,65.0,78.0,13.0,LOW,2026-09-14 22:11:32.127304
AWB109340,BATCH-D,Kwikship,M-014,Lucknow,Tier-3,ETA_SLA_BREACH,72.0,105.9,0.0,LOW,2026-09-14 22:11:32.038362
AWB109350,BATCH-A,Bluedart,M-016,Jaipur,Tier-3,WEIGHT_DISPUTE,2.54,3.25,43.0,LOW,2026-09-14 22:11:31.453814
AWB109351,BATCH-B,Bluedart,M-017,Lucknow,Tier-3,WEIGHT_DISPUTE,5.81,6.86,63.0,LOW,2026-09-14 22:11:31.453814
AWB109352,BATCH-D,Shiprocket,M-009,Pune,Tier-2,PHANTOM_RTO_CHARGE,0.0,203.0,203.0,MEDIUM,2026-09-14 22:11:31.631484
AWB109355,BATCH-D,Kwikship,M-005,Jaipur,Tier-3,ETA_SLA_BREACH,72.0,104.4,0.0,LOW,2026-09-14 22:11:32.038362
AWB109357,BATCH-C,DTDC,M-018,Mumbai,Tier-1,EXCESS_FORWARD_CHARGE,65.0,78.0,13.0,LOW,2026-09-14 22:11:32.127304
AWB109360,BATCH-A,Shiprocket,M-005,Pune,Tier-2,PHANTOM_RTO_CHARGE,0.0,229.0,229.0,MEDIUM,2026-09-14 22:11:31.631484
AWB109361,BATCH-A,Bluedart,M-011,Jaipur,Tier-3,WEIGHT_DISPUTE,6.13,8.05,115.0,MEDIUM,2026-09-14 22:11:31.453814
AWB109362,BATCH-A,DTDC,M-013,Delhi,Tier-1,EXCESS_FORWARD_CHARGE,95.0,114.0,19.0,LOW,2026-09-14 22:11:32.127304
AWB109367,BATCH-A,DTDC,M-018,Lucknow,Tier-3,EXCESS_FORWARD_CHARGE,65.0,78.0,13.0,LOW,2026-09-14 22:11:32.127304
AWB109370,BATCH-C,Bluedart,M-004,Lucknow,Tier-3,DUPLICATE_SETTLEMENT,1.0,2.0,0.0,HIGH,2026-09-14 22:11:31.913657
AWB109370,BATCH-C,Bluedart,M-004,Lucknow,Tier-3,WEIGHT_DISPUTE,4.3,5.51,73.0,LOW,2026-09-14 22:11:31.453814
AWB109370,BATCH-DUP,Bluedart,M-004,Lucknow,Tier-3,DUPLICATE_SETTLEMENT,1.0,2.0,0.0,HIGH,2026-09-14 22:11:31.913657
AWB109370,BATCH-DUP,Bluedart,M-004,Lucknow,Tier-3,WEIGHT_DISPUTE,4.3,5.51,73.0,LOW,2026-09-14 22:11:31.453814
AWB109389,BATCH-B,Bluedart,M-001,Lucknow,Tier-3,WEIGHT_DISPUTE,1.71,2.08,22.0,LOW,2026-09-14 22:11:31.453814
AWB109390,BATCH-D,Kwikship,M-004,Lucknow,Tier-3,ETA_SLA_BREACH,72.0,137.7,0.0,LOW,2026-09-14 22:11:32.038362
AWB109400,BATCH-A,Shiprocket,M-004,Indore,Tier-2,OVERDUE_REMITTANCE,14.0,22.0,4009.0,MEDIUM,2026-09-14 22:11:31.791087
AWB109402,BATCH-D,DTDC,M-019,Mumbai,Tier-1,EXCESS_FORWARD_CHARGE,95.0,114.0,19.0,LOW,2026-09-14 22:11:32.127304
AWB109404,BATCH-A,Bluedart,M-002,Lucknow,Tier-3,WEIGHT_DISPUTE,5.19,6.28,66.0,LOW,2026-09-14 22:11:31.453814
AWB109408,BATCH-A,Bluedart,M-001,Jaipur,Tier-3,WEIGHT_DISPUTE,6.82,8.84,122.0,MEDIUM,2026-09-14 22:11:31.453814
AWB109422,BATCH-C,Bluedart,M-012,Lucknow,Tier-3,WEIGHT_DISPUTE,2.98,3.53,33.0,LOW,2026-09-14 22:11:31.453814
AWB109424,BATCH-A,Bluedart,M-006,Jaipur,Tier-3,WEIGHT_DISPUTE,3.12,3.93,48.0,LOW,2026-09-14 22:11:31.453814
AWB109428,BATCH-A,DTDC,M-020,Pune,Tier-2,EXCESS_FORWARD_CHARGE,95.0,114.0,19.0,LOW,2026-09-14 22:11:32.127304
AWB109430,BATCH-D,Delhivery,M-010,Mumbai,Tier-1,COD_SHORT_REMITTANCE,5652.0,5474.0,178.0,MEDIUM,2026-09-14 22:10:12.726074
AWB109434,BATCH-D,Delhivery,M-014,Delhi,Tier-1,COD_SHORT_REMITTANCE,4055.0,3804.0,251.0,MEDIUM,2026-09-14 22:10:12.726074
AWB109435,BATCH-B,Kwikship,M-003,Lucknow,Tier-3,ETA_SLA_BREACH,72.0,135.4,0.0,LOW,2026-09-14 22:11:32.038362
AWB109438,BATCH-D,Delhivery,M-016,Pune,Tier-2,COD_SHORT_REMITTANCE,3528.0,3380.0,148.0,MEDIUM,2026-09-14 22:10:12.726074
AWB109439,BATCH-D,Delhivery,M-017,Indore,Tier-2,COD_SHORT_REMITTANCE,5419.0,5246.0,173.0,MEDIUM,2026-09-14 22:10:12.726074
AWB109443,BATCH-D,DTDC,M-005,Pune,Tier-2,EXCESS_FORWARD_CHARGE,95.0,114.0,19.0,LOW,2026-09-14 22:11:32.127304
AWB109446,BATCH-C,DTDC,M-012,Mumbai,Tier-1,EXCESS_FORWARD_CHARGE,65.0,78.0,13.0,LOW,2026-09-14 22:11:32.127304
AWB109447,BATCH-C,Bluedart,M-011,Lucknow,Tier-3,WEIGHT_DISPUTE,0.82,1.0,11.0,LOW,2026-09-14 22:11:31.453814
AWB109452,BATCH-B,Bluedart,M-020,Pune,Tier-2,PHANTOM_RTO_CHARGE,0.0,244.0,244.0,MEDIUM,2026-09-14 22:11:31.631484
AWB109458,BATCH-B,DTDC,M-012,Pune,Tier-2,EXCESS_FORWARD_CHARGE,65.0,78.0,13.0,LOW,2026-09-14 22:11:32.127304
AWB109464,BATCH-B,DTDC,M-013,Jaipur,Tier-3,PHANTOM_RTO_CHARGE,0.0,192.0,192.0,MEDIUM,2026-09-14 22:11:31.631484
AWB109467,BATCH-C,Delhivery,M-015,Mumbai,Tier-1,COD_SHORT_REMITTANCE,4804.0,4578.0,226.0,MEDIUM,2026-09-14 22:10:12.726074
AWB109468,BATCH-B,Delhivery,M-008,Delhi,Tier-1,DUPLICATE_SETTLEMENT,1.0,2.0,0.0,HIGH,2026-09-14 22:11:31.913657
AWB109468,BATCH-DUP,Delhivery,M-008,Delhi,Tier-1,DUPLICATE_SETTLEMENT,1.0,2.0,0.0,HIGH,2026-09-14 22:11:31.913657
AWB109471,BATCH-B,DTDC,M-012,Lucknow,Tier-3,EXCESS_FORWARD_CHARGE,65.0,78.0,13.0,LOW,2026-09-14 22:11:32.127304
AWB109472,BATCH-A,Delhivery,M-015,Lucknow,Tier-3,DUPLICATE_SETTLEMENT,1.0,2.0,0.0,HIGH,2026-09-14 22:11:31.913657
AWB109472,BATCH-DUP,Delhivery,M-015,Lucknow,Tier-3,DUPLICATE_SETTLEMENT,1.0,2.0,0.0,HIGH,2026-09-14 22:11:31.913657
AWB109479,BATCH-D,Bluedart,M-008,Pune,Tier-2,PHANTOM_RTO_CHARGE,0.0,197.0,197.0,MEDIUM,2026-09-14 22:11:31.631484
AWB109480,BATCH-C,DTDC,M-001,Delhi,Tier-1,EXCESS_FORWARD_CHARGE,95.0,114.0,19.0,LOW,2026-09-14 22:11:32.127304
AWB109491,BATCH-B,Bluedart,M-019,Lucknow,Tier-3,WEIGHT_DISPUTE,7.48,9.56,125.0,MEDIUM,2026-09-14 22:11:31.453814
AWB109494,BATCH-C,Bluedart,M-001,Jaipur,Tier-3,WEIGHT_DISPUTE,1.19,1.5,19.0,LOW,2026-09-14 22:11:31.453814
AWB109501,BATCH-A,Delhivery,M-008,Pune,Tier-2,COD_SHORT_REMITTANCE,4771.0,4414.0,357.0,MEDIUM,2026-09-14 22:10:12.726074
AWB109514,BATCH-A,Shiprocket,M-012,Pune,Tier-2,OVERDUE_REMITTANCE,14.0,18.0,3297.0,MEDIUM,2026-09-14 22:11:31.791087
AWB109518,BATCH-C,Delhivery,M-016,Mumbai,Tier-1,PHANTOM_RTO_CHARGE,0.0,152.0,152.0,MEDIUM,2026-09-14 22:11:31.631484
AWB109520,BATCH-B,DTDC,M-016,Delhi,Tier-1,PHANTOM_RTO_CHARGE,0.0,109.0,109.0,MEDIUM,2026-09-14 22:11:31.631484
AWB109527,BATCH-D,DTDC,M-018,Delhi,Tier-1,EXCESS_FORWARD_CHARGE,95.0,114.0,19.0,LOW,2026-09-14 22:11:32.127304
AWB109530,BATCH-A,DTDC,M-018,Lucknow,Tier-3,EXCESS_FORWARD_CHARGE,65.0,78.0,13.0,LOW,2026-09-14 22:11:32.127304
AWB109539,BATCH-A,Bluedart,M-020,Jaipur,Tier-3,WEIGHT_DISPUTE,1.55,1.88,20.0,LOW,2026-09-14 22:11:31.453814
AWB109540,BATCH-B,Delhivery,M-019,Mumbai,Tier-1,PHANTOM_RTO_CHARGE,0.0,188.0,188.0,MEDIUM,2026-09-14 22:11:31.631484
AWB109541,BATCH-B,Shiprocket,M-011,Mumbai,Tier-1,PHANTOM_RTO_CHARGE,0.0,206.0,206.0,MEDIUM,2026-09-14 22:11:31.631484
AWB109561,BATCH-B,Shiprocket,M-012,Mumbai,Tier-1,OVERDUE_REMITTANCE,14.0,18.0,3221.0,MEDIUM,2026-09-14 22:11:31.791087
AWB109564,BATCH-B,DTDC,M-004,Lucknow,Tier-3,EXCESS_FORWARD_CHARGE,95.0,114.0,19.0,LOW,2026-09-14 22:11:32.127304
AWB109571,BATCH-A,DTDC,M-020,Pune,Tier-2,EXCESS_FORWARD_CHARGE,65.0,78.0,13.0,LOW,2026-09-14 22:11:32.127304
AWB109574,BATCH-D,Bluedart,M-011,Lucknow,Tier-3,WEIGHT_DISPUTE,3.39,4.34,57.0,LOW,2026-09-14 22:11:31.453814
AWB109575,BATCH-B,DTDC,M-016,Lucknow,Tier-3,EXCESS_FORWARD_CHARGE,65.0,78.0,13.0,LOW,2026-09-14 22:11:32.127304
AWB109575,BATCH-B,DTDC,M-016,Lucknow,Tier-3,PHANTOM_RTO_CHARGE,0.0,181.0,181.0,MEDIUM,2026-09-14 22:11:31.631484
AWB109576,BATCH-C,DTDC,M-011,Jaipur,Tier-3,PHANTOM_RTO_CHARGE,0.0,176.0,176.0,MEDIUM,2026-09-14 22:11:31.631484
AWB109577,BATCH-B,Kwikship,M-002,Jaipur,Tier-3,PHANTOM_RTO_CHARGE,0.0,149.0,149.0,MEDIUM,2026-09-14 22:11:31.631484
AWB109583,BATCH-B,Shiprocket,M-004,Mumbai,Tier-1,PHANTOM_RTO_CHARGE,0.0,244.0,244.0,MEDIUM,2026-09-14 22:11:31.631484
AWB109588,BATCH-B,Bluedart,M-012,Lucknow,Tier-3,WEIGHT_DISPUTE,1.53,1.91,23.0,LOW,2026-09-14 22:11:31.453814
AWB109590,BATCH-C,Kwikship,M-012,Jaipur,Tier-3,ETA_SLA_BREACH,72.0,134.2,0.0,LOW,2026-09-14 22:11:32.038362
AWB109598,BATCH-B,Shiprocket,M-005,Jaipur,Tier-3,OVERDUE_REMITTANCE,14.0,26.0,2468.0,MEDIUM,2026-09-14 22:11:31.791087
AWB109611,BATCH-C,Kwikship,M-004,Lucknow,Tier-3,ETA_SLA_BREACH,72.0,123.3,0.0,LOW,2026-09-14 22:11:32.038362
AWB109619,BATCH-D,Shiprocket,M-014,Pune,Tier-2,OVERDUE_REMITTANCE,14.0,25.0,0.0,MEDIUM,2026-09-14 22:11:31.791087
AWB109623,BATCH-D,Delhivery,M-001,Jaipur,Tier-3,PHANTOM_RTO_CHARGE,0.0,133.0,133.0,MEDIUM,2026-09-14 22:11:31.631484
AWB109631,BATCH-D,Bluedart,M-005,Lucknow,Tier-3,PHANTOM_RTO_CHARGE,0.0,126.0,126.0,MEDIUM,2026-09-14 22:11:31.631484
AWB109631,BATCH-D,Bluedart,M-005,Lucknow,Tier-3,WEIGHT_DISPUTE,6.36,7.55,71.0,LOW,2026-09-14 22:11:31.453814
AWB109637,BATCH-A,DTDC,M-002,Delhi,Tier-1,EXCESS_FORWARD_CHARGE,65.0,78.0,13.0,LOW,2026-09-14 22:11:32.127304
AWB109642,BATCH-C,Delhivery,M-020,Pune,Tier-2,COD_SHORT_REMITTANCE,3321.0,3131.0,190.0,MEDIUM,2026-09-14 22:10:12.726074
AWB109647,BATCH-C,Bluedart,M-012,Jaipur,Tier-3,WEIGHT_DISPUTE,3.38,4.41,62.0,LOW,2026-09-14 22:11:31.453814
AWB109648,BATCH-D,Delhivery,M-003,Delhi,Tier-1,PHANTOM_RTO_CHARGE,0.0,245.0,245.0,MEDIUM,2026-09-14 22:11:31.631484
AWB109650,BATCH-C,Kwikship,M-006,Jaipur,Tier-3,DUPLICATE_SETTLEMENT,1.0,2.0,0.0,HIGH,2026-09-14 22:11:31.913657
AWB109650,BATCH-DUP,Kwikship,M-006,Jaipur,Tier-3,DUPLICATE_SETTLEMENT,1.0,2.0,0.0,HIGH,2026-09-14 22:11:31.913657
AWB109657,BATCH-D,Delhivery,M-013,Mumbai,Tier-1,COD_SHORT_REMITTANCE,4310.0,4101.0,209.0,MEDIUM,2026-09-14 22:10:12.726074
AWB109661,BATCH-D,Delhivery,M-019,Pune,Tier-2,PHANTOM_RTO_CHARGE,0.0,206.0,206.0,MEDIUM,2026-09-14 22:11:31.631484
AWB109664,BATCH-A,DTDC,M-010,Mumbai,Tier-1,EXCESS_FORWARD_CHARGE,95.0,114.0,19.0,LOW,2026-09-14 22:11:32.127304
AWB109667,BATCH-C,Bluedart,M-015,Pune,Tier-2,PHANTOM_RTO_CHARGE,0.0,186.0,186.0,MEDIUM,2026-09-14 22:11:31.631484
AWB109679,BATCH-B,Kwikship,M-017,Jaipur,Tier-3,ETA_SLA_BREACH,72.0,131.3,0.0,LOW,2026-09-14 22:11:32.038362
AWB109681,BATCH-A,DTDC,M-006,Delhi,Tier-1,EXCESS_FORWARD_CHARGE,95.0,114.0,19.0,LOW,2026-09-14 22:11:32.127304
AWB109684,BATCH-B,Kwikship,M-001,Lucknow,Tier-3,ETA_SLA_BREACH,72.0,133.7,0.0,LOW,2026-09-14 22:11:32.038362
AWB109686,BATCH-D,DTDC,M-015,Indore,Tier-2,EXCESS_FORWARD_CHARGE,95.0,114.0,19.0,LOW,2026-09-14 22:11:32.127304
AWB109694,BATCH-C,Bluedart,M-004,Lucknow,Tier-3,WEIGHT_DISPUTE,4.53,5.71,71.0,LOW,2026-09-14 22:11:31.453814
AWB109712,BATCH-A,Kwikship,M-009,Jaipur,Tier-3,ETA_SLA_BREACH,72.0,140.8,0.0,LOW,2026-09-14 22:11:32.038362
AWB109714,BATCH-A,Shiprocket,M-006,Jaipur,Tier-3,OVERDUE_REMITTANCE,14.0,18.0,0.0,MEDIUM,2026-09-14 22:11:31.791087
AWB109718,BATCH-A,Bluedart,M-017,Lucknow,Tier-3,WEIGHT_DISPUTE,6.01,7.43,85.0,LOW,2026-09-14 22:11:31.453814
AWB109726,BATCH-D,Shiprocket,M-020,Delhi,Tier-1,PHANTOM_RTO_CHARGE,0.0,233.0,233.0,MEDIUM,2026-09-14 22:11:31.631484
AWB109731,BATCH-A,Kwikship,M-003,Lucknow,Tier-3,ETA_SLA_BREACH,72.0,121.5,0.0,LOW,2026-09-14 22:11:32.038362
AWB109732,BATCH-C,Kwikship,M-004,Mumbai,Tier-1,PHANTOM_RTO_CHARGE,0.0,183.0,183.0,MEDIUM,2026-09-14 22:11:31.631484
AWB109734,BATCH-B,Kwikship,M-014,Jaipur,Tier-3,PHANTOM_RTO_CHARGE,0.0,198.0,198.0,MEDIUM,2026-09-14 22:11:31.631484
AWB109735,BATCH-D,DTDC,M-014,Indore,Tier-2,EXCESS_FORWARD_CHARGE,95.0,114.0,19.0,LOW,2026-09-14 22:11:32.127304
AWB109740,BATCH-C,Bluedart,M-016,Jaipur,Tier-3,WEIGHT_DISPUTE,8.01,10.01,120.0,MEDIUM,2026-09-14 22:11:31.453814
AWB109746,BATCH-B,Kwikship,M-013,Delhi,Tier-1,PHANTOM_RTO_CHARGE,0.0,204.0,204.0,MEDIUM,2026-09-14 22:11:31.631484
AWB109747,BATCH-D,Shiprocket,M-014,Mumbai,Tier-1,PHANTOM_RTO_CHARGE,0.0,165.0,165.0,MEDIUM,2026-09-14 22:11:31.631484
AWB109749,BATCH-B,DTDC,M-009,Delhi,Tier-1,EXCESS_FORWARD_CHARGE,95.0,114.0,19.0,LOW,2026-09-14 22:11:32.127304
AWB109752,BATCH-D,Delhivery,M-010,Delhi,Tier-1,COD_SHORT_REMITTANCE,5764.0,5565.0,199.0,MEDIUM,2026-09-14 22:10:12.726074
AWB109752,BATCH-D,Delhivery,M-010,Delhi,Tier-1,DUPLICATE_SETTLEMENT,1.0,2.0,5565.0,HIGH,2026-09-14 22:11:31.913657
AWB109752,BATCH-DUP,Delhivery,M-010,Delhi,Tier-1,COD_SHORT_REMITTANCE,5764.0,5565.0,199.0,MEDIUM,2026-09-14 22:10:12.726074
AWB109752,BATCH-DUP,Delhivery,M-010,Delhi,Tier-1,DUPLICATE_SETTLEMENT,1.0,2.0,5565.0,HIGH,2026-09-14 22:11:31.913657
AWB109753,BATCH-A,Shiprocket,M-008,Pune,Tier-2,OVERDUE_REMITTANCE,14.0,25.0,0.0,MEDIUM,2026-09-14 22:11:31.791087
AWB109755,BATCH-B,Bluedart,M-010,Lucknow,Tier-3,WEIGHT_DISPUTE,8.22,9.85,98.0,LOW,2026-09-14 22:11:31.453814
AWB109757,BATCH-D,Delhivery,M-018,Indore,Tier-2,COD_SHORT_REMITTANCE,4859.0,4521.0,338.0,MEDIUM,2026-09-14 22:10:12.726074
AWB109757,BATCH-D,Delhivery,M-018,Indore,Tier-2,PHANTOM_RTO_CHARGE,0.0,174.0,174.0,MEDIUM,2026-09-14 22:11:31.631484
AWB109764,BATCH-B,Shiprocket,M-005,Delhi,Tier-1,OVERDUE_REMITTANCE,14.0,24.0,0.0,MEDIUM,2026-09-14 22:11:31.791087
AWB109765,BATCH-C,DTDC,M-016,Jaipur,Tier-3,EXCESS_FORWARD_CHARGE,95.0,114.0,19.0,LOW,2026-09-14 22:11:32.127304
AWB109767,BATCH-D,DTDC,M-010,Mumbai,Tier-1,EXCESS_FORWARD_CHARGE,65.0,78.0,13.0,LOW,2026-09-14 22:11:32.127304
AWB109773,BATCH-D,Delhivery,M-018,Mumbai,Tier-1,COD_SHORT_REMITTANCE,5846.0,5637.0,209.0,MEDIUM,2026-09-14 22:10:12.726074
AWB109774,BATCH-B,DTDC,M-006,Pune,Tier-2,EXCESS_FORWARD_CHARGE,95.0,114.0,19.0,LOW,2026-09-14 22:11:32.127304
AWB109782,BATCH-C,Bluedart,M-020,Jaipur,Tier-3,WEIGHT_DISPUTE,1.4,1.82,26.0,LOW,2026-09-14 22:11:31.453814
AWB109787,BATCH-D,Delhivery,M-011,Lucknow,Tier-3,PHANTOM_RTO_CHARGE,0.0,202.0,202.0,MEDIUM,2026-09-14 22:11:31.631484
AWB109796,BATCH-A,Delhivery,M-017,Mumbai,Tier-1,PHANTOM_RTO_CHARGE,0.0,110.0,110.0,MEDIUM,2026-09-14 22:11:31.631484
AWB109798,BATCH-D,Shiprocket,M-010,Mumbai,Tier-1,OVERDUE_REMITTANCE,14.0,20.0,2193.0,MEDIUM,2026-09-14 22:11:31.791087
AWB109804,BATCH-A,Bluedart,M-004,Lucknow,Tier-3,WEIGHT_DISPUTE,1.02,1.26,15.0,LOW,2026-09-14 22:11:31.453814
AWB109806,BATCH-D,Kwikship,M-003,Lucknow,Tier-3,ETA_SLA_BREACH,72.0,120.3,0.0,LOW,2026-09-14 22:11:32.038362
AWB109807,BATCH-A,DTDC,M-014,Delhi,Tier-1,EXCESS_FORWARD_CHARGE,95.0,114.0,19.0,LOW,2026-09-14 22:11:32.127304
AWB109817,BATCH-B,Delhivery,M-019,Delhi,Tier-1,COD_SHORT_REMITTANCE,5157.0,4881.0,276.0,MEDIUM,2026-09-14 22:10:12.726074
AWB109821,BATCH-A,Delhivery,M-007,Delhi,Tier-1,COD_SHORT_REMITTANCE,5223.0,5064.0,159.0,MEDIUM,2026-09-14 22:10:12.726074
AWB109822,BATCH-C,Kwikship,M-012,Jaipur,Tier-3,PHANTOM_RTO_CHARGE,0.0,226.0,226.0,MEDIUM,2026-09-14 22:11:31.631484
AWB109825,BATCH-A,Kwikship,M-001,Jaipur,Tier-3,ETA_SLA_BREACH,72.0,108.6,0.0,LOW,2026-09-14 22:11:32.038362
AWB109828,BATCH-C,DTDC,M-001,Jaipur,Tier-3,DUPLICATE_SETTLEMENT,1.0,2.0,0.0,HIGH,2026-09-14 22:11:31.913657
AWB109828,BATCH-DUP,DTDC,M-001,Jaipur,Tier-3,DUPLICATE_SETTLEMENT,1.0,2.0,0.0,HIGH,2026-09-14 22:11:31.913657
AWB109830,BATCH-C,Shiprocket,M-013,Delhi,Tier-1,OVERDUE_REMITTANCE,14.0,19.0,3620.0,MEDIUM,2026-09-14 22:11:31.791087
AWB109835,BATCH-C,Shiprocket,M-007,Delhi,Tier-1,PHANTOM_RTO_CHARGE,0.0,245.0,245.0,MEDIUM,2026-09-14 22:11:31.631484
AWB109847,BATCH-C,Delhivery,M-002,Jaipur,Tier-3,PHANTOM_RTO_CHARGE,0.0,130.0,130.0,MEDIUM,2026-09-14 22:11:31.631484
AWB109849,BATCH-D,Shiprocket,M-012,Lucknow,Tier-3,OVERDUE_REMITTANCE,14.0,18.0,649.0,MEDIUM,2026-09-14 22:11:31.791087
AWB109852,BATCH-B,Shiprocket,M-014,Jaipur,Tier-3,OVERDUE_REMITTANCE,14.0,18.0,1611.0,MEDIUM,2026-09-14 22:11:31.791087
AWB109854,BATCH-A,Kwikship,M-008,Mumbai,Tier-1,PHANTOM_RTO_CHARGE,0.0,239.0,239.0,MEDIUM,2026-09-14 22:11:31.631484
AWB109856,BATCH-B,Delhivery,M-009,Indore,Tier-2,COD_SHORT_REMITTANCE,4200.0,3902.0,298.0,MEDIUM,2026-09-14 22:10:12.726074
AWB109860,BATCH-D,DTDC,M-002,Mumbai,Tier-1,EXCESS_FORWARD_CHARGE,95.0,114.0,19.0,LOW,2026-09-14 22:11:32.127304
AWB109861,BATCH-C,Bluedart,M-013,Lucknow,Tier-3,WEIGHT_DISPUTE,3.89,4.6,43.0,LOW,2026-09-14 22:11:31.453814
AWB109862,BATCH-D,Kwikship,M-020,Lucknow,Tier-3,ETA_SLA_BREACH,72.0,123.3,0.0,LOW,2026-09-14 22:11:32.038362
AWB109873,BATCH-D,Delhivery,M-002,Pune,Tier-2,COD_SHORT_REMITTANCE,5105.0,4845.0,260.0,MEDIUM,2026-09-14 22:10:12.726074
AWB109874,BATCH-A,Delhivery,M-017,Lucknow,Tier-3,COD_SHORT_REMITTANCE,4851.0,4547.0,304.0,MEDIUM,2026-09-14 22:10:12.726074
AWB109877,BATCH-A,DTDC,M-007,Delhi,Tier-1,EXCESS_FORWARD_CHARGE,42.0,50.0,8.0,LOW,2026-09-14 22:11:32.127304
AWB109877,BATCH-A,DTDC,M-007,Delhi,Tier-1,PHANTOM_RTO_CHARGE,0.0,117.0,117.0,MEDIUM,2026-09-14 22:11:31.631484
AWB109892,BATCH-C,Kwikship,M-014,Lucknow,Tier-3,ETA_SLA_BREACH,72.0,116.9,0.0,LOW,2026-09-14 22:11:32.038362
AWB109897,BATCH-D,Kwikship,M-018,Jaipur,Tier-3,ETA_SLA_BREACH,72.0,143.5,0.0,LOW,2026-09-14 22:11:32.038362
AWB109900,BATCH-C,Bluedart,M-012,Jaipur,Tier-3,PHANTOM_RTO_CHARGE,0.0,102.0,102.0,MEDIUM,2026-09-14 22:11:31.631484
AWB109900,BATCH-C,Bluedart,M-012,Jaipur,Tier-3,WEIGHT_DISPUTE,3.74,4.52,46.0,LOW,2026-09-14 22:11:31.453814
AWB109903,BATCH-D,DTDC,M-019,Mumbai,Tier-1,EXCESS_FORWARD_CHARGE,42.0,50.0,8.0,LOW,2026-09-14 22:11:32.127304
AWB109904,BATCH-B,Shiprocket,M-006,Pune,Tier-2,DUPLICATE_SETTLEMENT,1.0,2.0,0.0,HIGH,2026-09-14 22:11:31.913657
AWB109904,BATCH-DUP,Shiprocket,M-006,Pune,Tier-2,DUPLICATE_SETTLEMENT,1.0,2.0,0.0,HIGH,2026-09-14 22:11:31.913657
AWB109905,BATCH-C,Bluedart,M-010,Mumbai,Tier-1,PHANTOM_RTO_CHARGE,0.0,149.0,149.0,MEDIUM,2026-09-14 22:11:31.631484
AWB109909,BATCH-B,DTDC,M-019,Mumbai,Tier-1,EXCESS_FORWARD_CHARGE,42.0,50.0,8.0,LOW,2026-09-14 22:11:32.127304
AWB109910,BATCH-B,Kwikship,M-019,Mumbai,Tier-1,PHANTOM_RTO_CHARGE,0.0,228.0,228.0,MEDIUM,2026-09-14 22:11:31.631484
AWB109912,BATCH-A,Delhivery,M-013,Pune,Tier-2,COD_SHORT_REMITTANCE,3430.0,3220.0,210.0,MEDIUM,2026-09-14 22:10:12.726074
AWB109917,BATCH-A,DTDC,M-013,Jaipur,Tier-3,EXCESS_FORWARD_CHARGE,95.0,114.0,19.0,LOW,2026-09-14 22:11:32.127304
AWB109928,BATCH-D,Bluedart,M-017,Jaipur,Tier-3,PHANTOM_RTO_CHARGE,0.0,101.0,101.0,MEDIUM,2026-09-14 22:11:31.631484
AWB109939,BATCH-A,Delhivery,M-009,Pune,Tier-2,COD_SHORT_REMITTANCE,3919.0,3669.0,250.0,MEDIUM,2026-09-14 22:10:12.726074
AWB109945,BATCH-A,Shiprocket,M-008,Mumbai,Tier-1,OVERDUE_REMITTANCE,14.0,24.0,0.0,MEDIUM,2026-09-14 22:11:31.791087
AWB109948,BATCH-D,DTDC,M-020,Pune,Tier-2,EXCESS_FORWARD_CHARGE,95.0,114.0,19.0,LOW,2026-09-14 22:11:32.127304
AWB109951,BATCH-D,Bluedart,M-005,Jaipur,Tier-3,WEIGHT_DISPUTE,7.71,9.66,117.0,MEDIUM,2026-09-14 22:11:31.453814
AWB109958,BATCH-B,Bluedart,M-016,Lucknow,Tier-3,PHANTOM_RTO_CHARGE,0.0,194.0,194.0,MEDIUM,2026-09-14 22:11:31.631484
AWB109958,BATCH-B,Bluedart,M-016,Lucknow,Tier-3,WEIGHT_DISPUTE,5.79,7.15,82.0,LOW,2026-09-14 22:11:31.453814
AWB109961,BATCH-A,Bluedart,M-019,Lucknow,Tier-3,WEIGHT_DISPUTE,4.58,5.87,78.0,LOW,2026-09-14 22:11:31.453814
AWB109964,BATCH-A,DTDC,M-011,Lucknow,Tier-3,PHANTOM_RTO_CHARGE,0.0,158.0,158.0,MEDIUM,2026-09-14 22:11:31.631484
AWB109966,BATCH-A,Shiprocket,M-009,Pune,Tier-2,DUPLICATE_SETTLEMENT,1.0,2.0,0.0,HIGH,2026-09-14 22:11:31.913657
AWB109966,BATCH-DUP,Shiprocket,M-009,Pune,Tier-2,DUPLICATE_SETTLEMENT,1.0,2.0,0.0,HIGH,2026-09-14 22:11:31.913657
AWB109968,BATCH-A,Delhivery,M-019,Mumbai,Tier-1,COD_SHORT_REMITTANCE,4337.0,4104.0,233.0,MEDIUM,2026-09-14 22:10:12.726074
AWB109969,BATCH-D,Kwikship,M-004,Lucknow,Tier-3,ETA_SLA_BREACH,72.0,117.8,0.0,LOW,2026-09-14 22:11:32.038362
AWB109971,BATCH-D,Shiprocket,M-005,Jaipur,Tier-3,OVERDUE_REMITTANCE,14.0,26.0,5599.0,MEDIUM,2026-09-14 22:11:31.791087
AWB109974,BATCH-A,Kwikship,M-019,Jaipur,Tier-3,ETA_SLA_BREACH,72.0,129.7,0.0,LOW,2026-09-14 22:11:32.038362
AWB109980,BATCH-C,Shiprocket,M-015,Pune,Tier-2,OVERDUE_REMITTANCE,14.0,20.0,0.0,MEDIUM,2026-09-14 22:11:31.791087
AWB109981,BATCH-C,DTDC,M-020,Lucknow,Tier-3,PHANTOM_RTO_CHARGE,0.0,195.0,195.0,MEDIUM,2026-09-14 22:11:31.631484
AWB109982,BATCH-D,Delhivery,M-001,Jaipur,Tier-3,PHANTOM_RTO_CHARGE,0.0,131.0,131.0,MEDIUM,2026-09-14 22:11:31.631484
AWB109988,BATCH-D,Shiprocket,M-018,Lucknow,Tier-3,OVERDUE_REMITTANCE,14.0,23.0,662.0,MEDIUM,2026-09-14 22:11:31.791087
AWB109989,BATCH-B,DTDC,M-011,Jaipur,Tier-3,EXCESS_FORWARD_CHARGE,65.0,78.0,13.0,LOW,2026-09-14 22:11:32.127304
AWB109991,BATCH-D,Kwikship,M-001,Lucknow,Tier-3,ETA_SLA_BREACH,72.0,102.3,0.0,LOW,2026-09-14 22:11:32.038362
AWB110006,BATCH-A,Kwikship,M-018,Jaipur,Tier-3,ETA_SLA_BREACH,72.0,104.0,0.0,LOW,2026-09-14 22:11:32.038362
AWB110006,BATCH-A,Kwikship,M-018,Jaipur,Tier-3,PHANTOM_RTO_CHARGE,0.0,150.0,150.0,MEDIUM,2026-09-14 22:11:31.631484
AWB110010,BATCH-A,Delhivery,M-002,Delhi,Tier-1,COD_SHORT_REMITTANCE,4264.0,4133.0,131.0,MEDIUM,2026-09-14 22:10:12.726074
AWB110016,BATCH-D,DTDC,M-008,Pune,Tier-2,EXCESS_FORWARD_CHARGE,95.0,114.0,19.0,LOW,2026-09-14 22:11:32.127304
AWB110020,BATCH-C,Delhivery,M-005,Lucknow,Tier-3,COD_SHORT_REMITTANCE,3125.0,2878.0,247.0,MEDIUM,2026-09-14 22:10:12.726074
AWB110021,BATCH-B,Delhivery,M-003,Indore,Tier-2,COD_SHORT_REMITTANCE,3714.0,3459.0,255.0,MEDIUM,2026-09-14 22:10:12.726074
AWB110026,BATCH-C,Shiprocket,M-015,Lucknow,Tier-3,DUPLICATE_SETTLEMENT,1.0,2.0,0.0,HIGH,2026-09-14 22:11:31.913657
AWB110026,BATCH-DUP,Shiprocket,M-015,Lucknow,Tier-3,DUPLICATE_SETTLEMENT,1.0,2.0,0.0,HIGH,2026-09-14 22:11:31.913657
AWB110028,BATCH-A,DTDC,M-020,Lucknow,Tier-3,EXCESS_FORWARD_CHARGE,95.0,114.0,19.0,LOW,2026-09-14 22:11:32.127304
AWB110029,BATCH-D,Delhivery,M-004,Delhi,Tier-1,COD_SHORT_REMITTANCE,4481.0,4141.0,340.0,MEDIUM,2026-09-14 22:10:12.726074
AWB110030,BATCH-C,DTDC,M-003,Delhi,Tier-1,PHANTOM_RTO_CHARGE,0.0,111.0,111.0,MEDIUM,2026-09-14 22:11:31.631484
AWB110032,BATCH-D,DTDC,M-015,Mumbai,Tier-1,PHANTOM_RTO_CHARGE,0.0,128.0,128.0,MEDIUM,2026-09-14 22:11:31.631484
AWB110039,BATCH-A,Kwikship,M-003,Jaipur,Tier-3,ETA_SLA_BREACH,72.0,116.9,0.0,LOW,2026-09-14 22:11:32.038362
AWB110039,BATCH-A,Kwikship,M-003,Jaipur,Tier-3,PHANTOM_RTO_CHARGE,0.0,169.0,169.0,MEDIUM,2026-09-14 22:11:31.631484
AWB110043,BATCH-C,Kwikship,M-006,Jaipur,Tier-3,ETA_SLA_BREACH,72.0,108.4,0.0,LOW,2026-09-14 22:11:32.038362
AWB110048,BATCH-A,Bluedart,M-007,Jaipur,Tier-3,WEIGHT_DISPUTE,3.26,4.05,47.0,LOW,2026-09-14 22:11:31.453814
AWB110059,BATCH-B,Bluedart,M-015,Lucknow,Tier-3,WEIGHT_DISPUTE,1.67,2.04,22.0,LOW,2026-09-14 22:11:31.453814
AWB110061,BATCH-C,DTDC,M-009,Indore,Tier-2,PHANTOM_RTO_CHARGE,0.0,137.0,137.0,MEDIUM,2026-09-14 22:11:31.631484
AWB110062,BATCH-A,Shiprocket,M-009,Pune,Tier-2,PHANTOM_RTO_CHARGE,0.0,130.0,130.0,MEDIUM,2026-09-14 22:11:31.631484
AWB110063,BATCH-A,Kwikship,M-002,Jaipur,Tier-3,ETA_SLA_BREACH,72.0,118.7,0.0,LOW,2026-09-14 22:11:32.038362
AWB110065,BATCH-D,Bluedart,M-004,Indore,Tier-2,PHANTOM_RTO_CHARGE,0.0,201.0,201.0,MEDIUM,2026-09-14 22:11:31.631484
AWB110066,BATCH-D,DTDC,M-006,Indore,Tier-2,EXCESS_FORWARD_CHARGE,95.0,114.0,19.0,LOW,2026-09-14 22:11:32.127304
AWB110069,BATCH-A,DTDC,M-018,Pune,Tier-2,EXCESS_FORWARD_CHARGE,65.0,78.0,13.0,LOW,2026-09-14 22:11:32.127304
AWB110073,BATCH-B,DTDC,M-001,Delhi,Tier-1,EXCESS_FORWARD_CHARGE,95.0,114.0,19.0,LOW,2026-09-14 22:11:32.127304
AWB110075,BATCH-A,Delhivery,M-020,Lucknow,Tier-3,COD_SHORT_REMITTANCE,3308.0,3109.0,199.0,MEDIUM,2026-09-14 22:10:12.726074
AWB110076,BATCH-D,DTDC,M-002,Delhi,Tier-1,EXCESS_FORWARD_CHARGE,65.0,78.0,13.0,LOW,2026-09-14 22:11:32.127304
AWB110085,BATCH-A,Kwikship,M-004,Jaipur,Tier-3,ETA_SLA_BREACH,72.0,139.1,0.0,LOW,2026-09-14 22:11:32.038362
AWB110085,BATCH-A,Kwikship,M-004,Jaipur,Tier-3,PHANTOM_RTO_CHARGE,0.0,118.0,118.0,MEDIUM,2026-09-14 22:11:31.631484
AWB110087,BATCH-C,DTDC,M-011,Delhi,Tier-1,EXCESS_FORWARD_CHARGE,95.0,114.0,19.0,LOW,2026-09-14 22:11:32.127304
AWB110089,BATCH-B,Delhivery,M-008,Lucknow,Tier-3,COD_SHORT_REMITTANCE,4994.0,4666.0,328.0,MEDIUM,2026-09-14 22:10:12.726074
AWB110091,BATCH-A,Shiprocket,M-017,Jaipur,Tier-3,OVERDUE_REMITTANCE,14.0,21.0,2334.0,MEDIUM,2026-09-14 22:11:31.791087
AWB110094,BATCH-D,DTDC,M-015,Pune,Tier-2,EXCESS_FORWARD_CHARGE,95.0,114.0,19.0,LOW,2026-09-14 22:11:32.127304
AWB110095,BATCH-B,Bluedart,M-015,Jaipur,Tier-3,WEIGHT_DISPUTE,5.12,6.11,59.0,LOW,2026-09-14 22:11:31.453814
AWB110098,BATCH-A,Bluedart,M-009,Jaipur,Tier-3,WEIGHT_DISPUTE,7.14,9.35,133.0,MEDIUM,2026-09-14 22:11:31.453814
AWB110101,BATCH-A,DTDC,M-018,Lucknow,Tier-3,EXCESS_FORWARD_CHARGE,65.0,78.0,13.0,LOW,2026-09-14 22:11:32.127304
AWB110103,BATCH-B,Bluedart,M-014,Jaipur,Tier-3,WEIGHT_DISPUTE,3.31,4.13,50.0,LOW,2026-09-14 22:11:31.453814
AWB110106,BATCH-D,Kwikship,M-009,Jaipur,Tier-3,ETA_SLA_BREACH,72.0,116.6,0.0,LOW,2026-09-14 22:11:32.038362
AWB110113,BATCH-A,DTDC,M-008,Indore,Tier-2,EXCESS_FORWARD_CHARGE,95.0,114.0,19.0,LOW,2026-09-14 22:11:32.127304
AWB110114,BATCH-C,Delhivery,M-009,Pune,Tier-2,COD_SHORT_REMITTANCE,4800.0,4562.0,238.0,MEDIUM,2026-09-14 22:10:12.726074
AWB110116,BATCH-D,Bluedart,M-008,Indore,Tier-2,PHANTOM_RTO_CHARGE,0.0,194.0,194.0,MEDIUM,2026-09-14 22:11:31.631484
AWB110123,BATCH-C,Delhivery,M-019,Delhi,Tier-1,COD_SHORT_REMITTANCE,5667.0,5213.0,454.0,MEDIUM,2026-09-14 22:10:12.726074
AWB110124,BATCH-C,Kwikship,M-011,Pune,Tier-2,PHANTOM_RTO_CHARGE,0.0,153.0,153.0,MEDIUM,2026-09-14 22:11:31.631484
AWB110126,BATCH-C,DTDC,M-009,Jaipur,Tier-3,EXCESS_FORWARD_CHARGE,95.0,114.0,19.0,LOW,2026-09-14 22:11:32.127304
AWB110127,BATCH-A,Bluedart,M-005,Jaipur,Tier-3,WEIGHT_DISPUTE,1.27,1.54,16.0,LOW,2026-09-14 22:11:31.453814
AWB110131,BATCH-B,Kwikship,M-001,Mumbai,Tier-1,PHANTOM_RTO_CHARGE,0.0,219.0,219.0,MEDIUM,2026-09-14 22:11:31.631484
AWB110138,BATCH-B,Shiprocket,M-005,Pune,Tier-2,OVERDUE_REMITTANCE,14.0,27.0,0.0,MEDIUM,2026-09-14 22:11:31.791087
AWB110140,BATCH-D,Bluedart,M-016,Jaipur,Tier-3,WEIGHT_DISPUTE,2.59,3.08,29.0,LOW,2026-09-14 22:11:31.453814
AWB110147,BATCH-B,Shiprocket,M-015,Delhi,Tier-1,OVERDUE_REMITTANCE,14.0,18.0,0.0,MEDIUM,2026-09-14 22:11:31.791087
AWB110148,BATCH-D,Shiprocket,M-002,Pune,Tier-2,OVERDUE_REMITTANCE,14.0,21.0,5678.0,MEDIUM,2026-09-14 22:11:31.791087
AWB110149,BATCH-D,Delhivery,M-001,Delhi,Tier-1,DUPLICATE_SETTLEMENT,1.0,2.0,0.0,HIGH,2026-09-14 22:11:31.913657
AWB110149,BATCH-DUP,Delhivery,M-001,Delhi,Tier-1,DUPLICATE_SETTLEMENT,1.0,2.0,0.0,HIGH,2026-09-14 22:11:31.913657
AWB110156,BATCH-A,Shiprocket,M-005,Pune,Tier-2,PHANTOM_RTO_CHARGE,0.0,218.0,218.0,MEDIUM,2026-09-14 22:11:31.631484
AWB110162,BATCH-B,Bluedart,M-003,Lucknow,Tier-3,WEIGHT_DISPUTE,3.05,3.84,47.0,LOW,2026-09-14 22:11:31.453814
AWB110169,BATCH-D,Delhivery,M-009,Lucknow,Tier-3,PHANTOM_RTO_CHARGE,0.0,153.0,153.0,MEDIUM,2026-09-14 22:11:31.631484
AWB110170,BATCH-D,Bluedart,M-003,Jaipur,Tier-3,WEIGHT_DISPUTE,4.56,5.9,80.0,LOW,2026-09-14 22:11:31.453814
AWB110174,BATCH-A,DTDC,M-014,Mumbai,Tier-1,EXCESS_FORWARD_CHARGE,95.0,114.0,19.0,LOW,2026-09-14 22:11:32.127304
AWB110177,BATCH-B,Bluedart,M-011,Delhi,Tier-1,PHANTOM_RTO_CHARGE,0.0,111.0,111.0,MEDIUM,2026-09-14 22:11:31.631484
AWB110185,BATCH-C,Kwikship,M-007,Jaipur,Tier-3,ETA_SLA_BREACH,72.0,122.5,0.0,LOW,2026-09-14 22:11:32.038362
AWB110187,BATCH-A,Bluedart,M-003,Lucknow,Tier-3,WEIGHT_DISPUTE,6.13,7.38,75.0,LOW,2026-09-14 22:11:31.453814
AWB110189,BATCH-D,DTDC,M-006,Pune,Tier-2,EXCESS_FORWARD_CHARGE,65.0,78.0,13.0,LOW,2026-09-14 22:11:32.127304
AWB110194,BATCH-C,DTDC,M-016,Delhi,Tier-1,EXCESS_FORWARD_CHARGE,65.0,78.0,13.0,LOW,2026-09-14 22:11:32.127304
AWB110195,BATCH-B,Bluedart,M-020,Lucknow,Tier-3,WEIGHT_DISPUTE,0.92,1.21,17.0,LOW,2026-09-14 22:11:31.453814
AWB110200,BATCH-D,Delhivery,M-005,Delhi,Tier-1,PHANTOM_RTO_CHARGE,0.0,243.0,243.0,MEDIUM,2026-09-14 22:11:31.631484
AWB110205,BATCH-B,DTDC,M-009,Mumbai,Tier-1,EXCESS_FORWARD_CHARGE,65.0,78.0,13.0,LOW,2026-09-14 22:11:32.127304
AWB110208,BATCH-D,DTDC,M-007,Indore,Tier-2,EXCESS_FORWARD_CHARGE,95.0,114.0,19.0,LOW,2026-09-14 22:11:32.127304
AWB110212,BATCH-C,Delhivery,M-005,Indore,Tier-2,COD_SHORT_REMITTANCE,5329.0,5009.0,320.0,MEDIUM,2026-09-14 22:10:12.726074
AWB110214,BATCH-D,Kwikship,M-004,Lucknow,Tier-3,ETA_SLA_BREACH,72.0,143.1,0.0,LOW,2026-09-14 22:11:32.038362
AWB110216,BATCH-C,DTDC,M-018,Indore,Tier-2,EXCESS_FORWARD_CHARGE,95.0,114.0,19.0,LOW,2026-09-14 22:11:32.127304
AWB110216,BATCH-C,DTDC,M-018,Indore,Tier-2,PHANTOM_RTO_CHARGE,0.0,222.0,222.0,MEDIUM,2026-09-14 22:11:31.631484
AWB110218,BATCH-C,DTDC,M-009,Jaipur,Tier-3,EXCESS_FORWARD_CHARGE,95.0,114.0,19.0,LOW,2026-09-14 22:11:32.127304
AWB110221,BATCH-D,Kwikship,M-015,Indore,Tier-2,PHANTOM_RTO_CHARGE,0.0,116.0,116.0,MEDIUM,2026-09-14 22:11:31.631484
AWB110224,BATCH-C,Kwikship,M-003,Jaipur,Tier-3,ETA_SLA_BREACH,72.0,127.2,0.0,LOW,2026-09-14 22:11:32.038362
AWB110226,BATCH-B,Kwikship,M-004,Indore,Tier-2,PHANTOM_RTO_CHARGE,0.0,148.0,148.0,MEDIUM,2026-09-14 22:11:31.631484
AWB110229,BATCH-D,DTDC,M-006,Delhi,Tier-1,EXCESS_FORWARD_CHARGE,95.0,114.0,19.0,LOW,2026-09-14 22:11:32.127304
AWB110236,BATCH-B,Delhivery,M-017,Indore,Tier-2,PHANTOM_RTO_CHARGE,0.0,119.0,119.0,MEDIUM,2026-09-14 22:11:31.631484
AWB110245,BATCH-A,Shiprocket,M-005,Indore,Tier-2,OVERDUE_REMITTANCE,14.0,23.0,0.0,MEDIUM,2026-09-14 22:11:31.791087
AWB110248,BATCH-D,DTDC,M-008,Jaipur,Tier-3,PHANTOM_RTO_CHARGE,0.0,163.0,163.0,MEDIUM,2026-09-14 22:11:31.631484
AWB110250,BATCH-A,DTDC,M-015,Pune,Tier-2,EXCESS_FORWARD_CHARGE,42.0,50.0,8.0,LOW,2026-09-14 22:11:32.127304
AWB110254,BATCH-D,DTDC,M-015,Lucknow,Tier-3,EXCESS_FORWARD_CHARGE,65.0,78.0,13.0,LOW,2026-09-14 22:11:32.127304
AWB110255,BATCH-A,Delhivery,M-010,Lucknow,Tier-3,PHANTOM_RTO_CHARGE,0.0,211.0,211.0,MEDIUM,2026-09-14 22:11:31.631484
AWB110256,BATCH-D,Kwikship,M-011,Jaipur,Tier-3,ETA_SLA_BREACH,72.0,126.7,0.0,LOW,2026-09-14 22:11:32.038362
AWB110256,BATCH-D,Kwikship,M-011,Jaipur,Tier-3,PHANTOM_RTO_CHARGE,0.0,140.0,140.0,MEDIUM,2026-09-14 22:11:31.631484
AWB110260,BATCH-D,Delhivery,M-002,Pune,Tier-2,COD_SHORT_REMITTANCE,5938.0,5555.0,383.0,MEDIUM,2026-09-14 22:10:12.726074
AWB110261,BATCH-B,Shiprocket,M-020,Jaipur,Tier-3,OVERDUE_REMITTANCE,14.0,25.0,0.0,MEDIUM,2026-09-14 22:11:31.791087
AWB110263,BATCH-D,DTDC,M-014,Jaipur,Tier-3,EXCESS_FORWARD_CHARGE,65.0,78.0,13.0,LOW,2026-09-14 22:11:32.127304
AWB110264,BATCH-D,Delhivery,M-018,Lucknow,Tier-3,PHANTOM_RTO_CHARGE,0.0,108.0,108.0,MEDIUM,2026-09-14 22:11:31.631484
AWB110267,BATCH-A,Bluedart,M-016,Lucknow,Tier-3,WEIGHT_DISPUTE,0.82,1.06,15.0,LOW,2026-09-14 22:11:31.453814
AWB110270,BATCH-B,Kwikship,M-013,Jaipur,Tier-3,ETA_SLA_BREACH,72.0,130.3,0.0,LOW,2026-09-14 22:11:32.038362
AWB110275,BATCH-C,Kwikship,M-001,Jaipur,Tier-3,ETA_SLA_BREACH,72.0,138.0,0.0,LOW,2026-09-14 22:11:32.038362
AWB110275,BATCH-C,Kwikship,M-001,Jaipur,Tier-3,PHANTOM_RTO_CHARGE,0.0,193.0,193.0,MEDIUM,2026-09-14 22:11:31.631484
AWB110277,BATCH-A,DTDC,M-019,Jaipur,Tier-3,EXCESS_FORWARD_CHARGE,95.0,114.0,19.0,LOW,2026-09-14 22:11:32.127304
AWB110283,BATCH-C,Bluedart,M-016,Jaipur,Tier-3,WEIGHT_DISPUTE,1.72,2.15,26.0,LOW,2026-09-14 22:11:31.453814
AWB110291,BATCH-A,Kwikship,M-001,Jaipur,Tier-3,ETA_SLA_BREACH,72.0,115.9,0.0,LOW,2026-09-14 22:11:32.038362
AWB110293,BATCH-A,Kwikship,M-002,Mumbai,Tier-1,PHANTOM_RTO_CHARGE,0.0,101.0,101.0,MEDIUM,2026-09-14 22:11:31.631484
AWB110306,BATCH-B,DTDC,M-005,Delhi,Tier-1,EXCESS_FORWARD_CHARGE,95.0,114.0,19.0,LOW,2026-09-14 22:11:32.127304
AWB110307,BATCH-D,DTDC,M-009,Delhi,Tier-1,EXCESS_FORWARD_CHARGE,95.0,114.0,19.0,LOW,2026-09-14 22:11:32.127304
AWB110307,BATCH-D,DTDC,M-009,Delhi,Tier-1,PHANTOM_RTO_CHARGE,0.0,218.0,218.0,MEDIUM,2026-09-14 22:11:31.631484
AWB110308,BATCH-A,DTDC,M-003,Delhi,Tier-1,EXCESS_FORWARD_CHARGE,42.0,50.0,8.0,LOW,2026-09-14 22:11:32.127304
AWB110309,BATCH-A,Delhivery,M-006,Indore,Tier-2,PHANTOM_RTO_CHARGE,0.0,231.0,231.0,MEDIUM,2026-09-14 22:11:31.631484
AWB110310,BATCH-C,DTDC,M-004,Jaipur,Tier-3,EXCESS_FORWARD_CHARGE,95.0,114.0,19.0,LOW,2026-09-14 22:11:32.127304
AWB110312,BATCH-D,DTDC,M-011,Lucknow,Tier-3,EXCESS_FORWARD_CHARGE,65.0,78.0,13.0,LOW,2026-09-14 22:11:32.127304
AWB110316,BATCH-A,DTDC,M-012,Pune,Tier-2,EXCESS_FORWARD_CHARGE,65.0,78.0,13.0,LOW,2026-09-14 22:11:32.127304
AWB110318,BATCH-D,DTDC,M-006,Indore,Tier-2,EXCESS_FORWARD_CHARGE,95.0,114.0,19.0,LOW,2026-09-14 22:11:32.127304
AWB110321,BATCH-A,Shiprocket,M-005,Delhi,Tier-1,OVERDUE_REMITTANCE,14.0,22.0,2732.0,MEDIUM,2026-09-14 22:11:31.791087
AWB110322,BATCH-C,DTDC,M-014,Pune,Tier-2,EXCESS_FORWARD_CHARGE,65.0,78.0,13.0,LOW,2026-09-14 22:11:32.127304
AWB110335,BATCH-A,DTDC,M-018,Mumbai,Tier-1,EXCESS_FORWARD_CHARGE,95.0,114.0,19.0,LOW,2026-09-14 22:11:32.127304
AWB110340,BATCH-D,DTDC,M-006,Delhi,Tier-1,EXCESS_FORWARD_CHARGE,95.0,114.0,19.0,LOW,2026-09-14 22:11:32.127304
AWB110342,BATCH-D,Kwikship,M-014,Mumbai,Tier-1,PHANTOM_RTO_CHARGE,0.0,212.0,212.0,MEDIUM,2026-09-14 22:11:31.631484
AWB110344,BATCH-D,Delhivery,M-017,Jaipur,Tier-3,COD_SHORT_REMITTANCE,5510.0,5100.0,410.0,MEDIUM,2026-09-14 22:10:12.726074
AWB110348,BATCH-C,Shiprocket,M-014,Jaipur,Tier-3,PHANTOM_RTO_CHARGE,0.0,191.0,191.0,MEDIUM,2026-09-14 22:11:31.631484
AWB110351,BATCH-B,Kwikship,M-004,Jaipur,Tier-3,ETA_SLA_BREACH,72.0,116.0,0.0,LOW,2026-09-14 22:11:32.038362
AWB110351,BATCH-B,Kwikship,M-004,Jaipur,Tier-3,PHANTOM_RTO_CHARGE,0.0,249.0,249.0,MEDIUM,2026-09-14 22:11:31.631484
AWB110356,BATCH-D,DTDC,M-013,Jaipur,Tier-3,EXCESS_FORWARD_CHARGE,95.0,114.0,19.0,LOW,2026-09-14 22:11:32.127304
AWB110357,BATCH-D,Shiprocket,M-010,Jaipur,Tier-3,OVERDUE_REMITTANCE,14.0,25.0,0.0,MEDIUM,2026-09-14 22:11:31.791087
AWB110358,BATCH-A,DTDC,M-009,Lucknow,Tier-3,EXCESS_FORWARD_CHARGE,95.0,114.0,19.0,LOW,2026-09-14 22:11:32.127304
AWB110359,BATCH-D,Bluedart,M-005,Lucknow,Tier-3,WEIGHT_DISPUTE,2.64,3.29,39.0,LOW,2026-09-14 22:11:31.453814
AWB110364,BATCH-A,Bluedart,M-019,Jaipur,Tier-3,WEIGHT_DISPUTE,6.08,7.67,95.0,LOW,2026-09-14 22:11:31.453814
AWB110366,BATCH-C,DTDC,M-013,Jaipur,Tier-3,EXCESS_FORWARD_CHARGE,95.0,114.0,19.0,LOW,2026-09-14 22:11:32.127304
AWB110369,BATCH-D,DTDC,M-006,Pune,Tier-2,EXCESS_FORWARD_CHARGE,95.0,114.0,19.0,LOW,2026-09-14 22:11:32.127304
AWB110371,BATCH-B,Bluedart,M-013,Jaipur,Tier-3,WEIGHT_DISPUTE,6.38,8.08,102.0,MEDIUM,2026-09-14 22:11:31.453814
AWB110375,BATCH-B,Bluedart,M-013,Lucknow,Tier-3,PHANTOM_RTO_CHARGE,0.0,183.0,183.0,MEDIUM,2026-09-14 22:11:31.631484
AWB110396,BATCH-A,DTDC,M-005,Lucknow,Tier-3,EXCESS_FORWARD_CHARGE,95.0,114.0,19.0,LOW,2026-09-14 22:11:32.127304
AWB110397,BATCH-B,DTDC,M-011,Indore,Tier-2,EXCESS_FORWARD_CHARGE,95.0,114.0,19.0,LOW,2026-09-14 22:11:32.127304
AWB110404,BATCH-B,Bluedart,M-013,Lucknow,Tier-3,WEIGHT_DISPUTE,5.78,6.82,62.0,LOW,2026-09-14 22:11:31.453814
AWB110408,BATCH-D,Delhivery,M-004,Mumbai,Tier-1,PHANTOM_RTO_CHARGE,0.0,215.0,215.0,MEDIUM,2026-09-14 22:11:31.631484
AWB110411,BATCH-C,Bluedart,M-016,Lucknow,Tier-3,WEIGHT_DISPUTE,1.99,2.56,34.0,LOW,2026-09-14 22:11:31.453814
AWB110415,BATCH-D,Delhivery,M-001,Delhi,Tier-1,COD_SHORT_REMITTANCE,5743.0,5483.0,260.0,MEDIUM,2026-09-14 22:10:12.726074
AWB110418,BATCH-C,Delhivery,M-007,Mumbai,Tier-1,COD_SHORT_REMITTANCE,3235.0,2981.0,254.0,MEDIUM,2026-09-14 22:10:12.726074
AWB110420,BATCH-D,Kwikship,M-013,Indore,Tier-2,PHANTOM_RTO_CHARGE,0.0,202.0,202.0,MEDIUM,2026-09-14 22:11:31.631484
AWB110424,BATCH-A,Bluedart,M-008,Pune,Tier-2,PHANTOM_RTO_CHARGE,0.0,219.0,219.0,MEDIUM,2026-09-14 22:11:31.631484
AWB110427,BATCH-A,DTDC,M-019,Indore,Tier-2,EXCESS_FORWARD_CHARGE,95.0,114.0,19.0,LOW,2026-09-14 22:11:32.127304
AWB110428,BATCH-B,DTDC,M-016,Pune,Tier-2,EXCESS_FORWARD_CHARGE,65.0,78.0,13.0,LOW,2026-09-14 22:11:32.127304
AWB110440,BATCH-C,DTDC,M-020,Pune,Tier-2,EXCESS_FORWARD_CHARGE,42.0,50.0,8.0,LOW,2026-09-14 22:11:32.127304
AWB110440,BATCH-C,DTDC,M-020,Pune,Tier-2,PHANTOM_RTO_CHARGE,0.0,187.0,187.0,MEDIUM,2026-09-14 22:11:31.631484
AWB110442,BATCH-C,Delhivery,M-018,Lucknow,Tier-3,PHANTOM_RTO_CHARGE,0.0,233.0,233.0,MEDIUM,2026-09-14 22:11:31.631484
AWB110443,BATCH-A,Delhivery,M-013,Mumbai,Tier-1,COD_SHORT_REMITTANCE,5823.0,5412.0,411.0,MEDIUM,2026-09-14 22:10:12.726074
AWB110450,BATCH-C,Kwikship,M-004,Pune,Tier-2,PHANTOM_RTO_CHARGE,0.0,183.0,183.0,MEDIUM,2026-09-14 22:11:31.631484
AWB110460,BATCH-D,Kwikship,M-010,Jaipur,Tier-3,ETA_SLA_BREACH,72.0,142.3,0.0,LOW,2026-09-14 22:11:32.038362
AWB110461,BATCH-C,Delhivery,M-001,Indore,Tier-2,PHANTOM_RTO_CHARGE,0.0,145.0,145.0,MEDIUM,2026-09-14 22:11:31.631484
AWB110471,BATCH-D,Bluedart,M-007,Jaipur,Tier-3,PHANTOM_RTO_CHARGE,0.0,193.0,193.0,MEDIUM,2026-09-14 22:11:31.631484
AWB110477,BATCH-A,DTDC,M-008,Indore,Tier-2,EXCESS_FORWARD_CHARGE,95.0,114.0,19.0,LOW,2026-09-14 22:11:32.127304
AWB110480,BATCH-D,DTDC,M-003,Jaipur,Tier-3,EXCESS_FORWARD_CHARGE,95.0,114.0,19.0,LOW,2026-09-14 22:11:32.127304
AWB110484,BATCH-B,Delhivery,M-016,Indore,Tier-2,PHANTOM_RTO_CHARGE,0.0,145.0,145.0,MEDIUM,2026-09-14 22:11:31.631484
AWB110488,BATCH-C,Shiprocket,M-018,Indore,Tier-2,DUPLICATE_SETTLEMENT,1.0,2.0,1601.0,HIGH,2026-09-14 22:11:31.913657
AWB110488,BATCH-DUP,Shiprocket,M-018,Indore,Tier-2,DUPLICATE_SETTLEMENT,1.0,2.0,1601.0,HIGH,2026-09-14 22:11:31.913657
AWB110493,BATCH-D,Delhivery,M-007,Indore,Tier-2,PHANTOM_RTO_CHARGE,0.0,139.0,139.0,MEDIUM,2026-09-14 22:11:31.631484
AWB110499,BATCH-D,DTDC,M-012,Delhi,Tier-1,EXCESS_FORWARD_CHARGE,95.0,114.0,19.0,LOW,2026-09-14 22:11:32.127304
AWB110504,BATCH-D,Delhivery,M-007,Pune,Tier-2,COD_SHORT_REMITTANCE,5522.0,5311.0,211.0,MEDIUM,2026-09-14 22:10:12.726074
AWB110507,BATCH-A,DTDC,M-012,Pune,Tier-2,EXCESS_FORWARD_CHARGE,95.0,114.0,19.0,LOW,2026-09-14 22:11:32.127304
AWB110508,BATCH-C,Bluedart,M-012,Lucknow,Tier-3,WEIGHT_DISPUTE,1.5,1.98,29.0,LOW,2026-09-14 22:11:31.453814
AWB110509,BATCH-D,DTDC,M-014,Mumbai,Tier-1,EXCESS_FORWARD_CHARGE,95.0,114.0,19.0,LOW,2026-09-14 22:11:32.127304
AWB110515,BATCH-D,Kwikship,M-017,Lucknow,Tier-3,ETA_SLA_BREACH,72.0,105.1,0.0,LOW,2026-09-14 22:11:32.038362
AWB110516,BATCH-B,Shiprocket,M-012,Delhi,Tier-1,DUPLICATE_SETTLEMENT,1.0,2.0,0.0,HIGH,2026-09-14 22:11:31.913657
AWB110516,BATCH-DUP,Shiprocket,M-012,Delhi,Tier-1,DUPLICATE_SETTLEMENT,1.0,2.0,0.0,HIGH,2026-09-14 22:11:31.913657
AWB110518,BATCH-D,Bluedart,M-001,Lucknow,Tier-3,WEIGHT_DISPUTE,5.54,7.14,96.0,LOW,2026-09-14 22:11:31.453814
AWB110521,BATCH-D,Kwikship,M-011,Lucknow,Tier-3,ETA_SLA_BREACH,72.0,110.6,0.0,LOW,2026-09-14 22:11:32.038362
AWB110522,BATCH-A,Bluedart,M-011,Lucknow,Tier-3,WEIGHT_DISPUTE,0.52,0.67,9.0,LOW,2026-09-14 22:11:31.453814
AWB110523,BATCH-B,DTDC,M-003,Indore,Tier-2,EXCESS_FORWARD_CHARGE,95.0,114.0,19.0,LOW,2026-09-14 22:11:32.127304
AWB110523,BATCH-B,DTDC,M-003,Indore,Tier-2,PHANTOM_RTO_CHARGE,0.0,202.0,202.0,MEDIUM,2026-09-14 22:11:31.631484
AWB110526,BATCH-B,DTDC,M-010,Delhi,Tier-1,EXCESS_FORWARD_CHARGE,95.0,114.0,19.0,LOW,2026-09-14 22:11:32.127304
AWB110530,BATCH-B,Shiprocket,M-006,Pune,Tier-2,OVERDUE_REMITTANCE,14.0,26.0,0.0,MEDIUM,2026-09-14 22:11:31.791087
AWB110545,BATCH-A,Kwikship,M-002,Lucknow,Tier-3,PHANTOM_RTO_CHARGE,0.0,222.0,222.0,MEDIUM,2026-09-14 22:11:31.631484
AWB110547,BATCH-A,Bluedart,M-017,Lucknow,Tier-3,WEIGHT_DISPUTE,0.97,1.18,13.0,LOW,2026-09-14 22:11:31.453814
AWB110548,BATCH-A,Kwikship,M-016,Lucknow,Tier-3,ETA_SLA_BREACH,72.0,136.0,0.0,LOW,2026-09-14 22:11:32.038362
AWB110549,BATCH-A,Shiprocket,M-005,Lucknow,Tier-3,PHANTOM_RTO_CHARGE,0.0,119.0,119.0,MEDIUM,2026-09-14 22:11:31.631484
AWB110552,BATCH-B,Delhivery,M-013,Pune,Tier-2,PHANTOM_RTO_CHARGE,0.0,151.0,151.0,MEDIUM,2026-09-14 22:11:31.631484
AWB110557,BATCH-D,Bluedart,M-002,Jaipur,Tier-3,WEIGHT_DISPUTE,7.49,8.86,83.0,LOW,2026-09-14 22:11:31.453814
AWB110560,BATCH-C,DTDC,M-014,Pune,Tier-2,DUPLICATE_SETTLEMENT,1.0,2.0,0.0,HIGH,2026-09-14 22:11:31.913657
AWB110560,BATCH-DUP,DTDC,M-014,Pune,Tier-2,DUPLICATE_SETTLEMENT,1.0,2.0,0.0,HIGH,2026-09-14 22:11:31.913657
AWB110563,BATCH-C,DTDC,M-005,Delhi,Tier-1,EXCESS_FORWARD_CHARGE,95.0,114.0,19.0,LOW,2026-09-14 22:11:32.127304
AWB110564,BATCH-A,Shiprocket,M-004,Delhi,Tier-1,OVERDUE_REMITTANCE,14.0,24.0,2413.0,MEDIUM,2026-09-14 22:11:31.791087
AWB110564,BATCH-A,Shiprocket,M-004,Delhi,Tier-1,PHANTOM_RTO_CHARGE,0.0,225.0,225.0,MEDIUM,2026-09-14 22:11:31.631484
AWB110568,BATCH-D,Bluedart,M-008,Pune,Tier-2,PHANTOM_RTO_CHARGE,0.0,191.0,191.0,MEDIUM,2026-09-14 22:11:31.631484
AWB110574,BATCH-A,Shiprocket,M-002,Mumbai,Tier-1,PHANTOM_RTO_CHARGE,0.0,217.0,217.0,MEDIUM,2026-09-14 22:11:31.631484
AWB110579,BATCH-C,Bluedart,M-013,Lucknow,Tier-3,WEIGHT_DISPUTE,5.42,6.6,70.0,LOW,2026-09-14 22:11:31.453814
AWB110586,BATCH-C,Delhivery,M-003,Jaipur,Tier-3,COD_SHORT_REMITTANCE,5968.0,5718.0,250.0,MEDIUM,2026-09-14 22:10:12.726074
AWB110592,BATCH-C,DTDC,M-020,Delhi,Tier-1,EXCESS_FORWARD_CHARGE,65.0,78.0,13.0,LOW,2026-09-14 22:11:32.127304
AWB110599,BATCH-B,DTDC,M-018,Pune,Tier-2,EXCESS_FORWARD_CHARGE,65.0,78.0,13.0,LOW,2026-09-14 22:11:32.127304
AWB110606,BATCH-D,DTDC,M-009,Indore,Tier-2,EXCESS_FORWARD_CHARGE,95.0,114.0,19.0,LOW,2026-09-14 22:11:32.127304
AWB110609,BATCH-A,Kwikship,M-013,Lucknow,Tier-3,ETA_SLA_BREACH,72.0,143.1,0.0,LOW,2026-09-14 22:11:32.038362
AWB110612,BATCH-B,Bluedart,M-013,Jaipur,Tier-3,WEIGHT_DISPUTE,1.22,1.52,18.0,LOW,2026-09-14 22:11:31.453814
AWB110614,BATCH-B,Shiprocket,M-014,Lucknow,Tier-3,PHANTOM_RTO_CHARGE,0.0,196.0,196.0,MEDIUM,2026-09-14 22:11:31.631484
AWB110623,BATCH-B,Shiprocket,M-007,Lucknow,Tier-3,PHANTOM_RTO_CHARGE,0.0,167.0,167.0,MEDIUM,2026-09-14 22:11:31.631484
AWB110624,BATCH-B,Shiprocket,M-019,Jaipur,Tier-3,OVERDUE_REMITTANCE,14.0,18.0,3524.0,MEDIUM,2026-09-14 22:11:31.791087
AWB110632,BATCH-D,Delhivery,M-006,Delhi,Tier-1,COD_SHORT_REMITTANCE,5900.0,5570.0,330.0,MEDIUM,2026-09-14 22:10:12.726074
AWB110642,BATCH-C,Delhivery,M-019,Pune,Tier-2,COD_SHORT_REMITTANCE,5091.0,4896.0,195.0,MEDIUM,2026-09-14 22:10:12.726074
AWB110645,BATCH-D,Bluedart,M-014,Lucknow,Tier-3,PHANTOM_RTO_CHARGE,0.0,143.0,143.0,MEDIUM,2026-09-14 22:11:31.631484
AWB110648,BATCH-C,DTDC,M-013,Delhi,Tier-1,EXCESS_FORWARD_CHARGE,95.0,114.0,19.0,LOW,2026-09-14 22:11:32.127304
AWB110652,BATCH-B,Bluedart,M-013,Jaipur,Tier-3,WEIGHT_DISPUTE,7.43,8.81,83.0,LOW,2026-09-14 22:11:31.453814
AWB110654,BATCH-A,Delhivery,M-014,Pune,Tier-2,COD_SHORT_REMITTANCE,3449.0,3243.0,206.0,MEDIUM,2026-09-14 22:10:12.726074
AWB110654,BATCH-A,Delhivery,M-014,Pune,Tier-2,PHANTOM_RTO_CHARGE,0.0,109.0,109.0,MEDIUM,2026-09-14 22:11:31.631484
AWB110655,BATCH-B,Delhivery,M-012,Pune,Tier-2,COD_SHORT_REMITTANCE,3925.0,3700.0,225.0,MEDIUM,2026-09-14 22:10:12.726074
AWB110655,BATCH-B,Delhivery,M-012,Pune,Tier-2,PHANTOM_RTO_CHARGE,0.0,180.0,180.0,MEDIUM,2026-09-14 22:11:31.631484
AWB110658,BATCH-A,Delhivery,M-004,Delhi,Tier-1,PHANTOM_RTO_CHARGE,0.0,203.0,203.0,MEDIUM,2026-09-14 22:11:31.631484
AWB110660,BATCH-B,Kwikship,M-016,Lucknow,Tier-3,ETA_SLA_BREACH,72.0,114.3,0.0,LOW,2026-09-14 22:11:32.038362
AWB110665,BATCH-A,Kwikship,M-009,Lucknow,Tier-3,ETA_SLA_BREACH,72.0,142.6,0.0,LOW,2026-09-14 22:11:32.038362
AWB110667,BATCH-B,DTDC,M-006,Pune,Tier-2,EXCESS_FORWARD_CHARGE,95.0,114.0,19.0,LOW,2026-09-14 22:11:32.127304
AWB110683,BATCH-A,Kwikship,M-008,Jaipur,Tier-3,ETA_SLA_BREACH,72.0,114.0,0.0,LOW,2026-09-14 22:11:32.038362
AWB110685,BATCH-B,Kwikship,M-019,Jaipur,Tier-3,ETA_SLA_BREACH,72.0,141.2,0.0,LOW,2026-09-14 22:11:32.038362
AWB110697,BATCH-B,DTDC,M-020,Delhi,Tier-1,PHANTOM_RTO_CHARGE,0.0,172.0,172.0,MEDIUM,2026-09-14 22:11:31.631484
AWB110698,BATCH-D,DTDC,M-004,Lucknow,Tier-3,EXCESS_FORWARD_CHARGE,65.0,78.0,13.0,LOW,2026-09-14 22:11:32.127304
AWB110699,BATCH-D,Kwikship,M-017,Pune,Tier-2,PHANTOM_RTO_CHARGE,0.0,203.0,203.0,MEDIUM,2026-09-14 22:11:31.631484
AWB110703,BATCH-D,Kwikship,M-002,Lucknow,Tier-3,ETA_SLA_BREACH,72.0,141.2,0.0,LOW,2026-09-14 22:11:32.038362
AWB110706,BATCH-B,Kwikship,M-002,Lucknow,Tier-3,ETA_SLA_BREACH,72.0,132.5,0.0,LOW,2026-09-14 22:11:32.038362
AWB110710,BATCH-A,Shiprocket,M-008,Mumbai,Tier-1,OVERDUE_REMITTANCE,14.0,27.0,0.0,MEDIUM,2026-09-14 22:11:31.791087
AWB110716,BATCH-A,Bluedart,M-009,Indore,Tier-2,PHANTOM_RTO_CHARGE,0.0,193.0,193.0,MEDIUM,2026-09-14 22:11:31.631484
AWB110717,BATCH-D,DTDC,M-010,Indore,Tier-2,EXCESS_FORWARD_CHARGE,95.0,114.0,19.0,LOW,2026-09-14 22:11:32.127304
AWB110718,BATCH-C,DTDC,M-017,Delhi,Tier-1,EXCESS_FORWARD_CHARGE,95.0,114.0,19.0,LOW,2026-09-14 22:11:32.127304
AWB110718,BATCH-C,DTDC,M-017,Delhi,Tier-1,PHANTOM_RTO_CHARGE,0.0,176.0,176.0,MEDIUM,2026-09-14 22:11:31.631484
AWB110720,BATCH-B,DTDC,M-016,Mumbai,Tier-1,EXCESS_FORWARD_CHARGE,65.0,78.0,13.0,LOW,2026-09-14 22:11:32.127304
AWB110720,BATCH-B,DTDC,M-016,Mumbai,Tier-1,PHANTOM_RTO_CHARGE,0.0,167.0,167.0,MEDIUM,2026-09-14 22:11:31.631484
AWB110723,BATCH-A,Delhivery,M-004,Mumbai,Tier-1,COD_SHORT_REMITTANCE,4911.0,4548.0,363.0,MEDIUM,2026-09-14 22:10:12.726074
AWB110723,BATCH-A,Delhivery,M-004,Mumbai,Tier-1,PHANTOM_RTO_CHARGE,0.0,163.0,163.0,MEDIUM,2026-09-14 22:11:31.631484
AWB110727,BATCH-A,Shiprocket,M-016,Delhi,Tier-1,DUPLICATE_SETTLEMENT,1.0,2.0,4096.0,HIGH,2026-09-14 22:11:31.913657
AWB110727,BATCH-DUP,Shiprocket,M-016,Delhi,Tier-1,DUPLICATE_SETTLEMENT,1.0,2.0,4096.0,HIGH,2026-09-14 22:11:31.913657
AWB110733,BATCH-D,Bluedart,M-018,Mumbai,Tier-1,PHANTOM_RTO_CHARGE,0.0,249.0,249.0,MEDIUM,2026-09-14 22:11:31.631484
AWB110735,BATCH-C,DTDC,M-002,Mumbai,Tier-1,EXCESS_FORWARD_CHARGE,95.0,114.0,19.0,LOW,2026-09-14 22:11:32.127304
AWB110735,BATCH-C,DTDC,M-002,Mumbai,Tier-1,PHANTOM_RTO_CHARGE,0.0,209.0,209.0,MEDIUM,2026-09-14 22:11:31.631484
AWB110736,BATCH-B,Delhivery,M-007,Pune,Tier-2,COD_SHORT_REMITTANCE,5362.0,5066.0,296.0,MEDIUM,2026-09-14 22:10:12.726074
AWB110736,BATCH-B,Delhivery,M-007,Pune,Tier-2,DUPLICATE_SETTLEMENT,1.0,2.0,5066.0,HIGH,2026-09-14 22:11:31.913657
AWB110736,BATCH-DUP,Delhivery,M-007,Pune,Tier-2,COD_SHORT_REMITTANCE,5362.0,5066.0,296.0,MEDIUM,2026-09-14 22:10:12.726074
AWB110736,BATCH-DUP,Delhivery,M-007,Pune,Tier-2,DUPLICATE_SETTLEMENT,1.0,2.0,5066.0,HIGH,2026-09-14 22:11:31.913657
AWB110738,BATCH-D,DTDC,M-006,Pune,Tier-2,EXCESS_FORWARD_CHARGE,95.0,114.0,19.0,LOW,2026-09-14 22:11:32.127304
AWB110741,BATCH-C,Bluedart,M-019,Jaipur,Tier-3,WEIGHT_DISPUTE,6.81,8.25,86.0,LOW,2026-09-14 22:11:31.453814
AWB110743,BATCH-B,DTDC,M-001,Mumbai,Tier-1,EXCESS_FORWARD_CHARGE,95.0,114.0,19.0,LOW,2026-09-14 22:11:32.127304
AWB110744,BATCH-A,Delhivery,M-014,Pune,Tier-2,COD_SHORT_REMITTANCE,4977.0,4747.0,230.0,MEDIUM,2026-09-14 22:10:12.726074
AWB110746,BATCH-B,DTDC,M-014,Mumbai,Tier-1,EXCESS_FORWARD_CHARGE,95.0,114.0,19.0,LOW,2026-09-14 22:11:32.127304
AWB110749,BATCH-C,DTDC,M-014,Lucknow,Tier-3,EXCESS_FORWARD_CHARGE,95.0,114.0,19.0,LOW,2026-09-14 22:11:32.127304
AWB110752,BATCH-A,Bluedart,M-017,Lucknow,Tier-3,WEIGHT_DISPUTE,4.58,5.74,70.0,LOW,2026-09-14 22:11:31.453814
AWB110756,BATCH-A,Bluedart,M-018,Indore,Tier-2,PHANTOM_RTO_CHARGE,0.0,205.0,205.0,MEDIUM,2026-09-14 22:11:31.631484
AWB110758,BATCH-C,DTDC,M-002,Pune,Tier-2,EXCESS_FORWARD_CHARGE,65.0,78.0,13.0,LOW,2026-09-14 22:11:32.127304
AWB110765,BATCH-A,DTDC,M-006,Delhi,Tier-1,EXCESS_FORWARD_CHARGE,95.0,114.0,19.0,LOW,2026-09-14 22:11:32.127304
AWB110769,BATCH-C,Shiprocket,M-003,Mumbai,Tier-1,OVERDUE_REMITTANCE,14.0,19.0,5869.0,MEDIUM,2026-09-14 22:11:31.791087
AWB110778,BATCH-B,Bluedart,M-008,Lucknow,Tier-3,WEIGHT_DISPUTE,1.25,1.64,23.0,LOW,2026-09-14 22:11:31.453814
AWB110779,BATCH-C,DTDC,M-015,Jaipur,Tier-3,PHANTOM_RTO_CHARGE,0.0,139.0,139.0,MEDIUM,2026-09-14 22:11:31.631484
AWB110781,BATCH-C,Kwikship,M-010,Pune,Tier-2,PHANTOM_RTO_CHARGE,0.0,245.0,245.0,MEDIUM,2026-09-14 22:11:31.631484
AWB110790,BATCH-B,Kwikship,M-015,Jaipur,Tier-3,ETA_SLA_BREACH,72.0,139.1,0.0,LOW,2026-09-14 22:11:32.038362
AWB110790,BATCH-B,Kwikship,M-015,Jaipur,Tier-3,PHANTOM_RTO_CHARGE,0.0,201.0,201.0,MEDIUM,2026-09-14 22:11:31.631484
AWB110792,BATCH-D,DTDC,M-017,Indore,Tier-2,PHANTOM_RTO_CHARGE,0.0,195.0,195.0,MEDIUM,2026-09-14 22:11:31.631484
AWB110795,BATCH-A,DTDC,M-013,Mumbai,Tier-1,EXCESS_FORWARD_CHARGE,95.0,114.0,19.0,LOW,2026-09-14 22:11:32.127304
AWB110795,BATCH-A,DTDC,M-013,Mumbai,Tier-1,PHANTOM_RTO_CHARGE,0.0,170.0,170.0,MEDIUM,2026-09-14 22:11:31.631484
AWB110801,BATCH-C,DTDC,M-014,Delhi,Tier-1,EXCESS_FORWARD_CHARGE,95.0,114.0,19.0,LOW,2026-09-14 22:11:32.127304
AWB110804,BATCH-D,Shiprocket,M-020,Indore,Tier-2,OVERDUE_REMITTANCE,14.0,27.0,0.0,MEDIUM,2026-09-14 22:11:31.791087
AWB110807,BATCH-B,Delhivery,M-007,Mumbai,Tier-1,COD_SHORT_REMITTANCE,4312.0,4152.0,160.0,MEDIUM,2026-09-14 22:10:12.726074
AWB110810,BATCH-B,DTDC,M-013,Jaipur,Tier-3,EXCESS_FORWARD_CHARGE,95.0,114.0,19.0,LOW,2026-09-14 22:11:32.127304
AWB110811,BATCH-D,Bluedart,M-016,Delhi,Tier-1,PHANTOM_RTO_CHARGE,0.0,153.0,153.0,MEDIUM,2026-09-14 22:11:31.631484
AWB110812,BATCH-A,Bluedart,M-012,Jaipur,Tier-3,WEIGHT_DISPUTE,5.74,7.52,107.0,MEDIUM,2026-09-14 22:11:31.453814
AWB110819,BATCH-B,Shiprocket,M-008,Indore,Tier-2,OVERDUE_REMITTANCE,14.0,25.0,4983.0,MEDIUM,2026-09-14 22:11:31.791087
AWB110821,BATCH-D,Delhivery,M-010,Pune,Tier-2,PHANTOM_RTO_CHARGE,0.0,172.0,172.0,MEDIUM,2026-09-14 22:11:31.631484
AWB110822,BATCH-C,DTDC,M-017,Indore,Tier-2,EXCESS_FORWARD_CHARGE,95.0,114.0,19.0,LOW,2026-09-14 22:11:32.127304
AWB110823,BATCH-C,DTDC,M-005,Indore,Tier-2,PHANTOM_RTO_CHARGE,0.0,193.0,193.0,MEDIUM,2026-09-14 22:11:31.631484
AWB110825,BATCH-B,Bluedart,M-015,Lucknow,Tier-3,PHANTOM_RTO_CHARGE,0.0,183.0,183.0,MEDIUM,2026-09-14 22:11:31.631484
AWB110825,BATCH-B,Bluedart,M-015,Lucknow,Tier-3,WEIGHT_DISPUTE,6.88,8.28,84.0,LOW,2026-09-14 22:11:31.453814
AWB110827,BATCH-B,DTDC,M-008,Mumbai,Tier-1,EXCESS_FORWARD_CHARGE,95.0,114.0,19.0,LOW,2026-09-14 22:11:32.127304
AWB110828,BATCH-D,DTDC,M-009,Lucknow,Tier-3,EXCESS_FORWARD_CHARGE,95.0,114.0,19.0,LOW,2026-09-14 22:11:32.127304
AWB110829,BATCH-A,Bluedart,M-009,Lucknow,Tier-3,WEIGHT_DISPUTE,3.57,4.64,64.0,LOW,2026-09-14 22:11:31.453814
AWB110830,BATCH-B,Kwikship,M-019,Jaipur,Tier-3,ETA_SLA_BREACH,72.0,143.6,0.0,LOW,2026-09-14 22:11:32.038362
AWB110831,BATCH-B,DTDC,M-012,Pune,Tier-2,EXCESS_FORWARD_CHARGE,95.0,114.0,19.0,LOW,2026-09-14 22:11:32.127304
AWB110832,BATCH-B,Kwikship,M-004,Jaipur,Tier-3,ETA_SLA_BREACH,72.0,129.6,0.0,LOW,2026-09-14 22:11:32.038362
AWB110843,BATCH-B,Bluedart,M-005,Jaipur,Tier-3,PHANTOM_RTO_CHARGE,0.0,139.0,139.0,MEDIUM,2026-09-14 22:11:31.631484
AWB110850,BATCH-A,Kwikship,M-006,Indore,Tier-2,PHANTOM_RTO_CHARGE,0.0,181.0,181.0,MEDIUM,2026-09-14 22:11:31.631484
AWB110854,BATCH-B,DTDC,M-007,Mumbai,Tier-1,EXCESS_FORWARD_CHARGE,95.0,114.0,19.0,LOW,2026-09-14 22:11:32.127304
AWB110855,BATCH-A,Delhivery,M-006,Mumbai,Tier-1,PHANTOM_RTO_CHARGE,0.0,224.0,224.0,MEDIUM,2026-09-14 22:11:31.631484
AWB110861,BATCH-B,DTDC,M-004,Mumbai,Tier-1,EXCESS_FORWARD_CHARGE,95.0,114.0,19.0,LOW,2026-09-14 22:11:32.127304
AWB110875,BATCH-B,Shiprocket,M-019,Pune,Tier-2,OVERDUE_REMITTANCE,14.0,21.0,722.0,MEDIUM,2026-09-14 22:11:31.791087
AWB110882,BATCH-C,Bluedart,M-005,Lucknow,Tier-3,WEIGHT_DISPUTE,1.61,1.99,23.0,LOW,2026-09-14 22:11:31.453814
AWB110888,BATCH-A,DTDC,M-012,Jaipur,Tier-3,EXCESS_FORWARD_CHARGE,65.0,78.0,13.0,LOW,2026-09-14 22:11:32.127304
AWB110892,BATCH-A,DTDC,M-005,Indore,Tier-2,EXCESS_FORWARD_CHARGE,95.0,114.0,19.0,LOW,2026-09-14 22:11:32.127304
AWB110895,BATCH-C,DTDC,M-006,Jaipur,Tier-3,EXCESS_FORWARD_CHARGE,95.0,114.0,19.0,LOW,2026-09-14 22:11:32.127304
AWB110903,BATCH-C,Bluedart,M-014,Pune,Tier-2,PHANTOM_RTO_CHARGE,0.0,199.0,199.0,MEDIUM,2026-09-14 22:11:31.631484
AWB110906,BATCH-A,DTDC,M-009,Indore,Tier-2,EXCESS_FORWARD_CHARGE,42.0,50.0,8.0,LOW,2026-09-14 22:11:32.127304
AWB110908,BATCH-C,DTDC,M-001,Indore,Tier-2,EXCESS_FORWARD_CHARGE,95.0,114.0,19.0,LOW,2026-09-14 22:11:32.127304
AWB110909,BATCH-A,DTDC,M-015,Indore,Tier-2,EXCESS_FORWARD_CHARGE,95.0,114.0,19.0,LOW,2026-09-14 22:11:32.127304
AWB110928,BATCH-D,Kwikship,M-010,Jaipur,Tier-3,ETA_SLA_BREACH,72.0,117.2,0.0,LOW,2026-09-14 22:11:32.038362
AWB110934,BATCH-B,Bluedart,M-005,Pune,Tier-2,PHANTOM_RTO_CHARGE,0.0,193.0,193.0,MEDIUM,2026-09-14 22:11:31.631484
AWB110939,BATCH-B,DTDC,M-009,Delhi,Tier-1,EXCESS_FORWARD_CHARGE,42.0,50.0,8.0,LOW,2026-09-14 22:11:32.127304
AWB110942,BATCH-D,DTDC,M-012,Pune,Tier-2,EXCESS_FORWARD_CHARGE,95.0,114.0,19.0,LOW,2026-09-14 22:11:32.127304
AWB110943,BATCH-B,Kwikship,M-020,Jaipur,Tier-3,ETA_SLA_BREACH,72.0,129.2,0.0,LOW,2026-09-14 22:11:32.038362
AWB110944,BATCH-B,Kwikship,M-006,Mumbai,Tier-1,DUPLICATE_SETTLEMENT,1.0,2.0,1361.0,HIGH,2026-09-14 22:11:31.913657
AWB110944,BATCH-DUP,Kwikship,M-006,Mumbai,Tier-1,DUPLICATE_SETTLEMENT,1.0,2.0,1361.0,HIGH,2026-09-14 22:11:31.913657
AWB110945,BATCH-A,Delhivery,M-015,Lucknow,Tier-3,COD_SHORT_REMITTANCE,4151.0,3915.0,236.0,MEDIUM,2026-09-14 22:10:12.726074
AWB110948,BATCH-A,Delhivery,M-020,Jaipur,Tier-3,DUPLICATE_SETTLEMENT,1.0,2.0,0.0,HIGH,2026-09-14 22:11:31.913657
AWB110948,BATCH-DUP,Delhivery,M-020,Jaipur,Tier-3,DUPLICATE_SETTLEMENT,1.0,2.0,0.0,HIGH,2026-09-14 22:11:31.913657
AWB110955,BATCH-C,DTDC,M-020,Mumbai,Tier-1,EXCESS_FORWARD_CHARGE,95.0,114.0,19.0,LOW,2026-09-14 22:11:32.127304
AWB110961,BATCH-A,Bluedart,M-019,Jaipur,Tier-3,WEIGHT_DISPUTE,5.7,7.48,107.0,MEDIUM,2026-09-14 22:11:31.453814
AWB110965,BATCH-D,DTDC,M-008,Indore,Tier-2,EXCESS_FORWARD_CHARGE,95.0,114.0,19.0,LOW,2026-09-14 22:11:32.127304
AWB110966,BATCH-A,DTDC,M-008,Pune,Tier-2,EXCESS_FORWARD_CHARGE,95.0,114.0,19.0,LOW,2026-09-14 22:11:32.127304
AWB110970,BATCH-B,Kwikship,M-003,Jaipur,Tier-3,ETA_SLA_BREACH,72.0,124.0,0.0,LOW,2026-09-14 22:11:32.038362
AWB110979,BATCH-D,Delhivery,M-015,Lucknow,Tier-3,COD_SHORT_REMITTANCE,3032.0,2795.0,237.0,MEDIUM,2026-09-14 22:10:12.726074
AWB110982,BATCH-B,DTDC,M-019,Jaipur,Tier-3,EXCESS_FORWARD_CHARGE,65.0,78.0,13.0,LOW,2026-09-14 22:11:32.127304
AWB110987,BATCH-A,DTDC,M-018,Jaipur,Tier-3,EXCESS_FORWARD_CHARGE,95.0,114.0,19.0,LOW,2026-09-14 22:11:32.127304
AWB110991,BATCH-D,Delhivery,M-014,Delhi,Tier-1,COD_SHORT_REMITTANCE,3486.0,3313.0,173.0,MEDIUM,2026-09-14 22:10:12.726074
AWB110993,BATCH-C,Shiprocket,M-001,Indore,Tier-2,PHANTOM_RTO_CHARGE,0.0,193.0,193.0,MEDIUM,2026-09-14 22:11:31.631484
AWB110996,BATCH-C,DTDC,M-011,Mumbai,Tier-1,EXCESS_FORWARD_CHARGE,95.0,114.0,19.0,LOW,2026-09-14 22:11:32.127304
AWB110997,BATCH-B,Shiprocket,M-007,Delhi,Tier-1,PHANTOM_RTO_CHARGE,0.0,130.0,130.0,MEDIUM,2026-09-14 22:11:31.631484
AWB110998,BATCH-D,DTDC,M-007,Lucknow,Tier-3,EXCESS_FORWARD_CHARGE,95.0,114.0,19.0,LOW,2026-09-14 22:11:32.127304
AWB111000,BATCH-B,Bluedart,M-001,Jaipur,Tier-3,WEIGHT_DISPUTE,5.57,7.18,96.0,LOW,2026-09-14 22:11:31.453814
AWB111003,BATCH-B,Kwikship,M-006,Jaipur,Tier-3,ETA_SLA_BREACH,72.0,128.6,0.0,LOW,2026-09-14 22:11:32.038362
AWB111005,BATCH-D,DTDC,M-003,Jaipur,Tier-3,EXCESS_FORWARD_CHARGE,95.0,114.0,19.0,LOW,2026-09-14 22:11:32.127304
AWB111007,BATCH-D,Bluedart,M-009,Indore,Tier-2,PHANTOM_RTO_CHARGE,0.0,216.0,216.0,MEDIUM,2026-09-14 22:11:31.631484
AWB111009,BATCH-B,Bluedart,M-002,Jaipur,Tier-3,PHANTOM_RTO_CHARGE,0.0,230.0,230.0,MEDIUM,2026-09-14 22:11:31.631484
AWB111009,BATCH-B,Bluedart,M-002,Jaipur,Tier-3,WEIGHT_DISPUTE,5.58,7.35,106.0,MEDIUM,2026-09-14 22:11:31.453814
AWB111017,BATCH-C,Kwikship,M-006,Pune,Tier-2,PHANTOM_RTO_CHARGE,0.0,119.0,119.0,MEDIUM,2026-09-14 22:11:31.631484
AWB111027,BATCH-B,DTDC,M-014,Jaipur,Tier-3,EXCESS_FORWARD_CHARGE,65.0,78.0,13.0,LOW,2026-09-14 22:11:32.127304
AWB111030,BATCH-C,Kwikship,M-018,Jaipur,Tier-3,ETA_SLA_BREACH,72.0,135.9,0.0,LOW,2026-09-14 22:11:32.038362
AWB111033,BATCH-B,Bluedart,M-019,Jaipur,Tier-3,WEIGHT_DISPUTE,7.22,8.63,85.0,LOW,2026-09-14 22:11:31.453814
AWB111039,BATCH-B,Delhivery,M-018,Mumbai,Tier-1,COD_SHORT_REMITTANCE,5300.0,5131.0,169.0,MEDIUM,2026-09-14 22:10:12.726074
AWB111039,BATCH-B,Delhivery,M-018,Mumbai,Tier-1,PHANTOM_RTO_CHARGE,0.0,240.0,240.0,MEDIUM,2026-09-14 22:11:31.631484
AWB111042,BATCH-C,DTDC,M-004,Delhi,Tier-1,EXCESS_FORWARD_CHARGE,42.0,50.0,8.0,LOW,2026-09-14 22:11:32.127304
AWB111058,BATCH-B,DTDC,M-018,Pune,Tier-2,EXCESS_FORWARD_CHARGE,95.0,114.0,19.0,LOW,2026-09-14 22:11:32.127304
AWB111062,BATCH-C,Bluedart,M-010,Lucknow,Tier-3,WEIGHT_DISPUTE,0.88,1.14,16.0,LOW,2026-09-14 22:11:31.453814
AWB111064,BATCH-B,Bluedart,M-009,Lucknow,Tier-3,PHANTOM_RTO_CHARGE,0.0,150.0,150.0,MEDIUM,2026-09-14 22:11:31.631484
AWB111070,BATCH-C,DTDC,M-006,Pune,Tier-2,EXCESS_FORWARD_CHARGE,95.0,114.0,19.0,LOW,2026-09-14 22:11:32.127304
AWB111076,BATCH-A,Delhivery,M-013,Pune,Tier-2,PHANTOM_RTO_CHARGE,0.0,235.0,235.0,MEDIUM,2026-09-14 22:11:31.631484
AWB111081,BATCH-B,Shiprocket,M-016,Delhi,Tier-1,PHANTOM_RTO_CHARGE,0.0,179.0,179.0,MEDIUM,2026-09-14 22:11:31.631484
AWB111090,BATCH-A,Kwikship,M-004,Jaipur,Tier-3,ETA_SLA_BREACH,72.0,136.7,0.0,LOW,2026-09-14 22:11:32.038362
AWB111091,BATCH-A,DTDC,M-004,Jaipur,Tier-3,EXCESS_FORWARD_CHARGE,95.0,114.0,19.0,LOW,2026-09-14 22:11:32.127304
AWB111092,BATCH-C,Delhivery,M-015,Delhi,Tier-1,COD_SHORT_REMITTANCE,4445.0,4262.0,183.0,MEDIUM,2026-09-14 22:10:12.726074
AWB111092,BATCH-C,Delhivery,M-015,Delhi,Tier-1,PHANTOM_RTO_CHARGE,0.0,121.0,121.0,MEDIUM,2026-09-14 22:11:31.631484
AWB111095,BATCH-B,DTDC,M-004,Delhi,Tier-1,EXCESS_FORWARD_CHARGE,65.0,78.0,13.0,LOW,2026-09-14 22:11:32.127304
AWB111099,BATCH-D,Delhivery,M-003,Pune,Tier-2,PHANTOM_RTO_CHARGE,0.0,224.0,224.0,MEDIUM,2026-09-14 22:11:31.631484
AWB111100,BATCH-C,Delhivery,M-018,Indore,Tier-2,COD_SHORT_REMITTANCE,4839.0,4498.0,341.0,MEDIUM,2026-09-14 22:10:12.726074
AWB111103,BATCH-A,DTDC,M-008,Lucknow,Tier-3,EXCESS_FORWARD_CHARGE,95.0,114.0,19.0,LOW,2026-09-14 22:11:32.127304
AWB111114,BATCH-B,Bluedart,M-004,Lucknow,Tier-3,WEIGHT_DISPUTE,0.65,0.77,7.0,LOW,2026-09-14 22:11:31.453814
AWB111116,BATCH-C,DTDC,M-020,Jaipur,Tier-3,EXCESS_FORWARD_CHARGE,95.0,114.0,19.0,LOW,2026-09-14 22:11:32.127304
AWB111121,BATCH-C,Kwikship,M-018,Pune,Tier-2,PHANTOM_RTO_CHARGE,0.0,119.0,119.0,MEDIUM,2026-09-14 22:11:31.631484
AWB111122,BATCH-C,DTDC,M-001,Delhi,Tier-1,EXCESS_FORWARD_CHARGE,95.0,114.0,19.0,LOW,2026-09-14 22:11:32.127304
AWB111131,BATCH-B,DTDC,M-003,Mumbai,Tier-1,EXCESS_FORWARD_CHARGE,65.0,78.0,13.0,LOW,2026-09-14 22:11:32.127304
AWB111136,BATCH-A,Kwikship,M-008,Lucknow,Tier-3,ETA_SLA_BREACH,72.0,101.3,0.0,LOW,2026-09-14 22:11:32.038362
AWB111136,BATCH-A,Kwikship,M-008,Lucknow,Tier-3,PHANTOM_RTO_CHARGE,0.0,175.0,175.0,MEDIUM,2026-09-14 22:11:31.631484
AWB111138,BATCH-C,Delhivery,M-003,Delhi,Tier-1,COD_SHORT_REMITTANCE,3108.0,3010.0,98.0,LOW,2026-09-14 22:10:12.726074
AWB111139,BATCH-B,Bluedart,M-014,Jaipur,Tier-3,WEIGHT_DISPUTE,1.85,2.29,26.0,LOW,2026-09-14 22:11:31.453814
AWB111141,BATCH-D,Bluedart,M-020,Lucknow,Tier-3,WEIGHT_DISPUTE,6.29,8.07,107.0,MEDIUM,2026-09-14 22:11:31.453814
AWB111142,BATCH-B,Kwikship,M-015,Lucknow,Tier-3,ETA_SLA_BREACH,72.0,130.2,0.0,LOW,2026-09-14 22:11:32.038362
AWB111143,BATCH-A,Kwikship,M-009,Jaipur,Tier-3,ETA_SLA_BREACH,72.0,121.5,0.0,LOW,2026-09-14 22:11:32.038362
AWB111145,BATCH-A,Kwikship,M-006,Pune,Tier-2,PHANTOM_RTO_CHARGE,0.0,180.0,180.0,MEDIUM,2026-09-14 22:11:31.631484
AWB111148,BATCH-B,Bluedart,M-004,Pune,Tier-2,PHANTOM_RTO_CHARGE,0.0,230.0,230.0,MEDIUM,2026-09-14 22:11:31.631484
AWB111190,BATCH-B,DTDC,M-003,Pune,Tier-2,PHANTOM_RTO_CHARGE,0.0,152.0,152.0,MEDIUM,2026-09-14 22:11:31.631484
AWB111195,BATCH-D,Bluedart,M-009,Lucknow,Tier-3,WEIGHT_DISPUTE,6.81,8.34,92.0,LOW,2026-09-14 22:11:31.453814
AWB111202,BATCH-C,Kwikship,M-018,Mumbai,Tier-1,PHANTOM_RTO_CHARGE,0.0,216.0,216.0,MEDIUM,2026-09-14 22:11:31.631484
AWB111203,BATCH-B,DTDC,M-020,Pune,Tier-2,PHANTOM_RTO_CHARGE,0.0,109.0,109.0,MEDIUM,2026-09-14 22:11:31.631484
AWB111205,BATCH-C,Kwikship,M-012,Jaipur,Tier-3,ETA_SLA_BREACH,72.0,127.1,0.0,LOW,2026-09-14 22:11:32.038362
AWB111206,BATCH-A,DTDC,M-016,Mumbai,Tier-1,EXCESS_FORWARD_CHARGE,65.0,78.0,13.0,LOW,2026-09-14 22:11:32.127304
AWB111212,BATCH-C,Delhivery,M-008,Lucknow,Tier-3,COD_SHORT_REMITTANCE,4118.0,3906.0,212.0,MEDIUM,2026-09-14 22:10:12.726074
AWB111213,BATCH-A,DTDC,M-011,Indore,Tier-2,EXCESS_FORWARD_CHARGE,65.0,78.0,13.0,LOW,2026-09-14 22:11:32.127304
AWB111218,BATCH-A,DTDC,M-017,Pune,Tier-2,EXCESS_FORWARD_CHARGE,95.0,114.0,19.0,LOW,2026-09-14 22:11:32.127304
AWB111219,BATCH-B,Delhivery,M-015,Mumbai,Tier-1,PHANTOM_RTO_CHARGE,0.0,121.0,121.0,MEDIUM,2026-09-14 22:11:31.631484
AWB111224,BATCH-A,Kwikship,M-006,Jaipur,Tier-3,ETA_SLA_BREACH,72.0,109.0,0.0,LOW,2026-09-14 22:11:32.038362
AWB111224,BATCH-A,Kwikship,M-006,Jaipur,Tier-3,PHANTOM_RTO_CHARGE,0.0,194.0,194.0,MEDIUM,2026-09-14 22:11:31.631484
AWB111235,BATCH-D,DTDC,M-015,Mumbai,Tier-1,EXCESS_FORWARD_CHARGE,95.0,114.0,19.0,LOW,2026-09-14 22:11:32.127304
AWB111240,BATCH-B,Kwikship,M-016,Lucknow,Tier-3,ETA_SLA_BREACH,72.0,114.5,0.0,LOW,2026-09-14 22:11:32.038362
AWB111245,BATCH-A,Kwikship,M-012,Lucknow,Tier-3,ETA_SLA_BREACH,72.0,115.3,0.0,LOW,2026-09-14 22:11:32.038362
AWB111246,BATCH-A,DTDC,M-004,Jaipur,Tier-3,EXCESS_FORWARD_CHARGE,95.0,114.0,19.0,LOW,2026-09-14 22:11:32.127304
AWB111253,BATCH-A,DTDC,M-016,Mumbai,Tier-1,EXCESS_FORWARD_CHARGE,95.0,114.0,19.0,LOW,2026-09-14 22:11:32.127304
AWB111258,BATCH-C,Delhivery,M-012,Indore,Tier-2,PHANTOM_RTO_CHARGE,0.0,141.0,141.0,MEDIUM,2026-09-14 22:11:31.631484
AWB111263,BATCH-A,Kwikship,M-016,Jaipur,Tier-3,ETA_SLA_BREACH,72.0,117.0,0.0,LOW,2026-09-14 22:11:32.038362
AWB111264,BATCH-D,Bluedart,M-005,Jaipur,Tier-3,WEIGHT_DISPUTE,5.95,7.71,106.0,MEDIUM,2026-09-14 22:11:31.453814
AWB111266,BATCH-A,DTDC,M-019,Pune,Tier-2,EXCESS_FORWARD_CHARGE,42.0,50.0,8.0,LOW,2026-09-14 22:11:32.127304
AWB111266,BATCH-A,DTDC,M-019,Pune,Tier-2,PHANTOM_RTO_CHARGE,0.0,205.0,205.0,MEDIUM,2026-09-14 22:11:31.631484
AWB111267,BATCH-B,Bluedart,M-003,Indore,Tier-2,PHANTOM_RTO_CHARGE,0.0,103.0,103.0,MEDIUM,2026-09-14 22:11:31.631484
AWB111268,BATCH-A,Delhivery,M-018,Jaipur,Tier-3,COD_SHORT_REMITTANCE,4797.0,4649.0,148.0,MEDIUM,2026-09-14 22:10:12.726074
AWB111271,BATCH-C,DTDC,M-002,Indore,Tier-2,EXCESS_FORWARD_CHARGE,95.0,114.0,19.0,LOW,2026-09-14 22:11:32.127304
AWB111274,BATCH-D,Bluedart,M-007,Jaipur,Tier-3,WEIGHT_DISPUTE,4.2,5.46,76.0,LOW,2026-09-14 22:11:31.453814
AWB111277,BATCH-B,Bluedart,M-014,Lucknow,Tier-3,PHANTOM_RTO_CHARGE,0.0,193.0,193.0,MEDIUM,2026-09-14 22:11:31.631484
AWB111277,BATCH-B,Bluedart,M-014,Lucknow,Tier-3,WEIGHT_DISPUTE,3.57,4.63,63.0,LOW,2026-09-14 22:11:31.453814
AWB111284,BATCH-C,DTDC,M-002,Delhi,Tier-1,EXCESS_FORWARD_CHARGE,95.0,114.0,19.0,LOW,2026-09-14 22:11:32.127304
AWB111287,BATCH-B,Delhivery,M-002,Mumbai,Tier-1,COD_SHORT_REMITTANCE,4348.0,4006.0,342.0,MEDIUM,2026-09-14 22:10:12.726074
AWB111289,BATCH-A,Kwikship,M-004,Jaipur,Tier-3,ETA_SLA_BREACH,72.0,131.6,0.0,LOW,2026-09-14 22:11:32.038362
AWB111290,BATCH-C,Bluedart,M-015,Lucknow,Tier-3,WEIGHT_DISPUTE,3.38,4.11,44.0,LOW,2026-09-14 22:11:31.453814
AWB111302,BATCH-B,Shiprocket,M-003,Lucknow,Tier-3,OVERDUE_REMITTANCE,14.0,21.0,1994.0,MEDIUM,2026-09-14 22:11:31.791087
AWB111306,BATCH-B,Bluedart,M-020,Jaipur,Tier-3,WEIGHT_DISPUTE,3.11,3.92,48.0,LOW,2026-09-14 22:11:31.453814
AWB111307,BATCH-A,DTDC,M-002,Indore,Tier-2,PHANTOM_RTO_CHARGE,0.0,131.0,131.0,MEDIUM,2026-09-14 22:11:31.631484
AWB111313,BATCH-D,Bluedart,M-011,Jaipur,Tier-3,WEIGHT_DISPUTE,2.49,3.06,34.0,LOW,2026-09-14 22:11:31.453814
AWB111317,BATCH-B,DTDC,M-001,Indore,Tier-2,EXCESS_FORWARD_CHARGE,95.0,114.0,19.0,LOW,2026-09-14 22:11:32.127304
AWB111317,BATCH-B,DTDC,M-001,Indore,Tier-2,PHANTOM_RTO_CHARGE,0.0,235.0,235.0,MEDIUM,2026-09-14 22:11:31.631484
AWB111320,BATCH-D,Shiprocket,M-016,Indore,Tier-2,PHANTOM_RTO_CHARGE,0.0,164.0,164.0,MEDIUM,2026-09-14 22:11:31.631484
AWB111322,BATCH-D,Delhivery,M-014,Delhi,Tier-1,COD_SHORT_REMITTANCE,5633.0,5349.0,284.0,MEDIUM,2026-09-14 22:10:12.726074
AWB111325,BATCH-B,Bluedart,M-013,Delhi,Tier-1,PHANTOM_RTO_CHARGE,0.0,165.0,165.0,MEDIUM,2026-09-14 22:11:31.631484
AWB111326,BATCH-D,DTDC,M-015,Jaipur,Tier-3,EXCESS_FORWARD_CHARGE,95.0,114.0,19.0,LOW,2026-09-14 22:11:32.127304
AWB111327,BATCH-C,DTDC,M-019,Mumbai,Tier-1,EXCESS_FORWARD_CHARGE,65.0,78.0,13.0,LOW,2026-09-14 22:11:32.127304
AWB111329,BATCH-B,Kwikship,M-016,Jaipur,Tier-3,ETA_SLA_BREACH,72.0,116.6,0.0,LOW,2026-09-14 22:11:32.038362
AWB111329,BATCH-B,Kwikship,M-016,Jaipur,Tier-3,PHANTOM_RTO_CHARGE,0.0,191.0,191.0,MEDIUM,2026-09-14 22:11:31.631484
AWB111332,BATCH-D,DTDC,M-006,Lucknow,Tier-3,EXCESS_FORWARD_CHARGE,95.0,114.0,19.0,LOW,2026-09-14 22:11:32.127304
AWB111332,BATCH-D,DTDC,M-006,Lucknow,Tier-3,PHANTOM_RTO_CHARGE,0.0,216.0,216.0,MEDIUM,2026-09-14 22:11:31.631484
AWB111334,BATCH-D,Bluedart,M-018,Lucknow,Tier-3,WEIGHT_DISPUTE,4.18,5.06,53.0,LOW,2026-09-14 22:11:31.453814
AWB111339,BATCH-C,Kwikship,M-005,Mumbai,Tier-1,PHANTOM_RTO_CHARGE,0.0,162.0,162.0,MEDIUM,2026-09-14 22:11:31.631484
AWB111342,BATCH-A,DTDC,M-017,Jaipur,Tier-3,EXCESS_FORWARD_CHARGE,65.0,78.0,13.0,LOW,2026-09-14 22:11:32.127304
AWB111351,BATCH-C,DTDC,M-005,Pune,Tier-2,EXCESS_FORWARD_CHARGE,95.0,114.0,19.0,LOW,2026-09-14 22:11:32.127304
AWB111357,BATCH-B,DTDC,M-018,Jaipur,Tier-3,EXCESS_FORWARD_CHARGE,65.0,78.0,13.0,LOW,2026-09-14 22:11:32.127304
AWB111359,BATCH-A,Delhivery,M-014,Jaipur,Tier-3,COD_SHORT_REMITTANCE,4780.0,4486.0,294.0,MEDIUM,2026-09-14 22:10:12.726074
AWB111368,BATCH-C,Kwikship,M-020,Lucknow,Tier-3,ETA_SLA_BREACH,72.0,129.8,0.0,LOW,2026-09-14 22:11:32.038362
AWB111371,BATCH-D,Delhivery,M-004,Lucknow,Tier-3,COD_SHORT_REMITTANCE,5190.0,4911.0,279.0,MEDIUM,2026-09-14 22:10:12.726074
AWB111375,BATCH-B,Bluedart,M-004,Jaipur,Tier-3,WEIGHT_DISPUTE,2.17,2.73,34.0,LOW,2026-09-14 22:11:31.453814
AWB111377,BATCH-D,Kwikship,M-003,Mumbai,Tier-1,PHANTOM_RTO_CHARGE,0.0,209.0,209.0,MEDIUM,2026-09-14 22:11:31.631484
AWB111379,BATCH-A,Kwikship,M-019,Lucknow,Tier-3,ETA_SLA_BREACH,72.0,105.2,0.0,LOW,2026-09-14 22:11:32.038362
AWB111380,BATCH-D,DTDC,M-013,Pune,Tier-2,EXCESS_FORWARD_CHARGE,95.0,114.0,19.0,LOW,2026-09-14 22:11:32.127304
AWB111383,BATCH-D,Shiprocket,M-011,Mumbai,Tier-1,DUPLICATE_SETTLEMENT,1.0,2.0,0.0,HIGH,2026-09-14 22:11:31.913657
AWB111383,BATCH-DUP,Shiprocket,M-011,Mumbai,Tier-1,DUPLICATE_SETTLEMENT,1.0,2.0,0.0,HIGH,2026-09-14 22:11:31.913657
AWB111388,BATCH-B,Shiprocket,M-009,Indore,Tier-2,OVERDUE_REMITTANCE,14.0,18.0,0.0,MEDIUM,2026-09-14 22:11:31.791087
AWB111395,BATCH-D,DTDC,M-001,Pune,Tier-2,EXCESS_FORWARD_CHARGE,95.0,114.0,19.0,LOW,2026-09-14 22:11:32.127304
AWB111402,BATCH-B,Bluedart,M-012,Lucknow,Tier-3,WEIGHT_DISPUTE,7.62,9.43,109.0,MEDIUM,2026-09-14 22:11:31.453814
AWB111414,BATCH-B,Kwikship,M-006,Mumbai,Tier-1,DUPLICATE_SETTLEMENT,1.0,2.0,1706.0,HIGH,2026-09-14 22:11:31.913657
AWB111414,BATCH-DUP,Kwikship,M-006,Mumbai,Tier-1,DUPLICATE_SETTLEMENT,1.0,2.0,1706.0,HIGH,2026-09-14 22:11:31.913657
AWB111429,BATCH-D,Kwikship,M-007,Jaipur,Tier-3,PHANTOM_RTO_CHARGE,0.0,133.0,133.0,MEDIUM,2026-09-14 22:11:31.631484
AWB111434,BATCH-A,Delhivery,M-018,Delhi,Tier-1,COD_SHORT_REMITTANCE,4695.0,4462.0,233.0,MEDIUM,2026-09-14 22:10:12.726074
AWB111440,BATCH-B,Shiprocket,M-004,Mumbai,Tier-1,PHANTOM_RTO_CHARGE,0.0,182.0,182.0,MEDIUM,2026-09-14 22:11:31.631484
AWB111441,BATCH-A,Kwikship,M-013,Lucknow,Tier-3,ETA_SLA_BREACH,72.0,106.8,0.0,LOW,2026-09-14 22:11:32.038362
AWB111444,BATCH-A,Delhivery,M-018,Indore,Tier-2,COD_SHORT_REMITTANCE,5006.0,4629.0,377.0,MEDIUM,2026-09-14 22:10:12.726074
AWB111449,BATCH-B,Delhivery,M-012,Pune,Tier-2,COD_SHORT_REMITTANCE,3293.0,3052.0,241.0,MEDIUM,2026-09-14 22:10:12.726074
AWB111458,BATCH-A,Bluedart,M-014,Indore,Tier-2,PHANTOM_RTO_CHARGE,0.0,227.0,227.0,MEDIUM,2026-09-14 22:11:31.631484
AWB111459,BATCH-D,Delhivery,M-011,Delhi,Tier-1,COD_SHORT_REMITTANCE,4642.0,4490.0,152.0,MEDIUM,2026-09-14 22:10:12.726074
AWB111465,BATCH-B,Kwikship,M-008,Jaipur,Tier-3,ETA_SLA_BREACH,72.0,136.5,0.0,LOW,2026-09-14 22:11:32.038362
AWB111473,BATCH-A,Bluedart,M-008,Jaipur,Tier-3,WEIGHT_DISPUTE,3.18,4.1,56.0,LOW,2026-09-14 22:11:31.453814
AWB111476,BATCH-C,Shiprocket,M-018,Delhi,Tier-1,PHANTOM_RTO_CHARGE,0.0,171.0,171.0,MEDIUM,2026-09-14 22:11:31.631484
AWB111477,BATCH-B,Delhivery,M-016,Mumbai,Tier-1,COD_SHORT_REMITTANCE,3165.0,3067.0,98.0,LOW,2026-09-14 22:10:12.726074
AWB111480,BATCH-B,Bluedart,M-008,Jaipur,Tier-3,WEIGHT_DISPUTE,1.68,2.21,32.0,LOW,2026-09-14 22:11:31.453814
AWB111481,BATCH-C,Shiprocket,M-017,Pune,Tier-2,OVERDUE_REMITTANCE,14.0,25.0,2789.0,MEDIUM,2026-09-14 22:11:31.791087
AWB111483,BATCH-B,Kwikship,M-020,Jaipur,Tier-3,ETA_SLA_BREACH,72.0,106.5,0.0,LOW,2026-09-14 22:11:32.038362
AWB111485,BATCH-C,Kwikship,M-002,Mumbai,Tier-1,PHANTOM_RTO_CHARGE,0.0,217.0,217.0,MEDIUM,2026-09-14 22:11:31.631484
AWB111487,BATCH-C,DTDC,M-017,Jaipur,Tier-3,EXCESS_FORWARD_CHARGE,95.0,114.0,19.0,LOW,2026-09-14 22:11:32.127304
AWB111488,BATCH-B,Delhivery,M-011,Delhi,Tier-1,DUPLICATE_SETTLEMENT,1.0,2.0,5895.0,HIGH,2026-09-14 22:11:31.913657
AWB111488,BATCH-B,Delhivery,M-011,Delhi,Tier-1,PHANTOM_RTO_CHARGE,0.0,120.0,120.0,MEDIUM,2026-09-14 22:11:31.631484
AWB111488,BATCH-DUP,Delhivery,M-011,Delhi,Tier-1,DUPLICATE_SETTLEMENT,1.0,2.0,5895.0,HIGH,2026-09-14 22:11:31.913657
AWB111488,BATCH-DUP,Delhivery,M-011,Delhi,Tier-1,PHANTOM_RTO_CHARGE,0.0,120.0,120.0,MEDIUM,2026-09-14 22:11:31.631484
AWB111491,BATCH-C,Delhivery,M-007,Indore,Tier-2,COD_SHORT_REMITTANCE,3310.0,3069.0,241.0,MEDIUM,2026-09-14 22:10:12.726074
AWB111496,BATCH-B,DTDC,M-015,Pune,Tier-2,EXCESS_FORWARD_CHARGE,65.0,78.0,13.0,LOW,2026-09-14 22:11:32.127304
AWB111499,BATCH-C,DTDC,M-004,Mumbai,Tier-1,EXCESS_FORWARD_CHARGE,42.0,50.0,8.0,LOW,2026-09-14 22:11:32.127304
AWB111503,BATCH-B,Delhivery,M-002,Indore,Tier-2,COD_SHORT_REMITTANCE,5917.0,5472.0,445.0,MEDIUM,2026-09-14 22:10:12.726074
AWB111506,BATCH-D,Bluedart,M-011,Lucknow,Tier-3,PHANTOM_RTO_CHARGE,0.0,238.0,238.0,MEDIUM,2026-09-14 22:11:31.631484
AWB111506,BATCH-D,Bluedart,M-011,Lucknow,Tier-3,WEIGHT_DISPUTE,8.13,10.72,156.0,MEDIUM,2026-09-14 22:11:31.453814
AWB111509,BATCH-C,DTDC,M-018,Pune,Tier-2,EXCESS_FORWARD_CHARGE,95.0,114.0,19.0,LOW,2026-09-14 22:11:32.127304
AWB111510,BATCH-C,DTDC,M-001,Mumbai,Tier-1,EXCESS_FORWARD_CHARGE,95.0,114.0,19.0,LOW,2026-09-14 22:11:32.127304
AWB111514,BATCH-D,DTDC,M-007,Mumbai,Tier-1,EXCESS_FORWARD_CHARGE,95.0,114.0,19.0,LOW,2026-09-14 22:11:32.127304
AWB111516,BATCH-D,Kwikship,M-002,Lucknow,Tier-3,ETA_SLA_BREACH,72.0,108.1,0.0,LOW,2026-09-14 22:11:32.038362
AWB111519,BATCH-C,Kwikship,M-010,Jaipur,Tier-3,ETA_SLA_BREACH,72.0,142.4,0.0,LOW,2026-09-14 22:11:32.038362
AWB111521,BATCH-B,Kwikship,M-002,Lucknow,Tier-3,ETA_SLA_BREACH,72.0,115.3,0.0,LOW,2026-09-14 22:11:32.038362
AWB111525,BATCH-D,Bluedart,M-020,Lucknow,Tier-3,WEIGHT_DISPUTE,2.17,2.86,41.0,LOW,2026-09-14 22:11:31.453814
AWB111532,BATCH-A,Delhivery,M-005,Mumbai,Tier-1,COD_SHORT_REMITTANCE,5718.0,5300.0,418.0,MEDIUM,2026-09-14 22:10:12.726074
AWB111535,BATCH-A,Bluedart,M-006,Jaipur,Tier-3,DUPLICATE_SETTLEMENT,1.0,2.0,2080.0,HIGH,2026-09-14 22:11:31.913657
AWB111535,BATCH-DUP,Bluedart,M-006,Jaipur,Tier-3,DUPLICATE_SETTLEMENT,1.0,2.0,2080.0,HIGH,2026-09-14 22:11:31.913657
AWB111538,BATCH-D,Delhivery,M-011,Pune,Tier-2,DUPLICATE_SETTLEMENT,1.0,2.0,2484.0,HIGH,2026-09-14 22:11:31.913657
AWB111538,BATCH-DUP,Delhivery,M-011,Pune,Tier-2,DUPLICATE_SETTLEMENT,1.0,2.0,2484.0,HIGH,2026-09-14 22:11:31.913657
AWB111540,BATCH-D,Shiprocket,M-017,Indore,Tier-2,OVERDUE_REMITTANCE,14.0,18.0,793.0,MEDIUM,2026-09-14 22:11:31.791087
AWB111554,BATCH-B,DTDC,M-006,Pune,Tier-2,EXCESS_FORWARD_CHARGE,42.0,50.0,8.0,LOW,2026-09-14 22:11:32.127304
AWB111556,BATCH-B,DTDC,M-017,Delhi,Tier-1,EXCESS_FORWARD_CHARGE,65.0,78.0,13.0,LOW,2026-09-14 22:11:32.127304
AWB111560,BATCH-D,Shiprocket,M-020,Delhi,Tier-1,OVERDUE_REMITTANCE,14.0,18.0,0.0,MEDIUM,2026-09-14 22:11:31.791087
AWB111561,BATCH-D,Bluedart,M-001,Jaipur,Tier-3,WEIGHT_DISPUTE,4.44,5.62,71.0,LOW,2026-09-14 22:11:31.453814
AWB111563,BATCH-D,DTDC,M-016,Lucknow,Tier-3,EXCESS_FORWARD_CHARGE,95.0,114.0,19.0,LOW,2026-09-14 22:11:32.127304
AWB111565,BATCH-D,Delhivery,M-002,Pune,Tier-2,COD_SHORT_REMITTANCE,4770.0,4422.0,348.0,MEDIUM,2026-09-14 22:10:12.726074
AWB111571,BATCH-A,Shiprocket,M-006,Mumbai,Tier-1,OVERDUE_REMITTANCE,14.0,27.0,0.0,MEDIUM,2026-09-14 22:11:31.791087
AWB111572,BATCH-A,Bluedart,M-018,Jaipur,Tier-3,WEIGHT_DISPUTE,2.14,2.7,33.0,LOW,2026-09-14 22:11:31.453814
AWB111578,BATCH-B,DTDC,M-006,Pune,Tier-2,EXCESS_FORWARD_CHARGE,42.0,50.0,8.0,LOW,2026-09-14 22:11:32.127304
AWB111581,BATCH-D,Shiprocket,M-019,Pune,Tier-2,OVERDUE_REMITTANCE,14.0,20.0,0.0,MEDIUM,2026-09-14 22:11:31.791087
AWB111582,BATCH-C,Bluedart,M-012,Jaipur,Tier-3,WEIGHT_DISPUTE,4.41,5.34,56.0,LOW,2026-09-14 22:11:31.453814
AWB111587,BATCH-A,Delhivery,M-016,Mumbai,Tier-1,PHANTOM_RTO_CHARGE,0.0,128.0,128.0,MEDIUM,2026-09-14 22:11:31.631484
AWB111588,BATCH-C,DTDC,M-010,Delhi,Tier-1,EXCESS_FORWARD_CHARGE,42.0,50.0,8.0,LOW,2026-09-14 22:11:32.127304
AWB111593,BATCH-B,DTDC,M-020,Mumbai,Tier-1,EXCESS_FORWARD_CHARGE,95.0,114.0,19.0,LOW,2026-09-14 22:11:32.127304
AWB111594,BATCH-D,DTDC,M-002,Delhi,Tier-1,EXCESS_FORWARD_CHARGE,95.0,114.0,19.0,LOW,2026-09-14 22:11:32.127304
AWB111599,BATCH-D,Shiprocket,M-019,Indore,Tier-2,OVERDUE_REMITTANCE,14.0,25.0,0.0,MEDIUM,2026-09-14 22:11:31.791087
AWB111609,BATCH-B,Kwikship,M-013,Jaipur,Tier-3,PHANTOM_RTO_CHARGE,0.0,123.0,123.0,MEDIUM,2026-09-14 22:11:31.631484
AWB111610,BATCH-B,Delhivery,M-018,Indore,Tier-2,COD_SHORT_REMITTANCE,5014.0,4792.0,222.0,MEDIUM,2026-09-14 22:10:12.726074
AWB111612,BATCH-D,DTDC,M-008,Jaipur,Tier-3,DUPLICATE_SETTLEMENT,1.0,2.0,4409.0,HIGH,2026-09-14 22:11:31.913657
AWB111612,BATCH-D,DTDC,M-008,Jaipur,Tier-3,PHANTOM_RTO_CHARGE,0.0,121.0,121.0,MEDIUM,2026-09-14 22:11:31.631484
AWB111612,BATCH-DUP,DTDC,M-008,Jaipur,Tier-3,DUPLICATE_SETTLEMENT,1.0,2.0,4409.0,HIGH,2026-09-14 22:11:31.913657
AWB111612,BATCH-DUP,DTDC,M-008,Jaipur,Tier-3,PHANTOM_RTO_CHARGE,0.0,121.0,121.0,MEDIUM,2026-09-14 22:11:31.631484
AWB111619,BATCH-A,Shiprocket,M-013,Mumbai,Tier-1,OVERDUE_REMITTANCE,14.0,27.0,2233.0,MEDIUM,2026-09-14 22:11:31.791087
AWB111620,BATCH-A,Kwikship,M-013,Lucknow,Tier-3,ETA_SLA_BREACH,72.0,113.1,0.0,LOW,2026-09-14 22:11:32.038362
AWB111625,BATCH-A,Bluedart,M-005,Jaipur,Tier-3,WEIGHT_DISPUTE,4.38,5.54,70.0,LOW,2026-09-14 22:11:31.453814
AWB111626,BATCH-D,Bluedart,M-005,Delhi,Tier-1,PHANTOM_RTO_CHARGE,0.0,124.0,124.0,MEDIUM,2026-09-14 22:11:31.631484
AWB111631,BATCH-C,DTDC,M-005,Pune,Tier-2,EXCESS_FORWARD_CHARGE,42.0,50.0,8.0,LOW,2026-09-14 22:11:32.127304
AWB111636,BATCH-C,DTDC,M-003,Jaipur,Tier-3,EXCESS_FORWARD_CHARGE,95.0,114.0,19.0,LOW,2026-09-14 22:11:32.127304
AWB111646,BATCH-D,DTDC,M-018,Indore,Tier-2,PHANTOM_RTO_CHARGE,0.0,116.0,116.0,MEDIUM,2026-09-14 22:11:31.631484
AWB111651,BATCH-B,Bluedart,M-017,Indore,Tier-2,DUPLICATE_SETTLEMENT,1.0,2.0,0.0,HIGH,2026-09-14 22:11:31.913657
AWB111651,BATCH-DUP,Bluedart,M-017,Indore,Tier-2,DUPLICATE_SETTLEMENT,1.0,2.0,0.0,HIGH,2026-09-14 22:11:31.913657
AWB111655,BATCH-B,Bluedart,M-018,Jaipur,Tier-3,WEIGHT_DISPUTE,6.58,8.48,114.0,MEDIUM,2026-09-14 22:11:31.453814
AWB111664,BATCH-A,DTDC,M-017,Indore,Tier-2,PHANTOM_RTO_CHARGE,0.0,101.0,101.0,MEDIUM,2026-09-14 22:11:31.631484
AWB111665,BATCH-B,Shiprocket,M-001,Indore,Tier-2,DUPLICATE_SETTLEMENT,1.0,2.0,0.0,HIGH,2026-09-14 22:11:31.913657
AWB111665,BATCH-DUP,Shiprocket,M-001,Indore,Tier-2,DUPLICATE_SETTLEMENT,1.0,2.0,0.0,HIGH,2026-09-14 22:11:31.913657
AWB111672,BATCH-D,Shiprocket,M-019,Indore,Tier-2,OVERDUE_REMITTANCE,14.0,18.0,3567.0,MEDIUM,2026-09-14 22:11:31.791087
AWB111674,BATCH-D,DTDC,M-006,Delhi,Tier-1,EXCESS_FORWARD_CHARGE,95.0,114.0,19.0,LOW,2026-09-14 22:11:32.127304
AWB111681,BATCH-B,Bluedart,M-016,Lucknow,Tier-3,WEIGHT_DISPUTE,4.51,5.95,86.0,LOW,2026-09-14 22:11:31.453814
AWB111682,BATCH-B,DTDC,M-001,Pune,Tier-2,PHANTOM_RTO_CHARGE,0.0,212.0,212.0,MEDIUM,2026-09-14 22:11:31.631484
AWB111684,BATCH-B,Delhivery,M-002,Mumbai,Tier-1,PHANTOM_RTO_CHARGE,0.0,105.0,105.0,MEDIUM,2026-09-14 22:11:31.631484
AWB111685,BATCH-C,Delhivery,M-018,Indore,Tier-2,PHANTOM_RTO_CHARGE,0.0,173.0,173.0,MEDIUM,2026-09-14 22:11:31.631484
AWB111689,BATCH-A,DTDC,M-003,Mumbai,Tier-1,EXCESS_FORWARD_CHARGE,95.0,114.0,19.0,LOW,2026-09-14 22:11:32.127304
AWB111689,BATCH-A,DTDC,M-003,Mumbai,Tier-1,PHANTOM_RTO_CHARGE,0.0,175.0,175.0,MEDIUM,2026-09-14 22:11:31.631484
AWB111692,BATCH-C,Delhivery,M-015,Mumbai,Tier-1,COD_SHORT_REMITTANCE,3668.0,3545.0,123.0,MEDIUM,2026-09-14 22:10:12.726074
AWB111694,BATCH-A,Kwikship,M-017,Lucknow,Tier-3,ETA_SLA_BREACH,72.0,104.2,0.0,LOW,2026-09-14 22:11:32.038362
AWB111695,BATCH-C,Bluedart,M-014,Jaipur,Tier-3,PHANTOM_RTO_CHARGE,0.0,181.0,181.0,MEDIUM,2026-09-14 22:11:31.631484
AWB111695,BATCH-C,Bluedart,M-014,Jaipur,Tier-3,WEIGHT_DISPUTE,5.8,7.39,95.0,LOW,2026-09-14 22:11:31.453814
AWB111696,BATCH-B,Kwikship,M-002,Lucknow,Tier-3,ETA_SLA_BREACH,72.0,114.2,0.0,LOW,2026-09-14 22:11:32.038362
AWB111699,BATCH-D,Bluedart,M-013,Jaipur,Tier-3,PHANTOM_RTO_CHARGE,0.0,154.0,154.0,MEDIUM,2026-09-14 22:11:31.631484
AWB111701,BATCH-C,Kwikship,M-015,Delhi,Tier-1,PHANTOM_RTO_CHARGE,0.0,224.0,224.0,MEDIUM,2026-09-14 22:11:31.631484
AWB111709,BATCH-C,Bluedart,M-010,Jaipur,Tier-3,WEIGHT_DISPUTE,2.89,3.5,37.0,LOW,2026-09-14 22:11:31.453814
AWB111710,BATCH-D,Kwikship,M-017,Jaipur,Tier-3,ETA_SLA_BREACH,72.0,130.1,0.0,LOW,2026-09-14 22:11:32.038362
AWB111713,BATCH-B,Bluedart,M-015,Jaipur,Tier-3,WEIGHT_DISPUTE,2.0,2.47,28.0,LOW,2026-09-14 22:11:31.453814
AWB111715,BATCH-A,Delhivery,M-009,Jaipur,Tier-3,COD_SHORT_REMITTANCE,5710.0,5345.0,365.0,MEDIUM,2026-09-14 22:10:12.726074
AWB111717,BATCH-C,DTDC,M-015,Lucknow,Tier-3,EXCESS_FORWARD_CHARGE,95.0,114.0,19.0,LOW,2026-09-14 22:11:32.127304
AWB111720,BATCH-A,Kwikship,M-003,Lucknow,Tier-3,PHANTOM_RTO_CHARGE,0.0,223.0,223.0,MEDIUM,2026-09-14 22:11:31.631484
AWB111724,BATCH-D,Delhivery,M-020,Jaipur,Tier-3,COD_SHORT_REMITTANCE,5370.0,5110.0,260.0,MEDIUM,2026-09-14 22:10:12.726074
AWB111741,BATCH-C,DTDC,M-016,Pune,Tier-2,EXCESS_FORWARD_CHARGE,95.0,114.0,19.0,LOW,2026-09-14 22:11:32.127304
AWB111746,BATCH-D,Kwikship,M-017,Lucknow,Tier-3,PHANTOM_RTO_CHARGE,0.0,193.0,193.0,MEDIUM,2026-09-14 22:11:31.631484
AWB111752,BATCH-B,Kwikship,M-002,Delhi,Tier-1,PHANTOM_RTO_CHARGE,0.0,181.0,181.0,MEDIUM,2026-09-14 22:11:31.631484
AWB111757,BATCH-B,Bluedart,M-010,Lucknow,Tier-3,WEIGHT_DISPUTE,4.31,5.4,66.0,LOW,2026-09-14 22:11:31.453814
AWB111760,BATCH-B,DTDC,M-005,Indore,Tier-2,EXCESS_FORWARD_CHARGE,95.0,114.0,19.0,LOW,2026-09-14 22:11:32.127304
AWB111762,BATCH-B,Bluedart,M-006,Jaipur,Tier-3,PHANTOM_RTO_CHARGE,0.0,129.0,129.0,MEDIUM,2026-09-14 22:11:31.631484
AWB111763,BATCH-D,DTDC,M-018,Jaipur,Tier-3,EXCESS_FORWARD_CHARGE,95.0,114.0,19.0,LOW,2026-09-14 22:11:32.127304
AWB111764,BATCH-B,DTDC,M-019,Indore,Tier-2,EXCESS_FORWARD_CHARGE,95.0,114.0,19.0,LOW,2026-09-14 22:11:32.127304
AWB111765,BATCH-A,Kwikship,M-001,Mumbai,Tier-1,PHANTOM_RTO_CHARGE,0.0,172.0,172.0,MEDIUM,2026-09-14 22:11:31.631484
AWB111768,BATCH-D,DTDC,M-009,Jaipur,Tier-3,EXCESS_FORWARD_CHARGE,95.0,114.0,19.0,LOW,2026-09-14 22:11:32.127304
AWB111769,BATCH-C,Kwikship,M-002,Lucknow,Tier-3,ETA_SLA_BREACH,72.0,139.2,0.0,LOW,2026-09-14 22:11:32.038362
AWB111778,BATCH-C,Bluedart,M-013,Lucknow,Tier-3,WEIGHT_DISPUTE,5.42,6.41,59.0,LOW,2026-09-14 22:11:31.453814
AWB111780,BATCH-B,DTDC,M-004,Mumbai,Tier-1,EXCESS_FORWARD_CHARGE,95.0,114.0,19.0,LOW,2026-09-14 22:11:32.127304
AWB111784,BATCH-C,DTDC,M-010,Delhi,Tier-1,PHANTOM_RTO_CHARGE,0.0,130.0,130.0,MEDIUM,2026-09-14 22:11:31.631484
AWB111787,BATCH-A,Bluedart,M-008,Jaipur,Tier-3,WEIGHT_DISPUTE,4.31,5.66,81.0,LOW,2026-09-14 22:11:31.453814
AWB111801,BATCH-B,DTDC,M-020,Lucknow,Tier-3,EXCESS_FORWARD_CHARGE,95.0,114.0,19.0,LOW,2026-09-14 22:11:32.127304
AWB111804,BATCH-C,Bluedart,M-002,Jaipur,Tier-3,PHANTOM_RTO_CHARGE,0.0,147.0,147.0,MEDIUM,2026-09-14 22:11:31.631484
AWB111804,BATCH-C,Bluedart,M-002,Jaipur,Tier-3,WEIGHT_DISPUTE,7.45,9.5,123.0,MEDIUM,2026-09-14 22:11:31.453814
AWB111810,BATCH-A,DTDC,M-004,Pune,Tier-2,EXCESS_FORWARD_CHARGE,95.0,114.0,19.0,LOW,2026-09-14 22:11:32.127304
AWB111811,BATCH-B,DTDC,M-020,Delhi,Tier-1,EXCESS_FORWARD_CHARGE,42.0,50.0,8.0,LOW,2026-09-14 22:11:32.127304
AWB111814,BATCH-D,Bluedart,M-011,Indore,Tier-2,PHANTOM_RTO_CHARGE,0.0,227.0,227.0,MEDIUM,2026-09-14 22:11:31.631484
AWB111815,BATCH-C,Delhivery,M-011,Delhi,Tier-1,PHANTOM_RTO_CHARGE,0.0,248.0,248.0,MEDIUM,2026-09-14 22:11:31.631484
AWB111817,BATCH-D,Bluedart,M-019,Lucknow,Tier-3,WEIGHT_DISPUTE,4.59,5.42,50.0,LOW,2026-09-14 22:11:31.453814
AWB111821,BATCH-A,Shiprocket,M-001,Delhi,Tier-1,OVERDUE_REMITTANCE,14.0,21.0,2956.0,MEDIUM,2026-09-14 22:11:31.791087
AWB111822,BATCH-C,Kwikship,M-010,Delhi,Tier-1,PHANTOM_RTO_CHARGE,0.0,172.0,172.0,MEDIUM,2026-09-14 22:11:31.631484
AWB111827,BATCH-B,Bluedart,M-006,Jaipur,Tier-3,WEIGHT_DISPUTE,4.95,6.14,71.0,LOW,2026-09-14 22:11:31.453814
AWB111834,BATCH-B,DTDC,M-018,Mumbai,Tier-1,EXCESS_FORWARD_CHARGE,65.0,78.0,13.0,LOW,2026-09-14 22:11:32.127304
AWB111843,BATCH-A,Delhivery,M-007,Indore,Tier-2,PHANTOM_RTO_CHARGE,0.0,224.0,224.0,MEDIUM,2026-09-14 22:11:31.631484
AWB111844,BATCH-B,DTDC,M-003,Mumbai,Tier-1,DUPLICATE_SETTLEMENT,1.0,2.0,782.0,HIGH,2026-09-14 22:11:31.913657
AWB111844,BATCH-DUP,DTDC,M-003,Mumbai,Tier-1,DUPLICATE_SETTLEMENT,1.0,2.0,782.0,HIGH,2026-09-14 22:11:31.913657
AWB111848,BATCH-D,DTDC,M-007,Delhi,Tier-1,PHANTOM_RTO_CHARGE,0.0,101.0,101.0,MEDIUM,2026-09-14 22:11:31.631484
AWB111864,BATCH-B,DTDC,M-017,Indore,Tier-2,EXCESS_FORWARD_CHARGE,95.0,114.0,19.0,LOW,2026-09-14 22:11:32.127304
AWB111864,BATCH-B,DTDC,M-017,Indore,Tier-2,PHANTOM_RTO_CHARGE,0.0,108.0,108.0,MEDIUM,2026-09-14 22:11:31.631484
AWB111866,BATCH-A,DTDC,M-020,Lucknow,Tier-3,EXCESS_FORWARD_CHARGE,95.0,114.0,19.0,LOW,2026-09-14 22:11:32.127304
AWB111866,BATCH-A,DTDC,M-020,Lucknow,Tier-3,PHANTOM_RTO_CHARGE,0.0,208.0,208.0,MEDIUM,2026-09-14 22:11:31.631484
AWB111867,BATCH-A,Kwikship,M-016,Jaipur,Tier-3,ETA_SLA_BREACH,72.0,122.8,0.0,LOW,2026-09-14 22:11:32.038362
AWB111868,BATCH-B,Shiprocket,M-011,Indore,Tier-2,OVERDUE_REMITTANCE,14.0,25.0,0.0,MEDIUM,2026-09-14 22:11:31.791087
AWB111870,BATCH-A,Bluedart,M-011,Jaipur,Tier-3,WEIGHT_DISPUTE,0.87,1.1,14.0,LOW,2026-09-14 22:11:31.453814
AWB111872,BATCH-D,Shiprocket,M-010,Delhi,Tier-1,DUPLICATE_SETTLEMENT,1.0,2.0,3820.0,HIGH,2026-09-14 22:11:31.913657
AWB111872,BATCH-DUP,Shiprocket,M-010,Delhi,Tier-1,DUPLICATE_SETTLEMENT,1.0,2.0,3820.0,HIGH,2026-09-14 22:11:31.913657
AWB111874,BATCH-D,Delhivery,M-008,Indore,Tier-2,COD_SHORT_REMITTANCE,3132.0,2917.0,215.0,MEDIUM,2026-09-14 22:10:12.726074
AWB111879,BATCH-A,Shiprocket,M-002,Delhi,Tier-1,OVERDUE_REMITTANCE,14.0,26.0,3263.0,MEDIUM,2026-09-14 22:11:31.791087
AWB111880,BATCH-C,DTDC,M-019,Mumbai,Tier-1,EXCESS_FORWARD_CHARGE,65.0,78.0,13.0,LOW,2026-09-14 22:11:32.127304
AWB111890,BATCH-C,Delhivery,M-004,Mumbai,Tier-1,COD_SHORT_REMITTANCE,5597.0,5205.0,392.0,MEDIUM,2026-09-14 22:10:12.726074
AWB111893,BATCH-D,DTDC,M-009,Delhi,Tier-1,EXCESS_FORWARD_CHARGE,95.0,114.0,19.0,LOW,2026-09-14 22:11:32.127304
AWB111900,BATCH-D,Bluedart,M-013,Jaipur,Tier-3,WEIGHT_DISPUTE,0.62,0.77,9.0,LOW,2026-09-14 22:11:31.453814
AWB111904,BATCH-D,Bluedart,M-005,Jaipur,Tier-3,WEIGHT_DISPUTE,8.15,10.03,113.0,MEDIUM,2026-09-14 22:11:31.453814
AWB111907,BATCH-D,DTDC,M-003,Delhi,Tier-1,EXCESS_FORWARD_CHARGE,95.0,114.0,19.0,LOW,2026-09-14 22:11:32.127304
AWB111915,BATCH-A,Kwikship,M-011,Jaipur,Tier-3,ETA_SLA_BREACH,72.0,107.3,0.0,LOW,2026-09-14 22:11:32.038362
AWB111922,BATCH-A,Delhivery,M-001,Jaipur,Tier-3,DUPLICATE_SETTLEMENT,1.0,2.0,0.0,HIGH,2026-09-14 22:11:31.913657
AWB111922,BATCH-DUP,Delhivery,M-001,Jaipur,Tier-3,DUPLICATE_SETTLEMENT,1.0,2.0,0.0,HIGH,2026-09-14 22:11:31.913657
AWB111937,BATCH-B,Delhivery,M-001,Jaipur,Tier-3,COD_SHORT_REMITTANCE,4375.0,4079.0,296.0,MEDIUM,2026-09-14 22:10:12.726074
AWB111939,BATCH-D,DTDC,M-011,Mumbai,Tier-1,EXCESS_FORWARD_CHARGE,65.0,78.0,13.0,LOW,2026-09-14 22:11:32.127304
AWB111940,BATCH-A,Kwikship,M-020,Lucknow,Tier-3,ETA_SLA_BREACH,72.0,123.2,0.0,LOW,2026-09-14 22:11:32.038362
AWB111943,BATCH-B,Delhivery,M-016,Jaipur,Tier-3,COD_SHORT_REMITTANCE,3435.0,3329.0,106.0,MEDIUM,2026-09-14 22:10:12.726074
AWB111947,BATCH-B,Delhivery,M-001,Mumbai,Tier-1,COD_SHORT_REMITTANCE,3335.0,3134.0,201.0,MEDIUM,2026-09-14 22:10:12.726074
AWB111954,BATCH-C,DTDC,M-019,Pune,Tier-2,PHANTOM_RTO_CHARGE,0.0,216.0,216.0,MEDIUM,2026-09-14 22:11:31.631484
AWB111963,BATCH-C,Bluedart,M-007,Lucknow,Tier-3,WEIGHT_DISPUTE,2.54,3.35,49.0,LOW,2026-09-14 22:11:31.453814
AWB111969,BATCH-D,Bluedart,M-004,Lucknow,Tier-3,WEIGHT_DISPUTE,8.02,10.13,127.0,MEDIUM,2026-09-14 22:11:31.453814
AWB111972,BATCH-C,Kwikship,M-008,Delhi,Tier-1,PHANTOM_RTO_CHARGE,0.0,120.0,120.0,MEDIUM,2026-09-14 22:11:31.631484
AWB111973,BATCH-A,Delhivery,M-004,Indore,Tier-2,COD_SHORT_REMITTANCE,4289.0,3954.0,335.0,MEDIUM,2026-09-14 22:10:12.726074
AWB111975,BATCH-B,DTDC,M-005,Lucknow,Tier-3,EXCESS_FORWARD_CHARGE,95.0,114.0,19.0,LOW,2026-09-14 22:11:32.127304
AWB111976,BATCH-D,DTDC,M-019,Delhi,Tier-1,EXCESS_FORWARD_CHARGE,95.0,114.0,19.0,LOW,2026-09-14 22:11:32.127304
AWB111979,BATCH-C,Kwikship,M-011,Delhi,Tier-1,DUPLICATE_SETTLEMENT,1.0,2.0,1354.0,HIGH,2026-09-14 22:11:31.913657
AWB111979,BATCH-DUP,Kwikship,M-011,Delhi,Tier-1,DUPLICATE_SETTLEMENT,1.0,2.0,1354.0,HIGH,2026-09-14 22:11:31.913657
AWB111980,BATCH-B,DTDC,M-010,Jaipur,Tier-3,EXCESS_FORWARD_CHARGE,95.0,114.0,19.0,LOW,2026-09-14 22:11:32.127304
AWB111985,BATCH-B,DTDC,M-012,Mumbai,Tier-1,EXCESS_FORWARD_CHARGE,95.0,114.0,19.0,LOW,2026-09-14 22:11:32.127304
AWB111992,BATCH-C,Bluedart,M-006,Jaipur,Tier-3,WEIGHT_DISPUTE,6.47,8.4,116.0,MEDIUM,2026-09-14 22:11:31.453814
AWB111998,BATCH-A,Bluedart,M-010,Delhi,Tier-1,PHANTOM_RTO_CHARGE,0.0,117.0,117.0,MEDIUM,2026-09-14 22:11:31.631484
AWB112001,BATCH-B,Delhivery,M-009,Delhi,Tier-1,COD_SHORT_REMITTANCE,4520.0,4329.0,191.0,MEDIUM,2026-09-14 22:10:12.726074
AWB112008,BATCH-C,Bluedart,M-008,Jaipur,Tier-3,WEIGHT_DISPUTE,4.05,4.83,47.0,LOW,2026-09-14 22:11:31.453814
AWB112032,BATCH-B,DTDC,M-019,Mumbai,Tier-1,EXCESS_FORWARD_CHARGE,95.0,114.0,19.0,LOW,2026-09-14 22:11:32.127304
AWB112038,BATCH-C,Bluedart,M-014,Lucknow,Tier-3,WEIGHT_DISPUTE,3.37,4.17,48.0,LOW,2026-09-14 22:11:31.453814
AWB112039,BATCH-B,Bluedart,M-011,Indore,Tier-2,PHANTOM_RTO_CHARGE,0.0,147.0,147.0,MEDIUM,2026-09-14 22:11:31.631484
AWB112042,BATCH-B,Shiprocket,M-016,Lucknow,Tier-3,PHANTOM_RTO_CHARGE,0.0,126.0,126.0,MEDIUM,2026-09-14 22:11:31.631484
AWB112043,BATCH-A,Shiprocket,M-013,Jaipur,Tier-3,OVERDUE_REMITTANCE,14.0,24.0,5961.0,MEDIUM,2026-09-14 22:11:31.791087
AWB112057,BATCH-C,Delhivery,M-009,Delhi,Tier-1,COD_SHORT_REMITTANCE,4345.0,4096.0,249.0,MEDIUM,2026-09-14 22:10:12.726074
AWB112059,BATCH-C,Shiprocket,M-011,Pune,Tier-2,OVERDUE_REMITTANCE,14.0,18.0,1463.0,MEDIUM,2026-09-14 22:11:31.791087
AWB112062,BATCH-C,Delhivery,M-007,Mumbai,Tier-1,PHANTOM_RTO_CHARGE,0.0,116.0,116.0,MEDIUM,2026-09-14 22:11:31.631484
AWB112064,BATCH-D,Kwikship,M-011,Jaipur,Tier-3,PHANTOM_RTO_CHARGE,0.0,181.0,181.0,MEDIUM,2026-09-14 22:11:31.631484
AWB112065,BATCH-D,DTDC,M-012,Indore,Tier-2,EXCESS_FORWARD_CHARGE,95.0,114.0,19.0,LOW,2026-09-14 22:11:32.127304
AWB112065,BATCH-D,DTDC,M-012,Indore,Tier-2,PHANTOM_RTO_CHARGE,0.0,164.0,164.0,MEDIUM,2026-09-14 22:11:31.631484
AWB112077,BATCH-A,DTDC,M-004,Delhi,Tier-1,EXCESS_FORWARD_CHARGE,65.0,78.0,13.0,LOW,2026-09-14 22:11:32.127304
AWB112092,BATCH-C,DTDC,M-017,Pune,Tier-2,EXCESS_FORWARD_CHARGE,42.0,50.0,8.0,LOW,2026-09-14 22:11:32.127304
AWB112110,BATCH-A,DTDC,M-005,Delhi,Tier-1,EXCESS_FORWARD_CHARGE,42.0,50.0,8.0,LOW,2026-09-14 22:11:32.127304
AWB112113,BATCH-B,DTDC,M-012,Lucknow,Tier-3,PHANTOM_RTO_CHARGE,0.0,213.0,213.0,MEDIUM,2026-09-14 22:11:31.631484
AWB112125,BATCH-B,Delhivery,M-007,Pune,Tier-2,COD_SHORT_REMITTANCE,4656.0,4373.0,283.0,MEDIUM,2026-09-14 22:10:12.726074
AWB112130,BATCH-C,DTDC,M-015,Mumbai,Tier-1,EXCESS_FORWARD_CHARGE,95.0,114.0,19.0,LOW,2026-09-14 22:11:32.127304
AWB112135,BATCH-B,Delhivery,M-012,Indore,Tier-2,COD_SHORT_REMITTANCE,3759.0,3566.0,193.0,MEDIUM,2026-09-14 22:10:12.726074
AWB112140,BATCH-A,Bluedart,M-005,Lucknow,Tier-3,WEIGHT_DISPUTE,5.62,6.97,81.0,LOW,2026-09-14 22:11:31.453814
AWB112144,BATCH-C,Shiprocket,M-009,Delhi,Tier-1,PHANTOM_RTO_CHARGE,0.0,117.0,117.0,MEDIUM,2026-09-14 22:11:31.631484
AWB112146,BATCH-C,Bluedart,M-018,Jaipur,Tier-3,WEIGHT_DISPUTE,3.52,4.55,61.0,LOW,2026-09-14 22:11:31.453814
AWB112149,BATCH-C,Delhivery,M-014,Lucknow,Tier-3,COD_SHORT_REMITTANCE,5894.0,5598.0,296.0,MEDIUM,2026-09-14 22:10:12.726074
AWB112150,BATCH-A,DTDC,M-004,Delhi,Tier-1,EXCESS_FORWARD_CHARGE,95.0,114.0,19.0,LOW,2026-09-14 22:11:32.127304
AWB112153,BATCH-A,DTDC,M-013,Pune,Tier-2,EXCESS_FORWARD_CHARGE,65.0,78.0,13.0,LOW,2026-09-14 22:11:32.127304
AWB112154,BATCH-A,Delhivery,M-001,Jaipur,Tier-3,PHANTOM_RTO_CHARGE,0.0,142.0,142.0,MEDIUM,2026-09-14 22:11:31.631484
AWB112157,BATCH-D,DTDC,M-011,Jaipur,Tier-3,EXCESS_FORWARD_CHARGE,95.0,114.0,19.0,LOW,2026-09-14 22:11:32.127304
AWB112161,BATCH-C,DTDC,M-020,Delhi,Tier-1,EXCESS_FORWARD_CHARGE,42.0,50.0,8.0,LOW,2026-09-14 22:11:32.127304
AWB112161,BATCH-C,DTDC,M-020,Delhi,Tier-1,PHANTOM_RTO_CHARGE,0.0,126.0,126.0,MEDIUM,2026-09-14 22:11:31.631484
AWB112168,BATCH-D,Delhivery,M-002,Delhi,Tier-1,COD_SHORT_REMITTANCE,5747.0,5391.0,356.0,MEDIUM,2026-09-14 22:10:12.726074
AWB112174,BATCH-D,Bluedart,M-017,Jaipur,Tier-3,WEIGHT_DISPUTE,1.92,2.3,23.0,LOW,2026-09-14 22:11:31.453814
AWB112176,BATCH-B,Kwikship,M-005,Mumbai,Tier-1,PHANTOM_RTO_CHARGE,0.0,100.0,100.0,LOW,2026-09-14 22:11:31.631484
AWB112180,BATCH-C,Bluedart,M-005,Jaipur,Tier-3,WEIGHT_DISPUTE,7.29,9.24,117.0,MEDIUM,2026-09-14 22:11:31.453814
AWB112201,BATCH-A,Shiprocket,M-015,Pune,Tier-2,OVERDUE_REMITTANCE,14.0,24.0,942.0,MEDIUM,2026-09-14 22:11:31.791087
AWB112203,BATCH-A,DTDC,M-020,Indore,Tier-2,EXCESS_FORWARD_CHARGE,95.0,114.0,19.0,LOW,2026-09-14 22:11:32.127304
AWB112203,BATCH-A,DTDC,M-020,Indore,Tier-2,PHANTOM_RTO_CHARGE,0.0,233.0,233.0,MEDIUM,2026-09-14 22:11:31.631484
AWB112208,BATCH-A,Delhivery,M-010,Pune,Tier-2,COD_SHORT_REMITTANCE,4518.0,4300.0,218.0,MEDIUM,2026-09-14 22:10:12.726074
AWB112208,BATCH-A,Delhivery,M-010,Pune,Tier-2,PHANTOM_RTO_CHARGE,0.0,191.0,191.0,MEDIUM,2026-09-14 22:11:31.631484
AWB112210,BATCH-C,DTDC,M-010,Indore,Tier-2,EXCESS_FORWARD_CHARGE,95.0,114.0,19.0,LOW,2026-09-14 22:11:32.127304
AWB112215,BATCH-D,Delhivery,M-009,Indore,Tier-2,PHANTOM_RTO_CHARGE,0.0,131.0,131.0,MEDIUM,2026-09-14 22:11:31.631484
AWB112216,BATCH-C,Shiprocket,M-010,Pune,Tier-2,OVERDUE_REMITTANCE,14.0,22.0,2849.0,MEDIUM,2026-09-14 22:11:31.791087
AWB112219,BATCH-C,Bluedart,M-011,Lucknow,Tier-3,PHANTOM_RTO_CHARGE,0.0,209.0,209.0,MEDIUM,2026-09-14 22:11:31.631484
AWB112219,BATCH-C,Bluedart,M-011,Lucknow,Tier-3,WEIGHT_DISPUTE,3.18,3.93,45.0,LOW,2026-09-14 22:11:31.453814
AWB112236,BATCH-D,DTDC,M-006,Jaipur,Tier-3,PHANTOM_RTO_CHARGE,0.0,137.0,137.0,MEDIUM,2026-09-14 22:11:31.631484
AWB112241,BATCH-A,DTDC,M-002,Pune,Tier-2,EXCESS_FORWARD_CHARGE,65.0,78.0,13.0,LOW,2026-09-14 22:11:32.127304
AWB112244,BATCH-A,Bluedart,M-006,Jaipur,Tier-3,WEIGHT_DISPUTE,4.07,5.04,58.0,LOW,2026-09-14 22:11:31.453814
AWB112247,BATCH-A,DTDC,M-016,Indore,Tier-2,PHANTOM_RTO_CHARGE,0.0,186.0,186.0,MEDIUM,2026-09-14 22:11:31.631484
AWB112249,BATCH-C,Bluedart,M-006,Jaipur,Tier-3,WEIGHT_DISPUTE,4.46,5.61,69.0,LOW,2026-09-14 22:11:31.453814
AWB112257,BATCH-A,DTDC,M-015,Pune,Tier-2,EXCESS_FORWARD_CHARGE,95.0,114.0,19.0,LOW,2026-09-14 22:11:32.127304
AWB112258,BATCH-B,Bluedart,M-006,Lucknow,Tier-3,WEIGHT_DISPUTE,3.9,4.96,64.0,LOW,2026-09-14 22:11:31.453814
AWB112262,BATCH-A,DTDC,M-004,Mumbai,Tier-1,EXCESS_FORWARD_CHARGE,65.0,78.0,13.0,LOW,2026-09-14 22:11:32.127304
AWB112263,BATCH-D,DTDC,M-014,Delhi,Tier-1,EXCESS_FORWARD_CHARGE,65.0,78.0,13.0,LOW,2026-09-14 22:11:32.127304
AWB112264,BATCH-B,DTDC,M-004,Pune,Tier-2,EXCESS_FORWARD_CHARGE,42.0,50.0,8.0,LOW,2026-09-14 22:11:32.127304
AWB112265,BATCH-A,Delhivery,M-012,Lucknow,Tier-3,COD_SHORT_REMITTANCE,3050.0,2952.0,98.0,LOW,2026-09-14 22:10:12.726074
AWB112266,BATCH-B,Bluedart,M-018,Jaipur,Tier-3,WEIGHT_DISPUTE,2.73,3.53,48.0,LOW,2026-09-14 22:11:31.453814
AWB112272,BATCH-D,DTDC,M-016,Indore,Tier-2,EXCESS_FORWARD_CHARGE,95.0,114.0,19.0,LOW,2026-09-14 22:11:32.127304
AWB112276,BATCH-B,DTDC,M-020,Indore,Tier-2,PHANTOM_RTO_CHARGE,0.0,142.0,142.0,MEDIUM,2026-09-14 22:11:31.631484
AWB112279,BATCH-B,Kwikship,M-011,Jaipur,Tier-3,PHANTOM_RTO_CHARGE,0.0,234.0,234.0,MEDIUM,2026-09-14 22:11:31.631484
AWB112283,BATCH-C,DTDC,M-011,Delhi,Tier-1,EXCESS_FORWARD_CHARGE,65.0,78.0,13.0,LOW,2026-09-14 22:11:32.127304
AWB112286,BATCH-A,Bluedart,M-002,Lucknow,Tier-3,WEIGHT_DISPUTE,2.35,2.9,33.0,LOW,2026-09-14 22:11:31.453814
AWB112288,BATCH-B,Kwikship,M-004,Delhi,Tier-1,PHANTOM_RTO_CHARGE,0.0,174.0,174.0,MEDIUM,2026-09-14 22:11:31.631484
AWB112294,BATCH-A,DTDC,M-010,Pune,Tier-2,PHANTOM_RTO_CHARGE,0.0,242.0,242.0,MEDIUM,2026-09-14 22:11:31.631484
AWB112296,BATCH-B,DTDC,M-018,Pune,Tier-2,EXCESS_FORWARD_CHARGE,65.0,78.0,13.0,LOW,2026-09-14 22:11:32.127304
AWB112316,BATCH-A,Bluedart,M-010,Pune,Tier-2,DUPLICATE_SETTLEMENT,1.0,2.0,487.0,HIGH,2026-09-14 22:11:31.913657
AWB112316,BATCH-DUP,Bluedart,M-010,Pune,Tier-2,DUPLICATE_SETTLEMENT,1.0,2.0,487.0,HIGH,2026-09-14 22:11:31.913657
AWB112321,BATCH-C,DTDC,M-015,Jaipur,Tier-3,EXCESS_FORWARD_CHARGE,95.0,114.0,19.0,LOW,2026-09-14 22:11:32.127304
AWB112323,BATCH-D,Shiprocket,M-018,Mumbai,Tier-1,PHANTOM_RTO_CHARGE,0.0,167.0,167.0,MEDIUM,2026-09-14 22:11:31.631484
AWB112324,BATCH-A,DTDC,M-019,Lucknow,Tier-3,EXCESS_FORWARD_CHARGE,65.0,78.0,13.0,LOW,2026-09-14 22:11:32.127304
AWB112326,BATCH-A,DTDC,M-002,Pune,Tier-2,EXCESS_FORWARD_CHARGE,95.0,114.0,19.0,LOW,2026-09-14 22:11:32.127304
AWB112327,BATCH-A,Bluedart,M-014,Lucknow,Tier-3,WEIGHT_DISPUTE,5.68,7.06,82.0,LOW,2026-09-14 22:11:31.453814
AWB112339,BATCH-D,Shiprocket,M-019,Pune,Tier-2,PHANTOM_RTO_CHARGE,0.0,221.0,221.0,MEDIUM,2026-09-14 22:11:31.631484
AWB112351,BATCH-B,Delhivery,M-011,Indore,Tier-2,COD_SHORT_REMITTANCE,3249.0,3095.0,154.0,MEDIUM,2026-09-14 22:10:12.726074
AWB112353,BATCH-B,DTDC,M-015,Mumbai,Tier-1,EXCESS_FORWARD_CHARGE,65.0,78.0,13.0,LOW,2026-09-14 22:11:32.127304
AWB112360,BATCH-B,Kwikship,M-010,Jaipur,Tier-3,ETA_SLA_BREACH,72.0,128.7,0.0,LOW,2026-09-14 22:11:32.038362
AWB112366,BATCH-C,DTDC,M-019,Delhi,Tier-1,EXCESS_FORWARD_CHARGE,95.0,114.0,19.0,LOW,2026-09-14 22:11:32.127304
AWB112374,BATCH-A,DTDC,M-010,Mumbai,Tier-1,PHANTOM_RTO_CHARGE,0.0,226.0,226.0,MEDIUM,2026-09-14 22:11:31.631484
AWB112383,BATCH-C,DTDC,M-002,Delhi,Tier-1,EXCESS_FORWARD_CHARGE,95.0,114.0,19.0,LOW,2026-09-14 22:11:32.127304
AWB112387,BATCH-C,DTDC,M-017,Lucknow,Tier-3,EXCESS_FORWARD_CHARGE,42.0,50.0,8.0,LOW,2026-09-14 22:11:32.127304
AWB112390,BATCH-C,DTDC,M-014,Delhi,Tier-1,EXCESS_FORWARD_CHARGE,95.0,114.0,19.0,LOW,2026-09-14 22:11:32.127304
AWB112398,BATCH-C,Bluedart,M-013,Lucknow,Tier-3,WEIGHT_DISPUTE,1.19,1.45,15.0,LOW,2026-09-14 22:11:31.453814
AWB112399,BATCH-C,Shiprocket,M-007,Jaipur,Tier-3,PHANTOM_RTO_CHARGE,0.0,132.0,132.0,MEDIUM,2026-09-14 22:11:31.631484
AWB112409,BATCH-B,DTDC,M-001,Jaipur,Tier-3,PHANTOM_RTO_CHARGE,0.0,112.0,112.0,MEDIUM,2026-09-14 22:11:31.631484
AWB112411,BATCH-C,DTDC,M-003,Mumbai,Tier-1,EXCESS_FORWARD_CHARGE,65.0,78.0,13.0,LOW,2026-09-14 22:11:32.127304
AWB112417,BATCH-B,Delhivery,M-012,Mumbai,Tier-1,COD_SHORT_REMITTANCE,5053.0,4857.0,196.0,MEDIUM,2026-09-14 22:10:12.726074
AWB112417,BATCH-B,Delhivery,M-012,Mumbai,Tier-1,PHANTOM_RTO_CHARGE,0.0,111.0,111.0,MEDIUM,2026-09-14 22:11:31.631484
AWB112418,BATCH-B,DTDC,M-016,Mumbai,Tier-1,EXCESS_FORWARD_CHARGE,95.0,114.0,19.0,LOW,2026-09-14 22:11:32.127304
AWB112418,BATCH-B,DTDC,M-016,Mumbai,Tier-1,PHANTOM_RTO_CHARGE,0.0,242.0,242.0,MEDIUM,2026-09-14 22:11:31.631484
AWB112421,BATCH-C,DTDC,M-003,Lucknow,Tier-3,EXCESS_FORWARD_CHARGE,95.0,114.0,19.0,LOW,2026-09-14 22:11:32.127304
AWB112430,BATCH-C,Shiprocket,M-017,Mumbai,Tier-1,OVERDUE_REMITTANCE,14.0,27.0,0.0,MEDIUM,2026-09-14 22:11:31.791087
AWB112431,BATCH-B,DTDC,M-005,Lucknow,Tier-3,DUPLICATE_SETTLEMENT,1.0,2.0,0.0,HIGH,2026-09-14 22:11:31.913657
AWB112431,BATCH-B,DTDC,M-005,Lucknow,Tier-3,EXCESS_FORWARD_CHARGE,42.0,50.0,8.0,LOW,2026-09-14 22:11:32.127304
AWB112431,BATCH-DUP,DTDC,M-005,Lucknow,Tier-3,DUPLICATE_SETTLEMENT,1.0,2.0,0.0,HIGH,2026-09-14 22:11:31.913657
AWB112431,BATCH-DUP,DTDC,M-005,Lucknow,Tier-3,EXCESS_FORWARD_CHARGE,42.0,50.0,8.0,LOW,2026-09-14 22:11:32.127304
AWB112433,BATCH-C,Delhivery,M-003,Lucknow,Tier-3,PHANTOM_RTO_CHARGE,0.0,181.0,181.0,MEDIUM,2026-09-14 22:11:31.631484
AWB112440,BATCH-C,DTDC,M-018,Pune,Tier-2,EXCESS_FORWARD_CHARGE,95.0,114.0,19.0,LOW,2026-09-14 22:11:32.127304
AWB112440,BATCH-C,DTDC,M-018,Pune,Tier-2,PHANTOM_RTO_CHARGE,0.0,132.0,132.0,MEDIUM,2026-09-14 22:11:31.631484
AWB112448,BATCH-A,Bluedart,M-010,Indore,Tier-2,PHANTOM_RTO_CHARGE,0.0,132.0,132.0,MEDIUM,2026-09-14 22:11:31.631484
AWB112457,BATCH-C,DTDC,M-004,Lucknow,Tier-3,EXCESS_FORWARD_CHARGE,95.0,114.0,19.0,LOW,2026-09-14 22:11:32.127304
AWB112457,BATCH-C,DTDC,M-004,Lucknow,Tier-3,PHANTOM_RTO_CHARGE,0.0,164.0,164.0,MEDIUM,2026-09-14 22:11:31.631484
AWB112459,BATCH-B,Bluedart,M-018,Delhi,Tier-1,PHANTOM_RTO_CHARGE,0.0,109.0,109.0,MEDIUM,2026-09-14 22:11:31.631484
AWB112469,BATCH-A,Kwikship,M-004,Jaipur,Tier-3,ETA_SLA_BREACH,72.0,125.4,0.0,LOW,2026-09-14 22:11:32.038362
AWB112471,BATCH-B,DTDC,M-012,Jaipur,Tier-3,EXCESS_FORWARD_CHARGE,65.0,78.0,13.0,LOW,2026-09-14 22:11:32.127304
AWB112473,BATCH-B,DTDC,M-005,Mumbai,Tier-1,EXCESS_FORWARD_CHARGE,65.0,78.0,13.0,LOW,2026-09-14 22:11:32.127304
AWB112474,BATCH-B,Shiprocket,M-004,Delhi,Tier-1,OVERDUE_REMITTANCE,14.0,27.0,0.0,MEDIUM,2026-09-14 22:11:31.791087
AWB112485,BATCH-B,DTDC,M-009,Jaipur,Tier-3,EXCESS_FORWARD_CHARGE,95.0,114.0,19.0,LOW,2026-09-14 22:11:32.127304
AWB112487,BATCH-A,DTDC,M-017,Mumbai,Tier-1,EXCESS_FORWARD_CHARGE,95.0,114.0,19.0,LOW,2026-09-14 22:11:32.127304
AWB112491,BATCH-B,Shiprocket,M-007,Indore,Tier-2,PHANTOM_RTO_CHARGE,0.0,132.0,132.0,MEDIUM,2026-09-14 22:11:31.631484
AWB112499,BATCH-A,DTDC,M-003,Jaipur,Tier-3,EXCESS_FORWARD_CHARGE,95.0,114.0,19.0,LOW,2026-09-14 22:11:32.127304
AWB112507,BATCH-D,Delhivery,M-019,Indore,Tier-2,COD_SHORT_REMITTANCE,3637.0,3479.0,158.0,MEDIUM,2026-09-14 22:10:12.726074
AWB112522,BATCH-D,Kwikship,M-008,Jaipur,Tier-3,ETA_SLA_BREACH,72.0,133.0,0.0,LOW,2026-09-14 22:11:32.038362
AWB112528,BATCH-B,Kwikship,M-015,Pune,Tier-2,DUPLICATE_SETTLEMENT,1.0,2.0,0.0,HIGH,2026-09-14 22:11:31.913657
AWB112528,BATCH-DUP,Kwikship,M-015,Pune,Tier-2,DUPLICATE_SETTLEMENT,1.0,2.0,0.0,HIGH,2026-09-14 22:11:31.913657
AWB112529,BATCH-C,Shiprocket,M-004,Pune,Tier-2,PHANTOM_RTO_CHARGE,0.0,104.0,104.0,MEDIUM,2026-09-14 22:11:31.631484
AWB112530,BATCH-D,Delhivery,M-020,Mumbai,Tier-1,PHANTOM_RTO_CHARGE,0.0,131.0,131.0,MEDIUM,2026-09-14 22:11:31.631484
AWB112532,BATCH-C,Shiprocket,M-002,Lucknow,Tier-3,OVERDUE_REMITTANCE,14.0,27.0,5470.0,MEDIUM,2026-09-14 22:11:31.791087
AWB112536,BATCH-C,DTDC,M-001,Mumbai,Tier-1,EXCESS_FORWARD_CHARGE,95.0,114.0,19.0,LOW,2026-09-14 22:11:32.127304
AWB112536,BATCH-C,DTDC,M-001,Mumbai,Tier-1,PHANTOM_RTO_CHARGE,0.0,180.0,180.0,MEDIUM,2026-09-14 22:11:31.631484
AWB112544,BATCH-A,DTDC,M-003,Lucknow,Tier-3,EXCESS_FORWARD_CHARGE,65.0,78.0,13.0,LOW,2026-09-14 22:11:32.127304
AWB112552,BATCH-A,Kwikship,M-010,Jaipur,Tier-3,PHANTOM_RTO_CHARGE,0.0,228.0,228.0,MEDIUM,2026-09-14 22:11:31.631484
AWB112553,BATCH-D,DTDC,M-006,Mumbai,Tier-1,EXCESS_FORWARD_CHARGE,95.0,114.0,19.0,LOW,2026-09-14 22:11:32.127304
AWB112562,BATCH-A,DTDC,M-017,Mumbai,Tier-1,EXCESS_FORWARD_CHARGE,95.0,114.0,19.0,LOW,2026-09-14 22:11:32.127304
AWB112563,BATCH-A,DTDC,M-008,Lucknow,Tier-3,EXCESS_FORWARD_CHARGE,95.0,114.0,19.0,LOW,2026-09-14 22:11:32.127304
AWB112566,BATCH-B,DTDC,M-010,Lucknow,Tier-3,EXCESS_FORWARD_CHARGE,95.0,114.0,19.0,LOW,2026-09-14 22:11:32.127304
AWB112571,BATCH-B,DTDC,M-009,Pune,Tier-2,EXCESS_FORWARD_CHARGE,95.0,114.0,19.0,LOW,2026-09-14 22:11:32.127304
AWB112573,BATCH-B,Kwikship,M-001,Indore,Tier-2,PHANTOM_RTO_CHARGE,0.0,138.0,138.0,MEDIUM,2026-09-14 22:11:31.631484
AWB112575,BATCH-C,DTDC,M-005,Lucknow,Tier-3,EXCESS_FORWARD_CHARGE,95.0,114.0,19.0,LOW,2026-09-14 22:11:32.127304
AWB112578,BATCH-C,DTDC,M-017,Pune,Tier-2,EXCESS_FORWARD_CHARGE,95.0,114.0,19.0,LOW,2026-09-14 22:11:32.127304
AWB112581,BATCH-A,Bluedart,M-020,Lucknow,Tier-3,WEIGHT_DISPUTE,4.35,5.57,73.0,LOW,2026-09-14 22:11:31.453814
AWB112593,BATCH-C,Shiprocket,M-012,Pune,Tier-2,OVERDUE_REMITTANCE,14.0,19.0,0.0,MEDIUM,2026-09-14 22:11:31.791087
AWB112597,BATCH-C,DTDC,M-015,Lucknow,Tier-3,EXCESS_FORWARD_CHARGE,95.0,114.0,19.0,LOW,2026-09-14 22:11:32.127304
AWB112600,BATCH-A,Bluedart,M-009,Lucknow,Tier-3,WEIGHT_DISPUTE,1.32,1.58,16.0,LOW,2026-09-14 22:11:31.453814
AWB112613,BATCH-D,DTDC,M-002,Pune,Tier-2,EXCESS_FORWARD_CHARGE,65.0,78.0,13.0,LOW,2026-09-14 22:11:32.127304
AWB112615,BATCH-A,DTDC,M-016,Delhi,Tier-1,EXCESS_FORWARD_CHARGE,95.0,114.0,19.0,LOW,2026-09-14 22:11:32.127304
AWB112624,BATCH-B,DTDC,M-019,Delhi,Tier-1,EXCESS_FORWARD_CHARGE,65.0,78.0,13.0,LOW,2026-09-14 22:11:32.127304
AWB112625,BATCH-A,Bluedart,M-001,Jaipur,Tier-3,WEIGHT_DISPUTE,4.92,6.26,80.0,LOW,2026-09-14 22:11:31.453814
AWB112626,BATCH-D,Bluedart,M-015,Lucknow,Tier-3,WEIGHT_DISPUTE,2.41,3.14,44.0,LOW,2026-09-14 22:11:31.453814
AWB112627,BATCH-D,Bluedart,M-014,Jaipur,Tier-3,WEIGHT_DISPUTE,5.71,7.14,86.0,LOW,2026-09-14 22:11:31.453814
AWB112646,BATCH-B,Kwikship,M-006,Lucknow,Tier-3,ETA_SLA_BREACH,72.0,114.5,0.0,LOW,2026-09-14 22:11:32.038362
AWB112653,BATCH-A,Shiprocket,M-014,Indore,Tier-2,OVERDUE_REMITTANCE,14.0,26.0,3414.0,MEDIUM,2026-09-14 22:11:31.791087
AWB112655,BATCH-C,Delhivery,M-008,Lucknow,Tier-3,PHANTOM_RTO_CHARGE,0.0,132.0,132.0,MEDIUM,2026-09-14 22:11:31.631484
AWB112657,BATCH-C,Bluedart,M-005,Jaipur,Tier-3,WEIGHT_DISPUTE,7.97,10.03,124.0,MEDIUM,2026-09-14 22:11:31.453814
AWB112660,BATCH-B,Delhivery,M-013,Pune,Tier-2,COD_SHORT_REMITTANCE,5209.0,4948.0,261.0,MEDIUM,2026-09-14 22:10:12.726074
AWB112664,BATCH-B,Bluedart,M-015,Delhi,Tier-1,PHANTOM_RTO_CHARGE,0.0,147.0,147.0,MEDIUM,2026-09-14 22:11:31.631484
AWB112665,BATCH-B,Delhivery,M-011,Pune,Tier-2,COD_SHORT_REMITTANCE,5898.0,5638.0,260.0,MEDIUM,2026-09-14 22:10:12.726074
AWB112667,BATCH-A,Delhivery,M-006,Lucknow,Tier-3,PHANTOM_RTO_CHARGE,0.0,188.0,188.0,MEDIUM,2026-09-14 22:11:31.631484
AWB112668,BATCH-A,Bluedart,M-014,Jaipur,Tier-3,WEIGHT_DISPUTE,5.56,7.08,92.0,LOW,2026-09-14 22:11:31.453814
AWB112671,BATCH-D,Delhivery,M-005,Lucknow,Tier-3,COD_SHORT_REMITTANCE,5043.0,4818.0,225.0,MEDIUM,2026-09-14 22:10:12.726074
AWB112672,BATCH-C,Kwikship,M-010,Jaipur,Tier-3,ETA_SLA_BREACH,72.0,100.8,0.0,LOW,2026-09-14 22:11:32.038362
AWB112679,BATCH-D,DTDC,M-006,Mumbai,Tier-1,EXCESS_FORWARD_CHARGE,65.0,78.0,13.0,LOW,2026-09-14 22:11:32.127304
AWB112689,BATCH-C,Delhivery,M-012,Lucknow,Tier-3,PHANTOM_RTO_CHARGE,0.0,195.0,195.0,MEDIUM,2026-09-14 22:11:31.631484
AWB112693,BATCH-D,Shiprocket,M-015,Delhi,Tier-1,PHANTOM_RTO_CHARGE,0.0,242.0,242.0,MEDIUM,2026-09-14 22:11:31.631484
AWB112701,BATCH-C,Bluedart,M-006,Mumbai,Tier-1,PHANTOM_RTO_CHARGE,0.0,228.0,228.0,MEDIUM,2026-09-14 22:11:31.631484
AWB112710,BATCH-C,Kwikship,M-004,Delhi,Tier-1,PHANTOM_RTO_CHARGE,0.0,122.0,122.0,MEDIUM,2026-09-14 22:11:31.631484
AWB112714,BATCH-C,Bluedart,M-001,Jaipur,Tier-3,WEIGHT_DISPUTE,5.13,6.74,96.0,LOW,2026-09-14 22:11:31.453814
AWB112718,BATCH-B,Bluedart,M-010,Jaipur,Tier-3,WEIGHT_DISPUTE,5.15,6.59,86.0,LOW,2026-09-14 22:11:31.453814
AWB112724,BATCH-A,Kwikship,M-013,Jaipur,Tier-3,ETA_SLA_BREACH,72.0,131.2,0.0,LOW,2026-09-14 22:11:32.038362
AWB112726,BATCH-C,Shiprocket,M-014,Lucknow,Tier-3,PHANTOM_RTO_CHARGE,0.0,123.0,123.0,MEDIUM,2026-09-14 22:11:31.631484
AWB112727,BATCH-A,Bluedart,M-003,Mumbai,Tier-1,PHANTOM_RTO_CHARGE,0.0,200.0,200.0,MEDIUM,2026-09-14 22:11:31.631484
AWB112728,BATCH-C,Bluedart,M-010,Jaipur,Tier-3,WEIGHT_DISPUTE,4.02,5.15,68.0,LOW,2026-09-14 22:11:31.453814
AWB112730,BATCH-D,DTDC,M-012,Mumbai,Tier-1,EXCESS_FORWARD_CHARGE,95.0,114.0,19.0,LOW,2026-09-14 22:11:32.127304
AWB112731,BATCH-A,DTDC,M-002,Delhi,Tier-1,EXCESS_FORWARD_CHARGE,95.0,114.0,19.0,LOW,2026-09-14 22:11:32.127304
AWB112733,BATCH-D,DTDC,M-011,Lucknow,Tier-3,EXCESS_FORWARD_CHARGE,42.0,50.0,8.0,LOW,2026-09-14 22:11:32.127304
AWB112734,BATCH-B,Bluedart,M-003,Jaipur,Tier-3,PHANTOM_RTO_CHARGE,0.0,187.0,187.0,MEDIUM,2026-09-14 22:11:31.631484
AWB112737,BATCH-D,Kwikship,M-011,Jaipur,Tier-3,ETA_SLA_BREACH,72.0,111.3,0.0,LOW,2026-09-14 22:11:32.038362
AWB112738,BATCH-D,Delhivery,M-017,Mumbai,Tier-1,COD_SHORT_REMITTANCE,3434.0,3179.0,255.0,MEDIUM,2026-09-14 22:10:12.726074
AWB112739,BATCH-D,DTDC,M-018,Pune,Tier-2,EXCESS_FORWARD_CHARGE,95.0,114.0,19.0,LOW,2026-09-14 22:11:32.127304
AWB112750,BATCH-A,Kwikship,M-017,Jaipur,Tier-3,ETA_SLA_BREACH,72.0,131.9,0.0,LOW,2026-09-14 22:11:32.038362
AWB112752,BATCH-B,DTDC,M-017,Pune,Tier-2,EXCESS_FORWARD_CHARGE,65.0,78.0,13.0,LOW,2026-09-14 22:11:32.127304
AWB112753,BATCH-A,Kwikship,M-002,Mumbai,Tier-1,PHANTOM_RTO_CHARGE,0.0,210.0,210.0,MEDIUM,2026-09-14 22:11:31.631484
AWB112769,BATCH-D,Kwikship,M-001,Lucknow,Tier-3,ETA_SLA_BREACH,72.0,111.8,0.0,LOW,2026-09-14 22:11:32.038362
AWB112770,BATCH-B,Bluedart,M-010,Jaipur,Tier-3,WEIGHT_DISPUTE,7.02,8.86,110.0,MEDIUM,2026-09-14 22:11:31.453814
AWB112773,BATCH-A,Kwikship,M-008,Jaipur,Tier-3,ETA_SLA_BREACH,72.0,127.1,0.0,LOW,2026-09-14 22:11:32.038362
AWB112774,BATCH-C,DTDC,M-017,Indore,Tier-2,EXCESS_FORWARD_CHARGE,42.0,50.0,8.0,LOW,2026-09-14 22:11:32.127304
AWB112777,BATCH-B,Delhivery,M-006,Pune,Tier-2,DUPLICATE_SETTLEMENT,1.0,2.0,0.0,HIGH,2026-09-14 22:11:31.913657
AWB112777,BATCH-DUP,Delhivery,M-006,Pune,Tier-2,DUPLICATE_SETTLEMENT,1.0,2.0,0.0,HIGH,2026-09-14 22:11:31.913657
AWB112779,BATCH-C,Shiprocket,M-019,Pune,Tier-2,PHANTOM_RTO_CHARGE,0.0,215.0,215.0,MEDIUM,2026-09-14 22:11:31.631484
AWB112780,BATCH-C,Delhivery,M-018,Pune,Tier-2,COD_SHORT_REMITTANCE,4356.0,4121.0,235.0,MEDIUM,2026-09-14 22:10:12.726074
AWB112797,BATCH-C,Bluedart,M-011,Lucknow,Tier-3,PHANTOM_RTO_CHARGE,0.0,148.0,148.0,MEDIUM,2026-09-14 22:11:31.631484
AWB112797,BATCH-C,Bluedart,M-011,Lucknow,Tier-3,WEIGHT_DISPUTE,2.15,2.7,33.0,LOW,2026-09-14 22:11:31.453814
AWB112799,BATCH-A,Bluedart,M-017,Lucknow,Tier-3,WEIGHT_DISPUTE,2.25,2.81,34.0,LOW,2026-09-14 22:11:31.453814
AWB112801,BATCH-A,DTDC,M-014,Indore,Tier-2,EXCESS_FORWARD_CHARGE,65.0,78.0,13.0,LOW,2026-09-14 22:11:32.127304
AWB112802,BATCH-D,DTDC,M-015,Mumbai,Tier-1,EXCESS_FORWARD_CHARGE,95.0,114.0,19.0,LOW,2026-09-14 22:11:32.127304
AWB112803,BATCH-D,Kwikship,M-009,Lucknow,Tier-3,ETA_SLA_BREACH,72.0,104.2,0.0,LOW,2026-09-14 22:11:32.038362
AWB112810,BATCH-A,DTDC,M-003,Pune,Tier-2,EXCESS_FORWARD_CHARGE,95.0,114.0,19.0,LOW,2026-09-14 22:11:32.127304
AWB112820,BATCH-B,Shiprocket,M-020,Mumbai,Tier-1,PHANTOM_RTO_CHARGE,0.0,146.0,146.0,MEDIUM,2026-09-14 22:11:31.631484
AWB112822,BATCH-A,DTDC,M-003,Delhi,Tier-1,EXCESS_FORWARD_CHARGE,65.0,78.0,13.0,LOW,2026-09-14 22:11:32.127304
AWB112825,BATCH-C,DTDC,M-008,Jaipur,Tier-3,EXCESS_FORWARD_CHARGE,65.0,78.0,13.0,LOW,2026-09-14 22:11:32.127304
AWB112825,BATCH-C,DTDC,M-008,Jaipur,Tier-3,PHANTOM_RTO_CHARGE,0.0,179.0,179.0,MEDIUM,2026-09-14 22:11:31.631484
AWB112827,BATCH-B,DTDC,M-003,Mumbai,Tier-1,EXCESS_FORWARD_CHARGE,95.0,114.0,19.0,LOW,2026-09-14 22:11:32.127304
AWB112835,BATCH-C,Shiprocket,M-003,Indore,Tier-2,OVERDUE_REMITTANCE,14.0,23.0,0.0,MEDIUM,2026-09-14 22:11:31.791087
AWB112843,BATCH-A,Kwikship,M-008,Jaipur,Tier-3,ETA_SLA_BREACH,72.0,133.8,0.0,LOW,2026-09-14 22:11:32.038362
AWB112845,BATCH-D,Bluedart,M-018,Mumbai,Tier-1,PHANTOM_RTO_CHARGE,0.0,103.0,103.0,MEDIUM,2026-09-14 22:11:31.631484
AWB112852,BATCH-A,Bluedart,M-001,Jaipur,Tier-3,WEIGHT_DISPUTE,2.6,3.09,30.0,LOW,2026-09-14 22:11:31.453814
AWB112853,BATCH-D,DTDC,M-020,Pune,Tier-2,EXCESS_FORWARD_CHARGE,65.0,78.0,13.0,LOW,2026-09-14 22:11:32.127304
AWB112854,BATCH-A,Shiprocket,M-007,Jaipur,Tier-3,OVERDUE_REMITTANCE,14.0,27.0,4982.0,MEDIUM,2026-09-14 22:11:31.791087
AWB112857,BATCH-A,DTDC,M-004,Mumbai,Tier-1,PHANTOM_RTO_CHARGE,0.0,164.0,164.0,MEDIUM,2026-09-14 22:11:31.631484
AWB112858,BATCH-D,Bluedart,M-001,Jaipur,Tier-3,WEIGHT_DISPUTE,4.4,5.7,78.0,LOW,2026-09-14 22:11:31.453814
AWB112859,BATCH-D,Shiprocket,M-002,Indore,Tier-2,OVERDUE_REMITTANCE,14.0,26.0,0.0,MEDIUM,2026-09-14 22:11:31.791087
AWB112864,BATCH-B,Delhivery,M-006,Delhi,Tier-1,PHANTOM_RTO_CHARGE,0.0,139.0,139.0,MEDIUM,2026-09-14 22:11:31.631484
AWB112866,BATCH-B,Bluedart,M-018,Lucknow,Tier-3,WEIGHT_DISPUTE,6.13,7.59,88.0,LOW,2026-09-14 22:11:31.453814
AWB112868,BATCH-A,Bluedart,M-006,Jaipur,Tier-3,WEIGHT_DISPUTE,3.32,4.27,57.0,LOW,2026-09-14 22:11:31.453814
AWB112870,BATCH-A,DTDC,M-010,Pune,Tier-2,EXCESS_FORWARD_CHARGE,65.0,78.0,13.0,LOW,2026-09-14 22:11:32.127304
AWB112872,BATCH-A,DTDC,M-018,Indore,Tier-2,EXCESS_FORWARD_CHARGE,95.0,114.0,19.0,LOW,2026-09-14 22:11:32.127304
AWB112874,BATCH-D,Kwikship,M-007,Pune,Tier-2,PHANTOM_RTO_CHARGE,0.0,193.0,193.0,MEDIUM,2026-09-14 22:11:31.631484
AWB112875,BATCH-C,DTDC,M-008,Lucknow,Tier-3,EXCESS_FORWARD_CHARGE,95.0,114.0,19.0,LOW,2026-09-14 22:11:32.127304
AWB112876,BATCH-B,DTDC,M-005,Pune,Tier-2,EXCESS_FORWARD_CHARGE,42.0,50.0,8.0,LOW,2026-09-14 22:11:32.127304
AWB112877,BATCH-A,Bluedart,M-007,Delhi,Tier-1,PHANTOM_RTO_CHARGE,0.0,179.0,179.0,MEDIUM,2026-09-14 22:11:31.631484
AWB112887,BATCH-B,Shiprocket,M-008,Mumbai,Tier-1,PHANTOM_RTO_CHARGE,0.0,101.0,101.0,MEDIUM,2026-09-14 22:11:31.631484
AWB112888,BATCH-A,Kwikship,M-014,Jaipur,Tier-3,PHANTOM_RTO_CHARGE,0.0,225.0,225.0,MEDIUM,2026-09-14 22:11:31.631484
AWB112893,BATCH-C,Bluedart,M-017,Jaipur,Tier-3,WEIGHT_DISPUTE,4.52,5.59,64.0,LOW,2026-09-14 22:11:31.453814
AWB112894,BATCH-D,Kwikship,M-015,Jaipur,Tier-3,ETA_SLA_BREACH,72.0,128.6,0.0,LOW,2026-09-14 22:11:32.038362
AWB112897,BATCH-A,Shiprocket,M-006,Jaipur,Tier-3,OVERDUE_REMITTANCE,14.0,21.0,1514.0,MEDIUM,2026-09-14 22:11:31.791087
AWB112906,BATCH-C,Delhivery,M-004,Indore,Tier-2,COD_SHORT_REMITTANCE,3296.0,3127.0,169.0,MEDIUM,2026-09-14 22:10:12.726074
AWB112906,BATCH-C,Delhivery,M-004,Indore,Tier-2,PHANTOM_RTO_CHARGE,0.0,162.0,162.0,MEDIUM,2026-09-14 22:11:31.631484
AWB112913,BATCH-D,Bluedart,M-019,Lucknow,Tier-3,WEIGHT_DISPUTE,3.58,4.65,65.0,LOW,2026-09-14 22:11:31.453814
AWB112920,BATCH-C,Delhivery,M-002,Indore,Tier-2,PHANTOM_RTO_CHARGE,0.0,183.0,183.0,MEDIUM,2026-09-14 22:11:31.631484
AWB112924,BATCH-C,Bluedart,M-019,Lucknow,Tier-3,WEIGHT_DISPUTE,7.21,9.01,108.0,MEDIUM,2026-09-14 22:11:31.453814
AWB112929,BATCH-C,Kwikship,M-007,Lucknow,Tier-3,ETA_SLA_BREACH,72.0,114.4,0.0,LOW,2026-09-14 22:11:32.038362
AWB112931,BATCH-A,Shiprocket,M-008,Pune,Tier-2,OVERDUE_REMITTANCE,14.0,27.0,1864.0,MEDIUM,2026-09-14 22:11:31.791087
AWB112932,BATCH-C,DTDC,M-020,Pune,Tier-2,EXCESS_FORWARD_CHARGE,95.0,114.0,19.0,LOW,2026-09-14 22:11:32.127304
AWB112933,BATCH-C,DTDC,M-017,Delhi,Tier-1,EXCESS_FORWARD_CHARGE,95.0,114.0,19.0,LOW,2026-09-14 22:11:32.127304
AWB112938,BATCH-A,Delhivery,M-013,Indore,Tier-2,COD_SHORT_REMITTANCE,3086.0,2892.0,194.0,MEDIUM,2026-09-14 22:10:12.726074
AWB112949,BATCH-D,DTDC,M-007,Pune,Tier-2,EXCESS_FORWARD_CHARGE,95.0,114.0,19.0,LOW,2026-09-14 22:11:32.127304
AWB112952,BATCH-A,Kwikship,M-010,Lucknow,Tier-3,PHANTOM_RTO_CHARGE,0.0,212.0,212.0,MEDIUM,2026-09-14 22:11:31.631484
AWB112953,BATCH-C,Kwikship,M-017,Pune,Tier-2,PHANTOM_RTO_CHARGE,0.0,145.0,145.0,MEDIUM,2026-09-14 22:11:31.631484
AWB112954,BATCH-A,Kwikship,M-015,Mumbai,Tier-1,PHANTOM_RTO_CHARGE,0.0,162.0,162.0,MEDIUM,2026-09-14 22:11:31.631484
AWB112957,BATCH-A,Delhivery,M-009,Indore,Tier-2,COD_SHORT_REMITTANCE,4123.0,3798.0,325.0,MEDIUM,2026-09-14 22:10:12.726074
AWB112958,BATCH-B,Delhivery,M-004,Mumbai,Tier-1,COD_SHORT_REMITTANCE,3625.0,3337.0,288.0,MEDIUM,2026-09-14 22:10:12.726074
AWB112958,BATCH-B,Delhivery,M-004,Mumbai,Tier-1,PHANTOM_RTO_CHARGE,0.0,243.0,243.0,MEDIUM,2026-09-14 22:11:31.631484
AWB112959,BATCH-A,Kwikship,M-003,Jaipur,Tier-3,ETA_SLA_BREACH,72.0,129.3,0.0,LOW,2026-09-14 22:11:32.038362
AWB112963,BATCH-A,Shiprocket,M-006,Delhi,Tier-1,OVERDUE_REMITTANCE,14.0,20.0,4086.0,MEDIUM,2026-09-14 22:11:31.791087
AWB112970,BATCH-A,DTDC,M-005,Delhi,Tier-1,EXCESS_FORWARD_CHARGE,42.0,50.0,8.0,LOW,2026-09-14 22:11:32.127304
AWB112972,BATCH-B,DTDC,M-015,Mumbai,Tier-1,PHANTOM_RTO_CHARGE,0.0,117.0,117.0,MEDIUM,2026-09-14 22:11:31.631484
AWB112973,BATCH-B,Kwikship,M-011,Lucknow,Tier-3,ETA_SLA_BREACH,72.0,131.4,0.0,LOW,2026-09-14 22:11:32.038362
AWB112981,BATCH-B,DTDC,M-020,Pune,Tier-2,EXCESS_FORWARD_CHARGE,42.0,50.0,8.0,LOW,2026-09-14 22:11:32.127304
AWB112983,BATCH-B,DTDC,M-015,Indore,Tier-2,EXCESS_FORWARD_CHARGE,95.0,114.0,19.0,LOW,2026-09-14 22:11:32.127304
AWB112986,BATCH-D,Kwikship,M-006,Indore,Tier-2,DUPLICATE_SETTLEMENT,1.0,2.0,1732.0,HIGH,2026-09-14 22:11:31.913657
AWB112986,BATCH-D,Kwikship,M-006,Indore,Tier-2,PHANTOM_RTO_CHARGE,0.0,154.0,154.0,MEDIUM,2026-09-14 22:11:31.631484
AWB112986,BATCH-DUP,Kwikship,M-006,Indore,Tier-2,DUPLICATE_SETTLEMENT,1.0,2.0,1732.0,HIGH,2026-09-14 22:11:31.913657
AWB112986,BATCH-DUP,Kwikship,M-006,Indore,Tier-2,PHANTOM_RTO_CHARGE,0.0,154.0,154.0,MEDIUM,2026-09-14 22:11:31.631484
AWB112987,BATCH-A,Kwikship,M-002,Lucknow,Tier-3,ETA_SLA_BREACH,72.0,131.4,0.0,LOW,2026-09-14 22:11:32.038362
AWB112991,BATCH-C,Delhivery,M-016,Jaipur,Tier-3,COD_SHORT_REMITTANCE,4657.0,4484.0,173.0,MEDIUM,2026-09-14 22:10:12.726074
AWB112997,BATCH-B,Bluedart,M-003,Jaipur,Tier-3,WEIGHT_DISPUTE,1.84,2.29,27.0,LOW,2026-09-14 22:11:31.453814
AWB113005,BATCH-D,DTDC,M-016,Lucknow,Tier-3,PHANTOM_RTO_CHARGE,0.0,210.0,210.0,MEDIUM,2026-09-14 22:11:31.631484
AWB113011,BATCH-A,DTDC,M-007,Mumbai,Tier-1,EXCESS_FORWARD_CHARGE,95.0,114.0,19.0,LOW,2026-09-14 22:11:32.127304
AWB113012,BATCH-D,DTDC,M-018,Indore,Tier-2,EXCESS_FORWARD_CHARGE,95.0,114.0,19.0,LOW,2026-09-14 22:11:32.127304
AWB113013,BATCH-D,Delhivery,M-011,Indore,Tier-2,PHANTOM_RTO_CHARGE,0.0,185.0,185.0,MEDIUM,2026-09-14 22:11:31.631484
AWB113030,BATCH-C,Bluedart,M-010,Jaipur,Tier-3,WEIGHT_DISPUTE,7.44,8.99,93.0,LOW,2026-09-14 22:11:31.453814
AWB113031,BATCH-B,DTDC,M-002,Pune,Tier-2,EXCESS_FORWARD_CHARGE,65.0,78.0,13.0,LOW,2026-09-14 22:11:32.127304
AWB113032,BATCH-B,Delhivery,M-019,Lucknow,Tier-3,COD_SHORT_REMITTANCE,5462.0,5028.0,434.0,MEDIUM,2026-09-14 22:10:12.726074
AWB113035,BATCH-B,Delhivery,M-019,Delhi,Tier-1,COD_SHORT_REMITTANCE,3678.0,3525.0,153.0,MEDIUM,2026-09-14 22:10:12.726074
AWB113042,BATCH-A,Delhivery,M-008,Pune,Tier-2,COD_SHORT_REMITTANCE,5784.0,5608.0,176.0,MEDIUM,2026-09-14 22:10:12.726074
AWB113043,BATCH-C,Delhivery,M-010,Delhi,Tier-1,COD_SHORT_REMITTANCE,5321.0,5014.0,307.0,MEDIUM,2026-09-14 22:10:12.726074
AWB113044,BATCH-C,DTDC,M-016,Jaipur,Tier-3,EXCESS_FORWARD_CHARGE,95.0,114.0,19.0,LOW,2026-09-14 22:11:32.127304
AWB113049,BATCH-A,DTDC,M-014,Indore,Tier-2,PHANTOM_RTO_CHARGE,0.0,160.0,160.0,MEDIUM,2026-09-14 22:11:31.631484
AWB113054,BATCH-D,DTDC,M-019,Jaipur,Tier-3,EXCESS_FORWARD_CHARGE,95.0,114.0,19.0,LOW,2026-09-14 22:11:32.127304
AWB113063,BATCH-A,Shiprocket,M-020,Mumbai,Tier-1,OVERDUE_REMITTANCE,14.0,25.0,956.0,MEDIUM,2026-09-14 22:11:31.791087
AWB113067,BATCH-B,Shiprocket,M-019,Indore,Tier-2,OVERDUE_REMITTANCE,14.0,18.0,0.0,MEDIUM,2026-09-14 22:11:31.791087
AWB113071,BATCH-C,Kwikship,M-007,Jaipur,Tier-3,ETA_SLA_BREACH,72.0,103.4,0.0,LOW,2026-09-14 22:11:32.038362
AWB113073,BATCH-D,Kwikship,M-001,Jaipur,Tier-3,ETA_SLA_BREACH,72.0,140.5,0.0,LOW,2026-09-14 22:11:32.038362
AWB113076,BATCH-D,Delhivery,M-006,Lucknow,Tier-3,PHANTOM_RTO_CHARGE,0.0,182.0,182.0,MEDIUM,2026-09-14 22:11:31.631484
AWB113093,BATCH-C,DTDC,M-017,Indore,Tier-2,EXCESS_FORWARD_CHARGE,95.0,114.0,19.0,LOW,2026-09-14 22:11:32.127304
AWB113096,BATCH-D,DTDC,M-018,Jaipur,Tier-3,EXCESS_FORWARD_CHARGE,95.0,114.0,19.0,LOW,2026-09-14 22:11:32.127304
AWB113110,BATCH-C,Shiprocket,M-018,Pune,Tier-2,PHANTOM_RTO_CHARGE,0.0,196.0,196.0,MEDIUM,2026-09-14 22:11:31.631484
AWB113118,BATCH-D,DTDC,M-003,Indore,Tier-2,EXCESS_FORWARD_CHARGE,95.0,114.0,19.0,LOW,2026-09-14 22:11:32.127304
AWB113121,BATCH-D,DTDC,M-009,Pune,Tier-2,EXCESS_FORWARD_CHARGE,65.0,78.0,13.0,LOW,2026-09-14 22:11:32.127304
AWB113129,BATCH-D,Bluedart,M-006,Jaipur,Tier-3,WEIGHT_DISPUTE,4.15,5.06,54.0,LOW,2026-09-14 22:11:31.453814
AWB113131,BATCH-B,Shiprocket,M-002,Delhi,Tier-1,OVERDUE_REMITTANCE,14.0,24.0,0.0,MEDIUM,2026-09-14 22:11:31.791087
AWB113131,BATCH-B,Shiprocket,M-002,Delhi,Tier-1,PHANTOM_RTO_CHARGE,0.0,167.0,167.0,MEDIUM,2026-09-14 22:11:31.631484
AWB113135,BATCH-A,DTDC,M-005,Pune,Tier-2,EXCESS_FORWARD_CHARGE,95.0,114.0,19.0,LOW,2026-09-14 22:11:32.127304
AWB113141,BATCH-D,Kwikship,M-003,Mumbai,Tier-1,PHANTOM_RTO_CHARGE,0.0,241.0,241.0,MEDIUM,2026-09-14 22:11:31.631484
AWB113145,BATCH-C,DTDC,M-001,Pune,Tier-2,EXCESS_FORWARD_CHARGE,95.0,114.0,19.0,LOW,2026-09-14 22:11:32.127304
AWB113148,BATCH-B,Bluedart,M-003,Jaipur,Tier-3,WEIGHT_DISPUTE,3.63,4.66,62.0,LOW,2026-09-14 22:11:31.453814
AWB113154,BATCH-B,DTDC,M-019,Delhi,Tier-1,EXCESS_FORWARD_CHARGE,95.0,114.0,19.0,LOW,2026-09-14 22:11:32.127304
AWB113169,BATCH-A,Kwikship,M-010,Jaipur,Tier-3,ETA_SLA_BREACH,72.0,138.2,0.0,LOW,2026-09-14 22:11:32.038362
AWB113172,BATCH-B,Delhivery,M-002,Pune,Tier-2,PHANTOM_RTO_CHARGE,0.0,191.0,191.0,MEDIUM,2026-09-14 22:11:31.631484
AWB113180,BATCH-D,Delhivery,M-005,Jaipur,Tier-3,COD_SHORT_REMITTANCE,5094.0,4855.0,239.0,MEDIUM,2026-09-14 22:10:12.726074
AWB113184,BATCH-C,Bluedart,M-015,Pune,Tier-2,PHANTOM_RTO_CHARGE,0.0,180.0,180.0,MEDIUM,2026-09-14 22:11:31.631484
AWB113188,BATCH-A,Delhivery,M-019,Delhi,Tier-1,COD_SHORT_REMITTANCE,3180.0,3066.0,114.0,MEDIUM,2026-09-14 22:10:12.726074
AWB113190,BATCH-C,Shiprocket,M-003,Indore,Tier-2,OVERDUE_REMITTANCE,14.0,26.0,2496.0,MEDIUM,2026-09-14 22:11:31.791087
AWB113190,BATCH-C,Shiprocket,M-003,Indore,Tier-2,PHANTOM_RTO_CHARGE,0.0,146.0,146.0,MEDIUM,2026-09-14 22:11:31.631484
AWB113196,BATCH-C,DTDC,M-008,Mumbai,Tier-1,PHANTOM_RTO_CHARGE,0.0,241.0,241.0,MEDIUM,2026-09-14 22:11:31.631484
AWB113204,BATCH-C,Bluedart,M-017,Lucknow,Tier-3,WEIGHT_DISPUTE,8.32,10.46,129.0,MEDIUM,2026-09-14 22:11:31.453814
AWB113206,BATCH-A,DTDC,M-004,Mumbai,Tier-1,EXCESS_FORWARD_CHARGE,65.0,78.0,13.0,LOW,2026-09-14 22:11:32.127304
AWB113209,BATCH-A,DTDC,M-020,Pune,Tier-2,EXCESS_FORWARD_CHARGE,95.0,114.0,19.0,LOW,2026-09-14 22:11:32.127304
AWB113221,BATCH-B,DTDC,M-002,Indore,Tier-2,EXCESS_FORWARD_CHARGE,95.0,114.0,19.0,LOW,2026-09-14 22:11:32.127304
AWB113222,BATCH-A,Shiprocket,M-015,Lucknow,Tier-3,PHANTOM_RTO_CHARGE,0.0,215.0,215.0,MEDIUM,2026-09-14 22:11:31.631484
AWB113224,BATCH-C,Kwikship,M-012,Lucknow,Tier-3,ETA_SLA_BREACH,72.0,117.0,0.0,LOW,2026-09-14 22:11:32.038362
AWB113229,BATCH-B,Bluedart,M-004,Pune,Tier-2,PHANTOM_RTO_CHARGE,0.0,158.0,158.0,MEDIUM,2026-09-14 22:11:31.631484
AWB113231,BATCH-A,Bluedart,M-009,Jaipur,Tier-3,WEIGHT_DISPUTE,6.2,7.37,70.0,LOW,2026-09-14 22:11:31.453814
AWB113233,BATCH-A,Kwikship,M-008,Jaipur,Tier-3,ETA_SLA_BREACH,72.0,138.9,0.0,LOW,2026-09-14 22:11:32.038362
AWB113234,BATCH-A,DTDC,M-012,Delhi,Tier-1,EXCESS_FORWARD_CHARGE,95.0,114.0,19.0,LOW,2026-09-14 22:11:32.127304
AWB113239,BATCH-B,DTDC,M-003,Jaipur,Tier-3,EXCESS_FORWARD_CHARGE,95.0,114.0,19.0,LOW,2026-09-14 22:11:32.127304
AWB113243,BATCH-B,DTDC,M-005,Pune,Tier-2,EXCESS_FORWARD_CHARGE,95.0,114.0,19.0,LOW,2026-09-14 22:11:32.127304
AWB113247,BATCH-D,Kwikship,M-016,Lucknow,Tier-3,ETA_SLA_BREACH,72.0,128.4,0.0,LOW,2026-09-14 22:11:32.038362
AWB113250,BATCH-B,Shiprocket,M-008,Lucknow,Tier-3,OVERDUE_REMITTANCE,14.0,21.0,1891.0,MEDIUM,2026-09-14 22:11:31.791087
AWB113260,BATCH-B,Kwikship,M-009,Indore,Tier-2,PHANTOM_RTO_CHARGE,0.0,216.0,216.0,MEDIUM,2026-09-14 22:11:31.631484
AWB113261,BATCH-A,Kwikship,M-005,Jaipur,Tier-3,ETA_SLA_BREACH,72.0,139.8,0.0,LOW,2026-09-14 22:11:32.038362
AWB113271,BATCH-B,Delhivery,M-007,Pune,Tier-2,PHANTOM_RTO_CHARGE,0.0,132.0,132.0,MEDIUM,2026-09-14 22:11:31.631484
AWB113276,BATCH-A,Kwikship,M-014,Lucknow,Tier-3,ETA_SLA_BREACH,72.0,120.3,0.0,LOW,2026-09-14 22:11:32.038362
AWB113277,BATCH-D,DTDC,M-020,Pune,Tier-2,EXCESS_FORWARD_CHARGE,95.0,114.0,19.0,LOW,2026-09-14 22:11:32.127304
AWB113279,BATCH-B,Bluedart,M-016,Lucknow,Tier-3,WEIGHT_DISPUTE,3.01,3.7,42.0,LOW,2026-09-14 22:11:31.453814
AWB113281,BATCH-D,Kwikship,M-011,Indore,Tier-2,PHANTOM_RTO_CHARGE,0.0,102.0,102.0,MEDIUM,2026-09-14 22:11:31.631484
AWB113283,BATCH-A,Shiprocket,M-019,Mumbai,Tier-1,OVERDUE_REMITTANCE,14.0,25.0,2661.0,MEDIUM,2026-09-14 22:11:31.791087
AWB113284,BATCH-B,DTDC,M-016,Indore,Tier-2,EXCESS_FORWARD_CHARGE,95.0,114.0,19.0,LOW,2026-09-14 22:11:32.127304
AWB113285,BATCH-C,Kwikship,M-019,Lucknow,Tier-3,ETA_SLA_BREACH,72.0,124.1,0.0,LOW,2026-09-14 22:11:32.038362
AWB113288,BATCH-B,Shiprocket,M-014,Indore,Tier-2,OVERDUE_REMITTANCE,14.0,27.0,748.0,MEDIUM,2026-09-14 22:11:31.791087
AWB113289,BATCH-A,Bluedart,M-005,Jaipur,Tier-3,WEIGHT_DISPUTE,0.57,0.76,11.0,LOW,2026-09-14 22:11:31.453814
AWB113290,BATCH-B,Shiprocket,M-014,Pune,Tier-2,OVERDUE_REMITTANCE,14.0,23.0,0.0,MEDIUM,2026-09-14 22:11:31.791087
AWB113291,BATCH-C,Kwikship,M-007,Indore,Tier-2,PHANTOM_RTO_CHARGE,0.0,136.0,136.0,MEDIUM,2026-09-14 22:11:31.631484
AWB113293,BATCH-D,DTDC,M-008,Jaipur,Tier-3,EXCESS_FORWARD_CHARGE,42.0,50.0,8.0,LOW,2026-09-14 22:11:32.127304
AWB113300,BATCH-C,DTDC,M-007,Lucknow,Tier-3,EXCESS_FORWARD_CHARGE,65.0,78.0,13.0,LOW,2026-09-14 22:11:32.127304
AWB113305,BATCH-A,DTDC,M-019,Jaipur,Tier-3,EXCESS_FORWARD_CHARGE,95.0,114.0,19.0,LOW,2026-09-14 22:11:32.127304
AWB113308,BATCH-D,DTDC,M-018,Delhi,Tier-1,EXCESS_FORWARD_CHARGE,95.0,114.0,19.0,LOW,2026-09-14 22:11:32.127304
AWB113310,BATCH-B,DTDC,M-020,Lucknow,Tier-3,EXCESS_FORWARD_CHARGE,95.0,114.0,19.0,LOW,2026-09-14 22:11:32.127304
AWB113314,BATCH-C,Delhivery,M-001,Mumbai,Tier-1,COD_SHORT_REMITTANCE,4493.0,4337.0,156.0,MEDIUM,2026-09-14 22:10:12.726074
AWB113315,BATCH-D,DTDC,M-002,Lucknow,Tier-3,EXCESS_FORWARD_CHARGE,95.0,114.0,19.0,LOW,2026-09-14 22:11:32.127304
AWB113315,BATCH-D,DTDC,M-002,Lucknow,Tier-3,PHANTOM_RTO_CHARGE,0.0,218.0,218.0,MEDIUM,2026-09-14 22:11:31.631484
AWB113321,BATCH-C,DTDC,M-003,Delhi,Tier-1,EXCESS_FORWARD_CHARGE,95.0,114.0,19.0,LOW,2026-09-14 22:11:32.127304
AWB113322,BATCH-A,DTDC,M-020,Pune,Tier-2,EXCESS_FORWARD_CHARGE,95.0,114.0,19.0,LOW,2026-09-14 22:11:32.127304
AWB113324,BATCH-B,Delhivery,M-013,Delhi,Tier-1,COD_SHORT_REMITTANCE,5210.0,4811.0,399.0,MEDIUM,2026-09-14 22:10:12.726074
AWB113325,BATCH-D,Delhivery,M-001,Mumbai,Tier-1,PHANTOM_RTO_CHARGE,0.0,171.0,171.0,MEDIUM,2026-09-14 22:11:31.631484
AWB113331,BATCH-B,Kwikship,M-005,Jaipur,Tier-3,ETA_SLA_BREACH,72.0,116.8,0.0,LOW,2026-09-14 22:11:32.038362
AWB113331,BATCH-B,Kwikship,M-005,Jaipur,Tier-3,PHANTOM_RTO_CHARGE,0.0,182.0,182.0,MEDIUM,2026-09-14 22:11:31.631484
AWB113332,BATCH-A,Kwikship,M-019,Lucknow,Tier-3,ETA_SLA_BREACH,72.0,127.1,0.0,LOW,2026-09-14 22:11:32.038362
AWB113333,BATCH-D,DTDC,M-017,Pune,Tier-2,EXCESS_FORWARD_CHARGE,95.0,114.0,19.0,LOW,2026-09-14 22:11:32.127304
AWB113337,BATCH-C,Shiprocket,M-011,Indore,Tier-2,PHANTOM_RTO_CHARGE,0.0,164.0,164.0,MEDIUM,2026-09-14 22:11:31.631484
AWB113343,BATCH-B,DTDC,M-001,Delhi,Tier-1,EXCESS_FORWARD_CHARGE,95.0,114.0,19.0,LOW,2026-09-14 22:11:32.127304
AWB113345,BATCH-C,Delhivery,M-012,Mumbai,Tier-1,COD_SHORT_REMITTANCE,3232.0,3050.0,182.0,MEDIUM,2026-09-14 22:10:12.726074
AWB113345,BATCH-C,Delhivery,M-012,Mumbai,Tier-1,DUPLICATE_SETTLEMENT,1.0,2.0,3050.0,HIGH,2026-09-14 22:11:31.913657
AWB113345,BATCH-DUP,Delhivery,M-012,Mumbai,Tier-1,COD_SHORT_REMITTANCE,3232.0,3050.0,182.0,MEDIUM,2026-09-14 22:10:12.726074
AWB113345,BATCH-DUP,Delhivery,M-012,Mumbai,Tier-1,DUPLICATE_SETTLEMENT,1.0,2.0,3050.0,HIGH,2026-09-14 22:11:31.913657
AWB113346,BATCH-D,Delhivery,M-017,Mumbai,Tier-1,PHANTOM_RTO_CHARGE,0.0,152.0,152.0,MEDIUM,2026-09-14 22:11:31.631484
AWB113348,BATCH-D,DTDC,M-009,Lucknow,Tier-3,EXCESS_FORWARD_CHARGE,65.0,78.0,13.0,LOW,2026-09-14 22:11:32.127304
AWB113350,BATCH-D,Delhivery,M-002,Mumbai,Tier-1,COD_SHORT_REMITTANCE,4525.0,4198.0,327.0,MEDIUM,2026-09-14 22:10:12.726074
AWB113356,BATCH-D,Shiprocket,M-011,Mumbai,Tier-1,OVERDUE_REMITTANCE,14.0,26.0,1952.0,MEDIUM,2026-09-14 22:11:31.791087
AWB113367,BATCH-C,Shiprocket,M-006,Delhi,Tier-1,OVERDUE_REMITTANCE,14.0,20.0,4208.0,MEDIUM,2026-09-14 22:11:31.791087
AWB113368,BATCH-C,DTDC,M-012,Jaipur,Tier-3,EXCESS_FORWARD_CHARGE,42.0,50.0,8.0,LOW,2026-09-14 22:11:32.127304
AWB113371,BATCH-D,Kwikship,M-017,Lucknow,Tier-3,PHANTOM_RTO_CHARGE,0.0,162.0,162.0,MEDIUM,2026-09-14 22:11:31.631484
AWB113377,BATCH-C,Delhivery,M-020,Lucknow,Tier-3,PHANTOM_RTO_CHARGE,0.0,174.0,174.0,MEDIUM,2026-09-14 22:11:31.631484
AWB113381,BATCH-C,Bluedart,M-015,Lucknow,Tier-3,WEIGHT_DISPUTE,4.14,5.05,55.0,LOW,2026-09-14 22:11:31.453814
AWB113385,BATCH-C,DTDC,M-020,Indore,Tier-2,EXCESS_FORWARD_CHARGE,65.0,78.0,13.0,LOW,2026-09-14 22:11:32.127304
AWB113386,BATCH-C,DTDC,M-019,Jaipur,Tier-3,PHANTOM_RTO_CHARGE,0.0,124.0,124.0,MEDIUM,2026-09-14 22:11:31.631484
AWB113393,BATCH-D,Delhivery,M-014,Indore,Tier-2,PHANTOM_RTO_CHARGE,0.0,118.0,118.0,MEDIUM,2026-09-14 22:11:31.631484
AWB113398,BATCH-A,Delhivery,M-011,Jaipur,Tier-3,PHANTOM_RTO_CHARGE,0.0,116.0,116.0,MEDIUM,2026-09-14 22:11:31.631484
AWB113410,BATCH-D,Shiprocket,M-020,Indore,Tier-2,OVERDUE_REMITTANCE,14.0,23.0,1262.0,MEDIUM,2026-09-14 22:11:31.791087
AWB113411,BATCH-D,Bluedart,M-018,Pune,Tier-2,PHANTOM_RTO_CHARGE,0.0,227.0,227.0,MEDIUM,2026-09-14 22:11:31.631484
AWB113414,BATCH-B,Bluedart,M-006,Jaipur,Tier-3,WEIGHT_DISPUTE,4.54,5.79,75.0,LOW,2026-09-14 22:11:31.453814
AWB113417,BATCH-A,DTDC,M-001,Jaipur,Tier-3,EXCESS_FORWARD_CHARGE,95.0,114.0,19.0,LOW,2026-09-14 22:11:32.127304
AWB113418,BATCH-C,Shiprocket,M-016,Delhi,Tier-1,OVERDUE_REMITTANCE,14.0,24.0,0.0,MEDIUM,2026-09-14 22:11:31.791087
AWB113419,BATCH-D,DTDC,M-006,Jaipur,Tier-3,EXCESS_FORWARD_CHARGE,65.0,78.0,13.0,LOW,2026-09-14 22:11:32.127304
AWB113420,BATCH-D,Kwikship,M-019,Jaipur,Tier-3,ETA_SLA_BREACH,72.0,116.8,0.0,LOW,2026-09-14 22:11:32.038362
AWB113421,BATCH-A,Kwikship,M-011,Jaipur,Tier-3,ETA_SLA_BREACH,72.0,104.7,0.0,LOW,2026-09-14 22:11:32.038362
AWB113421,BATCH-A,Kwikship,M-011,Jaipur,Tier-3,PHANTOM_RTO_CHARGE,0.0,119.0,119.0,MEDIUM,2026-09-14 22:11:31.631484
AWB113422,BATCH-C,Delhivery,M-007,Lucknow,Tier-3,PHANTOM_RTO_CHARGE,0.0,222.0,222.0,MEDIUM,2026-09-14 22:11:31.631484
AWB113425,BATCH-A,Kwikship,M-019,Jaipur,Tier-3,ETA_SLA_BREACH,72.0,139.0,0.0,LOW,2026-09-14 22:11:32.038362
AWB113434,BATCH-D,DTDC,M-007,Lucknow,Tier-3,EXCESS_FORWARD_CHARGE,42.0,50.0,8.0,LOW,2026-09-14 22:11:32.127304
AWB113444,BATCH-B,Kwikship,M-009,Lucknow,Tier-3,ETA_SLA_BREACH,72.0,142.4,0.0,LOW,2026-09-14 22:11:32.038362
AWB113446,BATCH-C,Delhivery,M-008,Indore,Tier-2,COD_SHORT_REMITTANCE,3462.0,3246.0,216.0,MEDIUM,2026-09-14 22:10:12.726074
AWB113452,BATCH-C,Delhivery,M-008,Lucknow,Tier-3,COD_SHORT_REMITTANCE,4142.0,3949.0,193.0,MEDIUM,2026-09-14 22:10:12.726074
AWB113454,BATCH-D,Shiprocket,M-001,Lucknow,Tier-3,OVERDUE_REMITTANCE,14.0,23.0,0.0,MEDIUM,2026-09-14 22:11:31.791087
AWB113454,BATCH-D,Shiprocket,M-001,Lucknow,Tier-3,PHANTOM_RTO_CHARGE,0.0,205.0,205.0,MEDIUM,2026-09-14 22:11:31.631484
AWB113457,BATCH-C,Bluedart,M-015,Lucknow,Tier-3,WEIGHT_DISPUTE,2.51,3.0,29.0,LOW,2026-09-14 22:11:31.453814
AWB113458,BATCH-D,Bluedart,M-003,Jaipur,Tier-3,WEIGHT_DISPUTE,4.51,5.92,84.0,LOW,2026-09-14 22:11:31.453814
AWB113467,BATCH-D,DTDC,M-008,Lucknow,Tier-3,PHANTOM_RTO_CHARGE,0.0,201.0,201.0,MEDIUM,2026-09-14 22:11:31.631484
AWB113469,BATCH-C,DTDC,M-011,Mumbai,Tier-1,EXCESS_FORWARD_CHARGE,95.0,114.0,19.0,LOW,2026-09-14 22:11:32.127304
AWB113470,BATCH-B,DTDC,M-012,Mumbai,Tier-1,DUPLICATE_SETTLEMENT,1.0,2.0,0.0,HIGH,2026-09-14 22:11:31.913657
AWB113470,BATCH-DUP,DTDC,M-012,Mumbai,Tier-1,DUPLICATE_SETTLEMENT,1.0,2.0,0.0,HIGH,2026-09-14 22:11:31.913657
AWB113474,BATCH-D,Shiprocket,M-003,Lucknow,Tier-3,OVERDUE_REMITTANCE,14.0,20.0,0.0,MEDIUM,2026-09-14 22:11:31.791087
AWB113478,BATCH-A,Bluedart,M-013,Jaipur,Tier-3,WEIGHT_DISPUTE,3.13,4.07,56.0,LOW,2026-09-14 22:11:31.453814
AWB113481,BATCH-D,DTDC,M-006,Jaipur,Tier-3,EXCESS_FORWARD_CHARGE,95.0,114.0,19.0,LOW,2026-09-14 22:11:32.127304
AWB113483,BATCH-A,DTDC,M-009,Indore,Tier-2,EXCESS_FORWARD_CHARGE,65.0,78.0,13.0,LOW,2026-09-14 22:11:32.127304
AWB113484,BATCH-D,DTDC,M-004,Mumbai,Tier-1,EXCESS_FORWARD_CHARGE,42.0,50.0,8.0,LOW,2026-09-14 22:11:32.127304
AWB113497,BATCH-A,Delhivery,M-016,Mumbai,Tier-1,COD_SHORT_REMITTANCE,3639.0,3386.0,253.0,MEDIUM,2026-09-14 22:10:12.726074
AWB113502,BATCH-A,Delhivery,M-010,Jaipur,Tier-3,PHANTOM_RTO_CHARGE,0.0,166.0,166.0,MEDIUM,2026-09-14 22:11:31.631484
AWB113510,BATCH-C,DTDC,M-005,Pune,Tier-2,EXCESS_FORWARD_CHARGE,42.0,50.0,8.0,LOW,2026-09-14 22:11:32.127304
AWB113511,BATCH-B,Bluedart,M-002,Jaipur,Tier-3,WEIGHT_DISPUTE,6.65,8.48,110.0,MEDIUM,2026-09-14 22:11:31.453814
AWB113515,BATCH-D,Kwikship,M-005,Indore,Tier-2,PHANTOM_RTO_CHARGE,0.0,236.0,236.0,MEDIUM,2026-09-14 22:11:31.631484
AWB113518,BATCH-D,Shiprocket,M-001,Mumbai,Tier-1,PHANTOM_RTO_CHARGE,0.0,161.0,161.0,MEDIUM,2026-09-14 22:11:31.631484
AWB113521,BATCH-D,DTDC,M-015,Indore,Tier-2,EXCESS_FORWARD_CHARGE,42.0,50.0,8.0,LOW,2026-09-14 22:11:32.127304
AWB113522,BATCH-C,Shiprocket,M-002,Lucknow,Tier-3,OVERDUE_REMITTANCE,14.0,18.0,2696.0,MEDIUM,2026-09-14 22:11:31.791087
AWB113526,BATCH-A,DTDC,M-020,Pune,Tier-2,EXCESS_FORWARD_CHARGE,65.0,78.0,13.0,LOW,2026-09-14 22:11:32.127304
AWB113529,BATCH-D,Bluedart,M-011,Delhi,Tier-1,PHANTOM_RTO_CHARGE,0.0,207.0,207.0,MEDIUM,2026-09-14 22:11:31.631484
AWB113530,BATCH-B,DTDC,M-008,Delhi,Tier-1,EXCESS_FORWARD_CHARGE,65.0,78.0,13.0,LOW,2026-09-14 22:11:32.127304
AWB113549,BATCH-D,Delhivery,M-001,Mumbai,Tier-1,COD_SHORT_REMITTANCE,5956.0,5634.0,322.0,MEDIUM,2026-09-14 22:10:12.726074
AWB113556,BATCH-B,Bluedart,M-013,Pune,Tier-2,PHANTOM_RTO_CHARGE,0.0,111.0,111.0,MEDIUM,2026-09-14 22:11:31.631484
AWB113561,BATCH-C,Shiprocket,M-001,Delhi,Tier-1,PHANTOM_RTO_CHARGE,0.0,162.0,162.0,MEDIUM,2026-09-14 22:11:31.631484
AWB113564,BATCH-A,Kwikship,M-006,Pune,Tier-2,DUPLICATE_SETTLEMENT,1.0,2.0,1392.0,HIGH,2026-09-14 22:11:31.913657
AWB113564,BATCH-DUP,Kwikship,M-006,Pune,Tier-2,DUPLICATE_SETTLEMENT,1.0,2.0,1392.0,HIGH,2026-09-14 22:11:31.913657
AWB113567,BATCH-A,Delhivery,M-005,Lucknow,Tier-3,COD_SHORT_REMITTANCE,4030.0,3845.0,185.0,MEDIUM,2026-09-14 22:10:12.726074
AWB113571,BATCH-B,Delhivery,M-017,Delhi,Tier-1,COD_SHORT_REMITTANCE,3691.0,3400.0,291.0,MEDIUM,2026-09-14 22:10:12.726074
AWB113573,BATCH-B,Shiprocket,M-008,Lucknow,Tier-3,PHANTOM_RTO_CHARGE,0.0,197.0,197.0,MEDIUM,2026-09-14 22:11:31.631484
AWB113584,BATCH-A,DTDC,M-010,Indore,Tier-2,EXCESS_FORWARD_CHARGE,95.0,114.0,19.0,LOW,2026-09-14 22:11:32.127304
AWB113585,BATCH-D,Kwikship,M-012,Delhi,Tier-1,PHANTOM_RTO_CHARGE,0.0,227.0,227.0,MEDIUM,2026-09-14 22:11:31.631484
AWB113600,BATCH-D,DTDC,M-005,Pune,Tier-2,EXCESS_FORWARD_CHARGE,95.0,114.0,19.0,LOW,2026-09-14 22:11:32.127304
AWB113603,BATCH-B,Delhivery,M-006,Pune,Tier-2,COD_SHORT_REMITTANCE,4162.0,3965.0,197.0,MEDIUM,2026-09-14 22:10:12.726074
AWB113606,BATCH-D,Delhivery,M-007,Jaipur,Tier-3,COD_SHORT_REMITTANCE,5032.0,4814.0,218.0,MEDIUM,2026-09-14 22:10:12.726074
AWB113606,BATCH-D,Delhivery,M-007,Jaipur,Tier-3,PHANTOM_RTO_CHARGE,0.0,154.0,154.0,MEDIUM,2026-09-14 22:11:31.631484
AWB113609,BATCH-A,DTDC,M-010,Jaipur,Tier-3,EXCESS_FORWARD_CHARGE,95.0,114.0,19.0,LOW,2026-09-14 22:11:32.127304
AWB113616,BATCH-B,Delhivery,M-002,Pune,Tier-2,COD_SHORT_REMITTANCE,5493.0,5100.0,393.0,MEDIUM,2026-09-14 22:10:12.726074
AWB113617,BATCH-A,Delhivery,M-018,Indore,Tier-2,COD_SHORT_REMITTANCE,4114.0,3895.0,219.0,MEDIUM,2026-09-14 22:10:12.726074
AWB113618,BATCH-B,Shiprocket,M-014,Mumbai,Tier-1,OVERDUE_REMITTANCE,14.0,24.0,5718.0,MEDIUM,2026-09-14 22:11:31.791087
AWB113623,BATCH-D,Kwikship,M-016,Lucknow,Tier-3,PHANTOM_RTO_CHARGE,0.0,238.0,238.0,MEDIUM,2026-09-14 22:11:31.631484
AWB113625,BATCH-A,Bluedart,M-013,Jaipur,Tier-3,WEIGHT_DISPUTE,2.37,2.92,33.0,LOW,2026-09-14 22:11:31.453814
AWB113632,BATCH-C,Shiprocket,M-006,Indore,Tier-2,OVERDUE_REMITTANCE,14.0,21.0,3171.0,MEDIUM,2026-09-14 22:11:31.791087
AWB113647,BATCH-D,Shiprocket,M-009,Indore,Tier-2,OVERDUE_REMITTANCE,14.0,24.0,0.0,MEDIUM,2026-09-14 22:11:31.791087
AWB113654,BATCH-B,Shiprocket,M-016,Mumbai,Tier-1,PHANTOM_RTO_CHARGE,0.0,212.0,212.0,MEDIUM,2026-09-14 22:11:31.631484
AWB113664,BATCH-D,Bluedart,M-010,Mumbai,Tier-1,DUPLICATE_SETTLEMENT,1.0,2.0,5914.0,HIGH,2026-09-14 22:11:31.913657
AWB113664,BATCH-DUP,Bluedart,M-010,Mumbai,Tier-1,DUPLICATE_SETTLEMENT,1.0,2.0,5914.0,HIGH,2026-09-14 22:11:31.913657
AWB113667,BATCH-C,Bluedart,M-019,Pune,Tier-2,PHANTOM_RTO_CHARGE,0.0,111.0,111.0,MEDIUM,2026-09-14 22:11:31.631484
AWB113669,BATCH-C,DTDC,M-019,Indore,Tier-2,EXCESS_FORWARD_CHARGE,95.0,114.0,19.0,LOW,2026-09-14 22:11:32.127304
AWB113673,BATCH-A,Delhivery,M-003,Lucknow,Tier-3,PHANTOM_RTO_CHARGE,0.0,113.0,113.0,MEDIUM,2026-09-14 22:11:31.631484
AWB113679,BATCH-A,DTDC,M-018,Indore,Tier-2,EXCESS_FORWARD_CHARGE,95.0,114.0,19.0,LOW,2026-09-14 22:11:32.127304
AWB113679,BATCH-A,DTDC,M-018,Indore,Tier-2,PHANTOM_RTO_CHARGE,0.0,242.0,242.0,MEDIUM,2026-09-14 22:11:31.631484
AWB113685,BATCH-A,Bluedart,M-003,Jaipur,Tier-3,WEIGHT_DISPUTE,3.55,4.6,63.0,LOW,2026-09-14 22:11:31.453814
AWB113688,BATCH-D,DTDC,M-020,Jaipur,Tier-3,EXCESS_FORWARD_CHARGE,95.0,114.0,19.0,LOW,2026-09-14 22:11:32.127304
AWB113689,BATCH-B,DTDC,M-005,Lucknow,Tier-3,EXCESS_FORWARD_CHARGE,95.0,114.0,19.0,LOW,2026-09-14 22:11:32.127304
AWB113694,BATCH-D,Delhivery,M-015,Mumbai,Tier-1,COD_SHORT_REMITTANCE,5986.0,5605.0,381.0,MEDIUM,2026-09-14 22:10:12.726074
AWB113695,BATCH-C,Delhivery,M-011,Jaipur,Tier-3,COD_SHORT_REMITTANCE,4306.0,3973.0,333.0,MEDIUM,2026-09-14 22:10:12.726074
AWB113701,BATCH-B,Bluedart,M-007,Jaipur,Tier-3,WEIGHT_DISPUTE,2.24,2.79,33.0,LOW,2026-09-14 22:11:31.453814
AWB113714,BATCH-C,Bluedart,M-016,Jaipur,Tier-3,WEIGHT_DISPUTE,3.64,4.77,68.0,LOW,2026-09-14 22:11:31.453814
AWB113719,BATCH-C,Kwikship,M-007,Lucknow,Tier-3,ETA_SLA_BREACH,72.0,127.7,0.0,LOW,2026-09-14 22:11:32.038362
AWB113721,BATCH-C,Delhivery,M-006,Mumbai,Tier-1,COD_SHORT_REMITTANCE,5734.0,5387.0,347.0,MEDIUM,2026-09-14 22:10:12.726074
AWB113735,BATCH-C,Bluedart,M-014,Delhi,Tier-1,PHANTOM_RTO_CHARGE,0.0,103.0,103.0,MEDIUM,2026-09-14 22:11:31.631484
AWB113741,BATCH-D,Bluedart,M-017,Jaipur,Tier-3,WEIGHT_DISPUTE,7.41,9.02,97.0,LOW,2026-09-14 22:11:31.453814
AWB113742,BATCH-A,Shiprocket,M-019,Delhi,Tier-1,OVERDUE_REMITTANCE,14.0,25.0,3691.0,MEDIUM,2026-09-14 22:11:31.791087
AWB113743,BATCH-B,DTDC,M-017,Pune,Tier-2,EXCESS_FORWARD_CHARGE,95.0,114.0,19.0,LOW,2026-09-14 22:11:32.127304
AWB113745,BATCH-B,DTDC,M-013,Pune,Tier-2,EXCESS_FORWARD_CHARGE,95.0,114.0,19.0,LOW,2026-09-14 22:11:32.127304
AWB113747,BATCH-D,Bluedart,M-016,Lucknow,Tier-3,WEIGHT_DISPUTE,4.28,5.43,69.0,LOW,2026-09-14 22:11:31.453814
AWB113749,BATCH-A,DTDC,M-012,Pune,Tier-2,EXCESS_FORWARD_CHARGE,95.0,114.0,19.0,LOW,2026-09-14 22:11:32.127304
AWB113750,BATCH-B,DTDC,M-015,Lucknow,Tier-3,PHANTOM_RTO_CHARGE,0.0,177.0,177.0,MEDIUM,2026-09-14 22:11:31.631484
AWB113754,BATCH-D,Kwikship,M-007,Jaipur,Tier-3,PHANTOM_RTO_CHARGE,0.0,203.0,203.0,MEDIUM,2026-09-14 22:11:31.631484
AWB113755,BATCH-C,Bluedart,M-009,Jaipur,Tier-3,WEIGHT_DISPUTE,2.02,2.52,30.0,LOW,2026-09-14 22:11:31.453814
AWB113761,BATCH-B,DTDC,M-014,Delhi,Tier-1,EXCESS_FORWARD_CHARGE,95.0,114.0,19.0,LOW,2026-09-14 22:11:32.127304
AWB113765,BATCH-D,DTDC,M-005,Lucknow,Tier-3,EXCESS_FORWARD_CHARGE,95.0,114.0,19.0,LOW,2026-09-14 22:11:32.127304
AWB113767,BATCH-D,DTDC,M-014,Indore,Tier-2,EXCESS_FORWARD_CHARGE,95.0,114.0,19.0,LOW,2026-09-14 22:11:32.127304
AWB113774,BATCH-B,DTDC,M-014,Pune,Tier-2,EXCESS_FORWARD_CHARGE,95.0,114.0,19.0,LOW,2026-09-14 22:11:32.127304
AWB113774,BATCH-B,DTDC,M-014,Pune,Tier-2,PHANTOM_RTO_CHARGE,0.0,176.0,176.0,MEDIUM,2026-09-14 22:11:31.631484
AWB113775,BATCH-C,DTDC,M-005,Delhi,Tier-1,EXCESS_FORWARD_CHARGE,95.0,114.0,19.0,LOW,2026-09-14 22:11:32.127304
AWB113776,BATCH-A,DTDC,M-015,Mumbai,Tier-1,EXCESS_FORWARD_CHARGE,95.0,114.0,19.0,LOW,2026-09-14 22:11:32.127304
AWB113779,BATCH-A,DTDC,M-014,Mumbai,Tier-1,EXCESS_FORWARD_CHARGE,65.0,78.0,13.0,LOW,2026-09-14 22:11:32.127304
AWB113781,BATCH-C,DTDC,M-010,Lucknow,Tier-3,EXCESS_FORWARD_CHARGE,95.0,114.0,19.0,LOW,2026-09-14 22:11:32.127304
AWB113788,BATCH-A,Delhivery,M-018,Lucknow,Tier-3,DUPLICATE_SETTLEMENT,1.0,2.0,0.0,HIGH,2026-09-14 22:11:31.913657
AWB113788,BATCH-DUP,Delhivery,M-018,Lucknow,Tier-3,DUPLICATE_SETTLEMENT,1.0,2.0,0.0,HIGH,2026-09-14 22:11:31.913657
AWB113790,BATCH-A,DTDC,M-018,Pune,Tier-2,EXCESS_FORWARD_CHARGE,95.0,114.0,19.0,LOW,2026-09-14 22:11:32.127304
AWB113791,BATCH-D,DTDC,M-004,Delhi,Tier-1,EXCESS_FORWARD_CHARGE,95.0,114.0,19.0,LOW,2026-09-14 22:11:32.127304
AWB113798,BATCH-D,Shiprocket,M-006,Pune,Tier-2,OVERDUE_REMITTANCE,14.0,22.0,5164.0,MEDIUM,2026-09-14 22:11:31.791087
AWB113801,BATCH-D,Delhivery,M-004,Pune,Tier-2,COD_SHORT_REMITTANCE,3633.0,3438.0,195.0,MEDIUM,2026-09-14 22:10:12.726074
AWB113803,BATCH-D,DTDC,M-015,Lucknow,Tier-3,EXCESS_FORWARD_CHARGE,95.0,114.0,19.0,LOW,2026-09-14 22:11:32.127304
AWB113805,BATCH-D,Bluedart,M-010,Lucknow,Tier-3,WEIGHT_DISPUTE,7.62,9.68,124.0,MEDIUM,2026-09-14 22:11:31.453814
AWB113807,BATCH-B,Delhivery,M-007,Lucknow,Tier-3,COD_SHORT_REMITTANCE,4311.0,4030.0,281.0,MEDIUM,2026-09-14 22:10:12.726074
AWB113818,BATCH-D,Bluedart,M-010,Jaipur,Tier-3,WEIGHT_DISPUTE,5.06,6.08,61.0,LOW,2026-09-14 22:11:31.453814
AWB113827,BATCH-D,DTDC,M-014,Pune,Tier-2,EXCESS_FORWARD_CHARGE,95.0,114.0,19.0,LOW,2026-09-14 22:11:32.127304
AWB113830,BATCH-B,Delhivery,M-013,Jaipur,Tier-3,COD_SHORT_REMITTANCE,5524.0,5286.0,238.0,MEDIUM,2026-09-14 22:10:12.726074
AWB113831,BATCH-D,Shiprocket,M-006,Jaipur,Tier-3,OVERDUE_REMITTANCE,14.0,21.0,2420.0,MEDIUM,2026-09-14 22:11:31.791087
AWB113832,BATCH-D,DTDC,M-019,Mumbai,Tier-1,EXCESS_FORWARD_CHARGE,95.0,114.0,19.0,LOW,2026-09-14 22:11:32.127304
AWB113836,BATCH-A,DTDC,M-008,Delhi,Tier-1,EXCESS_FORWARD_CHARGE,65.0,78.0,13.0,LOW,2026-09-14 22:11:32.127304
AWB113842,BATCH-D,Bluedart,M-002,Jaipur,Tier-3,WEIGHT_DISPUTE,4.11,5.07,58.0,LOW,2026-09-14 22:11:31.453814
AWB113849,BATCH-D,DTDC,M-020,Jaipur,Tier-3,EXCESS_FORWARD_CHARGE,95.0,114.0,19.0,LOW,2026-09-14 22:11:32.127304
AWB113852,BATCH-C,Bluedart,M-002,Jaipur,Tier-3,WEIGHT_DISPUTE,3.51,4.57,63.0,LOW,2026-09-14 22:11:31.453814
AWB113854,BATCH-B,Bluedart,M-001,Delhi,Tier-1,PHANTOM_RTO_CHARGE,0.0,243.0,243.0,MEDIUM,2026-09-14 22:11:31.631484
AWB113860,BATCH-C,DTDC,M-014,Jaipur,Tier-3,EXCESS_FORWARD_CHARGE,65.0,78.0,13.0,LOW,2026-09-14 22:11:32.127304
AWB113860,BATCH-C,DTDC,M-014,Jaipur,Tier-3,PHANTOM_RTO_CHARGE,0.0,248.0,248.0,MEDIUM,2026-09-14 22:11:31.631484
AWB113862,BATCH-C,DTDC,M-006,Jaipur,Tier-3,EXCESS_FORWARD_CHARGE,95.0,114.0,19.0,LOW,2026-09-14 22:11:32.127304
AWB113872,BATCH-B,DTDC,M-015,Mumbai,Tier-1,EXCESS_FORWARD_CHARGE,95.0,114.0,19.0,LOW,2026-09-14 22:11:32.127304
AWB113876,BATCH-B,DTDC,M-018,Delhi,Tier-1,EXCESS_FORWARD_CHARGE,95.0,114.0,19.0,LOW,2026-09-14 22:11:32.127304
AWB113881,BATCH-D,DTDC,M-001,Jaipur,Tier-3,EXCESS_FORWARD_CHARGE,65.0,78.0,13.0,LOW,2026-09-14 22:11:32.127304
AWB113893,BATCH-B,Shiprocket,M-013,Indore,Tier-2,OVERDUE_REMITTANCE,14.0,26.0,0.0,MEDIUM,2026-09-14 22:11:31.791087
AWB113900,BATCH-C,DTDC,M-017,Mumbai,Tier-1,EXCESS_FORWARD_CHARGE,95.0,114.0,19.0,LOW,2026-09-14 22:11:32.127304
AWB113902,BATCH-A,Bluedart,M-009,Lucknow,Tier-3,WEIGHT_DISPUTE,0.67,0.85,11.0,LOW,2026-09-14 22:11:31.453814
AWB113909,BATCH-C,Kwikship,M-007,Lucknow,Tier-3,ETA_SLA_BREACH,72.0,121.5,0.0,LOW,2026-09-14 22:11:32.038362
AWB113909,BATCH-C,Kwikship,M-007,Lucknow,Tier-3,PHANTOM_RTO_CHARGE,0.0,132.0,132.0,MEDIUM,2026-09-14 22:11:31.631484
AWB113921,BATCH-B,Delhivery,M-001,Indore,Tier-2,COD_SHORT_REMITTANCE,3705.0,3461.0,244.0,MEDIUM,2026-09-14 22:10:12.726074
AWB113924,BATCH-B,DTDC,M-012,Lucknow,Tier-3,EXCESS_FORWARD_CHARGE,42.0,50.0,8.0,LOW,2026-09-14 22:11:32.127304
AWB113929,BATCH-C,Bluedart,M-006,Jaipur,Tier-3,WEIGHT_DISPUTE,5.89,7.61,104.0,MEDIUM,2026-09-14 22:11:31.453814
AWB113932,BATCH-B,Delhivery,M-015,Pune,Tier-2,COD_SHORT_REMITTANCE,3301.0,3093.0,208.0,MEDIUM,2026-09-14 22:10:12.726074
AWB113932,BATCH-B,Delhivery,M-015,Pune,Tier-2,PHANTOM_RTO_CHARGE,0.0,240.0,240.0,MEDIUM,2026-09-14 22:11:31.631484
AWB113943,BATCH-C,Shiprocket,M-014,Mumbai,Tier-1,PHANTOM_RTO_CHARGE,0.0,171.0,171.0,MEDIUM,2026-09-14 22:11:31.631484
AWB113944,BATCH-A,Kwikship,M-012,Jaipur,Tier-3,ETA_SLA_BREACH,72.0,133.7,0.0,LOW,2026-09-14 22:11:32.038362
AWB113951,BATCH-B,Bluedart,M-015,Lucknow,Tier-3,WEIGHT_DISPUTE,2.19,2.84,39.0,LOW,2026-09-14 22:11:31.453814
AWB113953,BATCH-A,Delhivery,M-003,Delhi,Tier-1,COD_SHORT_REMITTANCE,5066.0,4904.0,162.0,MEDIUM,2026-09-14 22:10:12.726074
AWB113960,BATCH-C,DTDC,M-010,Pune,Tier-2,PHANTOM_RTO_CHARGE,0.0,235.0,235.0,MEDIUM,2026-09-14 22:11:31.631484
AWB113963,BATCH-A,DTDC,M-006,Jaipur,Tier-3,EXCESS_FORWARD_CHARGE,95.0,114.0,19.0,LOW,2026-09-14 22:11:32.127304
AWB113965,BATCH-B,Bluedart,M-019,Delhi,Tier-1,DUPLICATE_SETTLEMENT,1.0,2.0,4773.0,HIGH,2026-09-14 22:11:31.913657
AWB113965,BATCH-DUP,Bluedart,M-019,Delhi,Tier-1,DUPLICATE_SETTLEMENT,1.0,2.0,4773.0,HIGH,2026-09-14 22:11:31.913657
AWB113967,BATCH-B,Delhivery,M-003,Delhi,Tier-1,PHANTOM_RTO_CHARGE,0.0,227.0,227.0,MEDIUM,2026-09-14 22:11:31.631484
AWB113970,BATCH-D,Shiprocket,M-013,Delhi,Tier-1,PHANTOM_RTO_CHARGE,0.0,106.0,106.0,MEDIUM,2026-09-14 22:11:31.631484
AWB113975,BATCH-B,Kwikship,M-006,Pune,Tier-2,PHANTOM_RTO_CHARGE,0.0,238.0,238.0,MEDIUM,2026-09-14 22:11:31.631484
AWB113978,BATCH-D,Kwikship,M-003,Jaipur,Tier-3,PHANTOM_RTO_CHARGE,0.0,154.0,154.0,MEDIUM,2026-09-14 22:11:31.631484
AWB113984,BATCH-C,DTDC,M-011,Jaipur,Tier-3,PHANTOM_RTO_CHARGE,0.0,171.0,171.0,MEDIUM,2026-09-14 22:11:31.631484
AWB113985,BATCH-C,Bluedart,M-020,Jaipur,Tier-3,WEIGHT_DISPUTE,4.47,5.63,70.0,LOW,2026-09-14 22:11:31.453814
AWB113990,BATCH-D,Delhivery,M-001,Lucknow,Tier-3,COD_SHORT_REMITTANCE,4554.0,4289.0,265.0,MEDIUM,2026-09-14 22:10:12.726074
AWB113994,BATCH-D,Kwikship,M-009,Jaipur,Tier-3,ETA_SLA_BREACH,72.0,127.0,0.0,LOW,2026-09-14 22:11:32.038362
AWB113996,BATCH-C,Bluedart,M-006,Lucknow,Tier-3,WEIGHT_DISPUTE,2.84,3.4,33.0,LOW,2026-09-14 22:11:31.453814
AWB114001,BATCH-A,DTDC,M-015,Lucknow,Tier-3,EXCESS_FORWARD_CHARGE,95.0,114.0,19.0,LOW,2026-09-14 22:11:32.127304
AWB114002,BATCH-B,Delhivery,M-010,Lucknow,Tier-3,COD_SHORT_REMITTANCE,3865.0,3651.0,214.0,MEDIUM,2026-09-14 22:10:12.726074
AWB114007,BATCH-B,Delhivery,M-011,Delhi,Tier-1,PHANTOM_RTO_CHARGE,0.0,235.0,235.0,MEDIUM,2026-09-14 22:11:31.631484
AWB114014,BATCH-A,DTDC,M-006,Jaipur,Tier-3,EXCESS_FORWARD_CHARGE,95.0,114.0,19.0,LOW,2026-09-14 22:11:32.127304
AWB114022,BATCH-B,DTDC,M-015,Mumbai,Tier-1,EXCESS_FORWARD_CHARGE,95.0,114.0,19.0,LOW,2026-09-14 22:11:32.127304
AWB114024,BATCH-C,DTDC,M-014,Mumbai,Tier-1,EXCESS_FORWARD_CHARGE,95.0,114.0,19.0,LOW,2026-09-14 22:11:32.127304
AWB114025,BATCH-A,Delhivery,M-006,Pune,Tier-2,COD_SHORT_REMITTANCE,5586.0,5359.0,227.0,MEDIUM,2026-09-14 22:10:12.726074
AWB114042,BATCH-C,Kwikship,M-014,Jaipur,Tier-3,ETA_SLA_BREACH,72.0,136.2,0.0,LOW,2026-09-14 22:11:32.038362
AWB114057,BATCH-D,Shiprocket,M-008,Lucknow,Tier-3,PHANTOM_RTO_CHARGE,0.0,104.0,104.0,MEDIUM,2026-09-14 22:11:31.631484
AWB114062,BATCH-C,Bluedart,M-012,Lucknow,Tier-3,WEIGHT_DISPUTE,8.37,10.37,120.0,MEDIUM,2026-09-14 22:11:31.453814
AWB114071,BATCH-C,DTDC,M-004,Lucknow,Tier-3,EXCESS_FORWARD_CHARGE,65.0,78.0,13.0,LOW,2026-09-14 22:11:32.127304
AWB114077,BATCH-D,DTDC,M-014,Lucknow,Tier-3,EXCESS_FORWARD_CHARGE,95.0,114.0,19.0,LOW,2026-09-14 22:11:32.127304
AWB114082,BATCH-C,Bluedart,M-017,Lucknow,Tier-3,WEIGHT_DISPUTE,6.37,8.25,113.0,MEDIUM,2026-09-14 22:11:31.453814
AWB114085,BATCH-D,DTDC,M-015,Pune,Tier-2,EXCESS_FORWARD_CHARGE,65.0,78.0,13.0,LOW,2026-09-14 22:11:32.127304
AWB114088,BATCH-A,DTDC,M-012,Lucknow,Tier-3,EXCESS_FORWARD_CHARGE,65.0,78.0,13.0,LOW,2026-09-14 22:11:32.127304
AWB114092,BATCH-A,DTDC,M-006,Indore,Tier-2,EXCESS_FORWARD_CHARGE,95.0,114.0,19.0,LOW,2026-09-14 22:11:32.127304
AWB114097,BATCH-C,Kwikship,M-012,Jaipur,Tier-3,ETA_SLA_BREACH,72.0,104.6,0.0,LOW,2026-09-14 22:11:32.038362
AWB114105,BATCH-B,DTDC,M-019,Lucknow,Tier-3,EXCESS_FORWARD_CHARGE,95.0,114.0,19.0,LOW,2026-09-14 22:11:32.127304
AWB114105,BATCH-B,DTDC,M-019,Lucknow,Tier-3,PHANTOM_RTO_CHARGE,0.0,188.0,188.0,MEDIUM,2026-09-14 22:11:31.631484
AWB114106,BATCH-B,DTDC,M-012,Lucknow,Tier-3,EXCESS_FORWARD_CHARGE,95.0,114.0,19.0,LOW,2026-09-14 22:11:32.127304
AWB114110,BATCH-D,DTDC,M-016,Jaipur,Tier-3,EXCESS_FORWARD_CHARGE,65.0,78.0,13.0,LOW,2026-09-14 22:11:32.127304
AWB114115,BATCH-B,Delhivery,M-018,Lucknow,Tier-3,COD_SHORT_REMITTANCE,5077.0,4916.0,161.0,MEDIUM,2026-09-14 22:10:12.726074
AWB114121,BATCH-B,Bluedart,M-005,Lucknow,Tier-3,PHANTOM_RTO_CHARGE,0.0,243.0,243.0,MEDIUM,2026-09-14 22:11:31.631484
AWB114123,BATCH-C,DTDC,M-006,Delhi,Tier-1,PHANTOM_RTO_CHARGE,0.0,175.0,175.0,MEDIUM,2026-09-14 22:11:31.631484
AWB114125,BATCH-C,DTDC,M-002,Jaipur,Tier-3,EXCESS_FORWARD_CHARGE,42.0,50.0,8.0,LOW,2026-09-14 22:11:32.127304
AWB114126,BATCH-A,DTDC,M-003,Lucknow,Tier-3,EXCESS_FORWARD_CHARGE,95.0,114.0,19.0,LOW,2026-09-14 22:11:32.127304
AWB114130,BATCH-D,DTDC,M-001,Lucknow,Tier-3,EXCESS_FORWARD_CHARGE,95.0,114.0,19.0,LOW,2026-09-14 22:11:32.127304
AWB114130,BATCH-D,DTDC,M-001,Lucknow,Tier-3,PHANTOM_RTO_CHARGE,0.0,230.0,230.0,MEDIUM,2026-09-14 22:11:31.631484
AWB114137,BATCH-D,DTDC,M-012,Mumbai,Tier-1,EXCESS_FORWARD_CHARGE,95.0,114.0,19.0,LOW,2026-09-14 22:11:32.127304
AWB114138,BATCH-A,Delhivery,M-005,Jaipur,Tier-3,PHANTOM_RTO_CHARGE,0.0,231.0,231.0,MEDIUM,2026-09-14 22:11:31.631484
AWB114144,BATCH-D,DTDC,M-005,Delhi,Tier-1,EXCESS_FORWARD_CHARGE,95.0,114.0,19.0,LOW,2026-09-14 22:11:32.127304
AWB114153,BATCH-C,Delhivery,M-004,Pune,Tier-2,COD_SHORT_REMITTANCE,4907.0,4691.0,216.0,MEDIUM,2026-09-14 22:10:12.726074
AWB114166,BATCH-D,Bluedart,M-012,Lucknow,Tier-3,WEIGHT_DISPUTE,0.59,0.74,9.0,LOW,2026-09-14 22:11:31.453814
AWB114173,BATCH-C,Kwikship,M-006,Jaipur,Tier-3,ETA_SLA_BREACH,72.0,131.3,0.0,LOW,2026-09-14 22:11:32.038362
AWB114175,BATCH-C,DTDC,M-019,Pune,Tier-2,PHANTOM_RTO_CHARGE,0.0,132.0,132.0,MEDIUM,2026-09-14 22:11:31.631484
AWB114183,BATCH-D,DTDC,M-007,Lucknow,Tier-3,EXCESS_FORWARD_CHARGE,95.0,114.0,19.0,LOW,2026-09-14 22:11:32.127304
AWB114185,BATCH-B,DTDC,M-002,Indore,Tier-2,EXCESS_FORWARD_CHARGE,95.0,114.0,19.0,LOW,2026-09-14 22:11:32.127304
AWB114186,BATCH-C,Kwikship,M-010,Lucknow,Tier-3,ETA_SLA_BREACH,72.0,107.3,0.0,LOW,2026-09-14 22:11:32.038362
AWB114187,BATCH-A,DTDC,M-015,Indore,Tier-2,EXCESS_FORWARD_CHARGE,95.0,114.0,19.0,LOW,2026-09-14 22:11:32.127304
AWB114188,BATCH-D,DTDC,M-010,Mumbai,Tier-1,EXCESS_FORWARD_CHARGE,95.0,114.0,19.0,LOW,2026-09-14 22:11:32.127304
AWB114193,BATCH-D,Delhivery,M-013,Delhi,Tier-1,COD_SHORT_REMITTANCE,4196.0,3927.0,269.0,MEDIUM,2026-09-14 22:10:12.726074
AWB114196,BATCH-D,Delhivery,M-013,Jaipur,Tier-3,COD_SHORT_REMITTANCE,4906.0,4717.0,189.0,MEDIUM,2026-09-14 22:10:12.726074
AWB114199,BATCH-B,DTDC,M-011,Indore,Tier-2,EXCESS_FORWARD_CHARGE,65.0,78.0,13.0,LOW,2026-09-14 22:11:32.127304
AWB114203,BATCH-A,Kwikship,M-011,Lucknow,Tier-3,ETA_SLA_BREACH,72.0,134.6,0.0,LOW,2026-09-14 22:11:32.038362
AWB114214,BATCH-A,Bluedart,M-010,Lucknow,Tier-3,DUPLICATE_SETTLEMENT,1.0,2.0,3696.0,HIGH,2026-09-14 22:11:31.913657
AWB114214,BATCH-DUP,Bluedart,M-010,Lucknow,Tier-3,DUPLICATE_SETTLEMENT,1.0,2.0,3696.0,HIGH,2026-09-14 22:11:31.913657
AWB114217,BATCH-C,Delhivery,M-008,Pune,Tier-2,PHANTOM_RTO_CHARGE,0.0,167.0,167.0,MEDIUM,2026-09-14 22:11:31.631484
AWB114222,BATCH-D,DTDC,M-006,Lucknow,Tier-3,EXCESS_FORWARD_CHARGE,95.0,114.0,19.0,LOW,2026-09-14 22:11:32.127304
AWB114223,BATCH-A,Delhivery,M-006,Lucknow,Tier-3,COD_SHORT_REMITTANCE,4909.0,4562.0,347.0,MEDIUM,2026-09-14 22:10:12.726074
AWB114226,BATCH-D,DTDC,M-015,Pune,Tier-2,EXCESS_FORWARD_CHARGE,95.0,114.0,19.0,LOW,2026-09-14 22:11:32.127304
AWB114227,BATCH-B,DTDC,M-003,Mumbai,Tier-1,EXCESS_FORWARD_CHARGE,65.0,78.0,13.0,LOW,2026-09-14 22:11:32.127304
AWB114230,BATCH-C,DTDC,M-018,Mumbai,Tier-1,EXCESS_FORWARD_CHARGE,95.0,114.0,19.0,LOW,2026-09-14 22:11:32.127304
AWB114240,BATCH-C,DTDC,M-007,Pune,Tier-2,EXCESS_FORWARD_CHARGE,42.0,50.0,8.0,LOW,2026-09-14 22:11:32.127304
AWB114241,BATCH-D,DTDC,M-020,Mumbai,Tier-1,PHANTOM_RTO_CHARGE,0.0,163.0,163.0,MEDIUM,2026-09-14 22:11:31.631484
AWB114243,BATCH-D,Delhivery,M-018,Indore,Tier-2,PHANTOM_RTO_CHARGE,0.0,160.0,160.0,MEDIUM,2026-09-14 22:11:31.631484
AWB114244,BATCH-A,DTDC,M-016,Mumbai,Tier-1,EXCESS_FORWARD_CHARGE,95.0,114.0,19.0,LOW,2026-09-14 22:11:32.127304
AWB114254,BATCH-A,Bluedart,M-001,Lucknow,Tier-3,WEIGHT_DISPUTE,7.65,9.22,94.0,LOW,2026-09-14 22:11:31.453814
AWB114257,BATCH-C,Bluedart,M-006,Lucknow,Tier-3,PHANTOM_RTO_CHARGE,0.0,162.0,162.0,MEDIUM,2026-09-14 22:11:31.631484
AWB114264,BATCH-D,DTDC,M-009,Delhi,Tier-1,PHANTOM_RTO_CHARGE,0.0,203.0,203.0,MEDIUM,2026-09-14 22:11:31.631484
AWB114266,BATCH-A,Kwikship,M-011,Lucknow,Tier-3,ETA_SLA_BREACH,72.0,137.3,0.0,LOW,2026-09-14 22:11:32.038362
AWB114271,BATCH-B,Bluedart,M-013,Indore,Tier-2,DUPLICATE_SETTLEMENT,1.0,2.0,0.0,HIGH,2026-09-14 22:11:31.913657
AWB114271,BATCH-DUP,Bluedart,M-013,Indore,Tier-2,DUPLICATE_SETTLEMENT,1.0,2.0,0.0,HIGH,2026-09-14 22:11:31.913657
AWB114273,BATCH-A,Shiprocket,M-009,Delhi,Tier-1,OVERDUE_REMITTANCE,14.0,23.0,2552.0,MEDIUM,2026-09-14 22:11:31.791087
AWB114282,BATCH-C,DTDC,M-019,Delhi,Tier-1,EXCESS_FORWARD_CHARGE,95.0,114.0,19.0,LOW,2026-09-14 22:11:32.127304
AWB114282,BATCH-C,DTDC,M-019,Delhi,Tier-1,PHANTOM_RTO_CHARGE,0.0,236.0,236.0,MEDIUM,2026-09-14 22:11:31.631484
AWB114283,BATCH-D,DTDC,M-009,Pune,Tier-2,EXCESS_FORWARD_CHARGE,65.0,78.0,13.0,LOW,2026-09-14 22:11:32.127304
AWB114284,BATCH-B,Bluedart,M-013,Jaipur,Tier-3,WEIGHT_DISPUTE,7.31,8.78,88.0,LOW,2026-09-14 22:11:31.453814
AWB114292,BATCH-B,DTDC,M-004,Lucknow,Tier-3,EXCESS_FORWARD_CHARGE,65.0,78.0,13.0,LOW,2026-09-14 22:11:32.127304
AWB114292,BATCH-B,DTDC,M-004,Lucknow,Tier-3,PHANTOM_RTO_CHARGE,0.0,157.0,157.0,MEDIUM,2026-09-14 22:11:31.631484
AWB114294,BATCH-A,Delhivery,M-018,Lucknow,Tier-3,COD_SHORT_REMITTANCE,3284.0,3071.0,213.0,MEDIUM,2026-09-14 22:10:12.726074
AWB114301,BATCH-A,Delhivery,M-004,Lucknow,Tier-3,COD_SHORT_REMITTANCE,4607.0,4383.0,224.0,MEDIUM,2026-09-14 22:10:12.726074
AWB114305,BATCH-B,DTDC,M-012,Delhi,Tier-1,EXCESS_FORWARD_CHARGE,95.0,114.0,19.0,LOW,2026-09-14 22:11:32.127304
AWB114309,BATCH-C,DTDC,M-003,Lucknow,Tier-3,EXCESS_FORWARD_CHARGE,95.0,114.0,19.0,LOW,2026-09-14 22:11:32.127304
AWB114309,BATCH-C,DTDC,M-003,Lucknow,Tier-3,PHANTOM_RTO_CHARGE,0.0,107.0,107.0,MEDIUM,2026-09-14 22:11:31.631484
AWB114310,BATCH-A,Bluedart,M-012,Jaipur,Tier-3,WEIGHT_DISPUTE,5.2,6.51,79.0,LOW,2026-09-14 22:11:31.453814
AWB114318,BATCH-C,Delhivery,M-005,Mumbai,Tier-1,DUPLICATE_SETTLEMENT,1.0,2.0,1422.0,HIGH,2026-09-14 22:11:31.913657
AWB114318,BATCH-DUP,Delhivery,M-005,Mumbai,Tier-1,DUPLICATE_SETTLEMENT,1.0,2.0,1422.0,HIGH,2026-09-14 22:11:31.913657
AWB114320,BATCH-C,DTDC,M-014,Lucknow,Tier-3,EXCESS_FORWARD_CHARGE,95.0,114.0,19.0,LOW,2026-09-14 22:11:32.127304
AWB114331,BATCH-A,DTDC,M-001,Jaipur,Tier-3,EXCESS_FORWARD_CHARGE,65.0,78.0,13.0,LOW,2026-09-14 22:11:32.127304
AWB114333,BATCH-B,Delhivery,M-002,Indore,Tier-2,COD_SHORT_REMITTANCE,3627.0,3486.0,141.0,MEDIUM,2026-09-14 22:10:12.726074
AWB114335,BATCH-C,DTDC,M-006,Pune,Tier-2,PHANTOM_RTO_CHARGE,0.0,183.0,183.0,MEDIUM,2026-09-14 22:11:31.631484
AWB114351,BATCH-C,DTDC,M-020,Delhi,Tier-1,EXCESS_FORWARD_CHARGE,95.0,114.0,19.0,LOW,2026-09-14 22:11:32.127304
AWB114354,BATCH-B,DTDC,M-001,Delhi,Tier-1,EXCESS_FORWARD_CHARGE,95.0,114.0,19.0,LOW,2026-09-14 22:11:32.127304
AWB114363,BATCH-B,Kwikship,M-007,Indore,Tier-2,PHANTOM_RTO_CHARGE,0.0,123.0,123.0,MEDIUM,2026-09-14 22:11:31.631484
AWB114366,BATCH-C,DTDC,M-007,Pune,Tier-2,EXCESS_FORWARD_CHARGE,95.0,114.0,19.0,LOW,2026-09-14 22:11:32.127304
AWB114370,BATCH-B,Shiprocket,M-019,Mumbai,Tier-1,PHANTOM_RTO_CHARGE,0.0,157.0,157.0,MEDIUM,2026-09-14 22:11:31.631484
AWB114386,BATCH-D,Shiprocket,M-012,Jaipur,Tier-3,PHANTOM_RTO_CHARGE,0.0,180.0,180.0,MEDIUM,2026-09-14 22:11:31.631484
AWB114395,BATCH-C,Delhivery,M-010,Lucknow,Tier-3,DUPLICATE_SETTLEMENT,1.0,2.0,0.0,HIGH,2026-09-14 22:11:31.913657
AWB114395,BATCH-DUP,Delhivery,M-010,Lucknow,Tier-3,DUPLICATE_SETTLEMENT,1.0,2.0,0.0,HIGH,2026-09-14 22:11:31.913657
AWB114406,BATCH-D,Shiprocket,M-010,Mumbai,Tier-1,OVERDUE_REMITTANCE,14.0,25.0,4591.0,MEDIUM,2026-09-14 22:11:31.791087
AWB114409,BATCH-A,DTDC,M-006,Delhi,Tier-1,EXCESS_FORWARD_CHARGE,65.0,78.0,13.0,LOW,2026-09-14 22:11:32.127304
AWB114411,BATCH-B,DTDC,M-015,Lucknow,Tier-3,DUPLICATE_SETTLEMENT,1.0,2.0,0.0,HIGH,2026-09-14 22:11:31.913657
AWB114411,BATCH-DUP,DTDC,M-015,Lucknow,Tier-3,DUPLICATE_SETTLEMENT,1.0,2.0,0.0,HIGH,2026-09-14 22:11:31.913657
AWB114414,BATCH-B,DTDC,M-005,Lucknow,Tier-3,EXCESS_FORWARD_CHARGE,95.0,114.0,19.0,LOW,2026-09-14 22:11:32.127304
AWB114421,BATCH-B,Delhivery,M-017,Indore,Tier-2,COD_SHORT_REMITTANCE,3614.0,3358.0,256.0,MEDIUM,2026-09-14 22:10:12.726074
AWB114428,BATCH-B,Kwikship,M-012,Lucknow,Tier-3,ETA_SLA_BREACH,72.0,115.5,0.0,LOW,2026-09-14 22:11:32.038362
AWB114430,BATCH-B,DTDC,M-013,Indore,Tier-2,EXCESS_FORWARD_CHARGE,95.0,114.0,19.0,LOW,2026-09-14 22:11:32.127304
AWB114430,BATCH-B,DTDC,M-013,Indore,Tier-2,PHANTOM_RTO_CHARGE,0.0,211.0,211.0,MEDIUM,2026-09-14 22:11:31.631484
AWB114434,BATCH-A,DTDC,M-008,Delhi,Tier-1,EXCESS_FORWARD_CHARGE,95.0,114.0,19.0,LOW,2026-09-14 22:11:32.127304
AWB114437,BATCH-D,Delhivery,M-017,Indore,Tier-2,COD_SHORT_REMITTANCE,4768.0,4548.0,220.0,MEDIUM,2026-09-14 22:10:12.726074
AWB114444,BATCH-B,Kwikship,M-010,Jaipur,Tier-3,PHANTOM_RTO_CHARGE,0.0,240.0,240.0,MEDIUM,2026-09-14 22:11:31.631484
AWB114447,BATCH-A,DTDC,M-007,Delhi,Tier-1,EXCESS_FORWARD_CHARGE,95.0,114.0,19.0,LOW,2026-09-14 22:11:32.127304
AWB114450,BATCH-C,DTDC,M-001,Indore,Tier-2,EXCESS_FORWARD_CHARGE,95.0,114.0,19.0,LOW,2026-09-14 22:11:32.127304
AWB114454,BATCH-C,Bluedart,M-017,Lucknow,Tier-3,WEIGHT_DISPUTE,5.74,6.83,66.0,LOW,2026-09-14 22:11:31.453814
AWB114456,BATCH-C,Bluedart,M-010,Jaipur,Tier-3,WEIGHT_DISPUTE,3.94,4.7,45.0,LOW,2026-09-14 22:11:31.453814
AWB114457,BATCH-D,Shiprocket,M-004,Jaipur,Tier-3,DUPLICATE_SETTLEMENT,1.0,2.0,0.0,HIGH,2026-09-14 22:11:31.913657
AWB114457,BATCH-DUP,Shiprocket,M-004,Jaipur,Tier-3,DUPLICATE_SETTLEMENT,1.0,2.0,0.0,HIGH,2026-09-14 22:11:31.913657
AWB114461,BATCH-C,DTDC,M-002,Lucknow,Tier-3,EXCESS_FORWARD_CHARGE,42.0,50.0,8.0,LOW,2026-09-14 22:11:32.127304
AWB114468,BATCH-D,DTDC,M-008,Lucknow,Tier-3,EXCESS_FORWARD_CHARGE,65.0,78.0,13.0,LOW,2026-09-14 22:11:32.127304
AWB114470,BATCH-A,Kwikship,M-014,Jaipur,Tier-3,PHANTOM_RTO_CHARGE,0.0,189.0,189.0,MEDIUM,2026-09-14 22:11:31.631484
AWB114472,BATCH-C,DTDC,M-011,Delhi,Tier-1,EXCESS_FORWARD_CHARGE,95.0,114.0,19.0,LOW,2026-09-14 22:11:32.127304
AWB114479,BATCH-C,DTDC,M-013,Indore,Tier-2,EXCESS_FORWARD_CHARGE,65.0,78.0,13.0,LOW,2026-09-14 22:11:32.127304
AWB114486,BATCH-A,DTDC,M-017,Indore,Tier-2,EXCESS_FORWARD_CHARGE,95.0,114.0,19.0,LOW,2026-09-14 22:11:32.127304
AWB114494,BATCH-A,DTDC,M-011,Indore,Tier-2,EXCESS_FORWARD_CHARGE,95.0,114.0,19.0,LOW,2026-09-14 22:11:32.127304
AWB114495,BATCH-A,Kwikship,M-009,Jaipur,Tier-3,ETA_SLA_BREACH,72.0,134.6,0.0,LOW,2026-09-14 22:11:32.038362
AWB114498,BATCH-C,Delhivery,M-009,Jaipur,Tier-3,COD_SHORT_REMITTANCE,5621.0,5426.0,195.0,MEDIUM,2026-09-14 22:10:12.726074
AWB114500,BATCH-B,Bluedart,M-018,Jaipur,Tier-3,PHANTOM_RTO_CHARGE,0.0,105.0,105.0,MEDIUM,2026-09-14 22:11:31.631484
AWB114502,BATCH-C,Bluedart,M-018,Lucknow,Tier-3,WEIGHT_DISPUTE,2.97,3.78,49.0,LOW,2026-09-14 22:11:31.453814
AWB114504,BATCH-D,Shiprocket,M-019,Mumbai,Tier-1,OVERDUE_REMITTANCE,14.0,27.0,0.0,MEDIUM,2026-09-14 22:11:31.791087
AWB114505,BATCH-B,Kwikship,M-010,Lucknow,Tier-3,ETA_SLA_BREACH,72.0,104.0,0.0,LOW,2026-09-14 22:11:32.038362
AWB114511,BATCH-A,Bluedart,M-011,Lucknow,Tier-3,PHANTOM_RTO_CHARGE,0.0,234.0,234.0,MEDIUM,2026-09-14 22:11:31.631484
AWB114511,BATCH-A,Bluedart,M-011,Lucknow,Tier-3,WEIGHT_DISPUTE,7.55,9.29,105.0,MEDIUM,2026-09-14 22:11:31.453814
AWB114512,BATCH-D,Kwikship,M-010,Jaipur,Tier-3,ETA_SLA_BREACH,72.0,107.7,0.0,LOW,2026-09-14 22:11:32.038362
AWB114516,BATCH-D,Shiprocket,M-010,Delhi,Tier-1,OVERDUE_REMITTANCE,14.0,18.0,0.0,MEDIUM,2026-09-14 22:11:31.791087
AWB114526,BATCH-B,Shiprocket,M-013,Lucknow,Tier-3,OVERDUE_REMITTANCE,14.0,25.0,671.0,MEDIUM,2026-09-14 22:11:31.791087
AWB114529,BATCH-C,Bluedart,M-009,Lucknow,Tier-3,WEIGHT_DISPUTE,7.78,9.43,99.0,LOW,2026-09-14 22:11:31.453814
AWB114531,BATCH-B,DTDC,M-013,Mumbai,Tier-1,EXCESS_FORWARD_CHARGE,65.0,78.0,13.0,LOW,2026-09-14 22:11:32.127304
AWB114531,BATCH-B,DTDC,M-013,Mumbai,Tier-1,PHANTOM_RTO_CHARGE,0.0,207.0,207.0,MEDIUM,2026-09-14 22:11:31.631484
AWB114534,BATCH-D,Shiprocket,M-020,Delhi,Tier-1,OVERDUE_REMITTANCE,14.0,23.0,0.0,MEDIUM,2026-09-14 22:11:31.791087
AWB114535,BATCH-A,Shiprocket,M-011,Jaipur,Tier-3,PHANTOM_RTO_CHARGE,0.0,115.0,115.0,MEDIUM,2026-09-14 22:11:31.631484
AWB114536,BATCH-A,DTDC,M-011,Lucknow,Tier-3,EXCESS_FORWARD_CHARGE,95.0,114.0,19.0,LOW,2026-09-14 22:11:32.127304
AWB114540,BATCH-D,Bluedart,M-017,Jaipur,Tier-3,WEIGHT_DISPUTE,4.82,6.08,76.0,LOW,2026-09-14 22:11:31.453814
AWB114543,BATCH-D,Delhivery,M-012,Mumbai,Tier-1,COD_SHORT_REMITTANCE,3737.0,3442.0,295.0,MEDIUM,2026-09-14 22:10:12.726074
AWB114553,BATCH-C,Bluedart,M-008,Delhi,Tier-1,PHANTOM_RTO_CHARGE,0.0,132.0,132.0,MEDIUM,2026-09-14 22:11:31.631484
AWB114554,BATCH-D,Bluedart,M-019,Delhi,Tier-1,PHANTOM_RTO_CHARGE,0.0,147.0,147.0,MEDIUM,2026-09-14 22:11:31.631484
AWB114556,BATCH-B,Delhivery,M-011,Indore,Tier-2,COD_SHORT_REMITTANCE,5817.0,5640.0,177.0,MEDIUM,2026-09-14 22:10:12.726074
AWB114558,BATCH-D,DTDC,M-018,Pune,Tier-2,EXCESS_FORWARD_CHARGE,95.0,114.0,19.0,LOW,2026-09-14 22:11:32.127304
AWB114562,BATCH-A,Kwikship,M-010,Pune,Tier-2,PHANTOM_RTO_CHARGE,0.0,110.0,110.0,MEDIUM,2026-09-14 22:11:31.631484
AWB114564,BATCH-D,Delhivery,M-004,Pune,Tier-2,COD_SHORT_REMITTANCE,3475.0,3320.0,155.0,MEDIUM,2026-09-14 22:10:12.726074
AWB114565,BATCH-D,Bluedart,M-014,Lucknow,Tier-3,WEIGHT_DISPUTE,0.79,0.98,11.0,LOW,2026-09-14 22:11:31.453814
AWB114566,BATCH-C,Shiprocket,M-009,Jaipur,Tier-3,OVERDUE_REMITTANCE,14.0,27.0,5521.0,MEDIUM,2026-09-14 22:11:31.791087
AWB114568,BATCH-B,Delhivery,M-011,Pune,Tier-2,COD_SHORT_REMITTANCE,4390.0,4168.0,222.0,MEDIUM,2026-09-14 22:10:12.726074
AWB114571,BATCH-A,DTDC,M-012,Delhi,Tier-1,EXCESS_FORWARD_CHARGE,65.0,78.0,13.0,LOW,2026-09-14 22:11:32.127304
AWB114572,BATCH-C,DTDC,M-019,Jaipur,Tier-3,EXCESS_FORWARD_CHARGE,95.0,114.0,19.0,LOW,2026-09-14 22:11:32.127304
AWB114573,BATCH-D,Kwikship,M-003,Lucknow,Tier-3,ETA_SLA_BREACH,72.0,122.9,0.0,LOW,2026-09-14 22:11:32.038362
AWB114575,BATCH-B,DTDC,M-013,Delhi,Tier-1,EXCESS_FORWARD_CHARGE,95.0,114.0,19.0,LOW,2026-09-14 22:11:32.127304
AWB114578,BATCH-D,Kwikship,M-017,Jaipur,Tier-3,ETA_SLA_BREACH,72.0,102.6,0.0,LOW,2026-09-14 22:11:32.038362
AWB114579,BATCH-A,Delhivery,M-015,Indore,Tier-2,COD_SHORT_REMITTANCE,5441.0,5181.0,260.0,MEDIUM,2026-09-14 22:10:12.726074
AWB114581,BATCH-A,Shiprocket,M-014,Lucknow,Tier-3,OVERDUE_REMITTANCE,14.0,23.0,0.0,MEDIUM,2026-09-14 22:11:31.791087
AWB114585,BATCH-B,Bluedart,M-005,Lucknow,Tier-3,WEIGHT_DISPUTE,6.77,8.23,88.0,LOW,2026-09-14 22:11:31.453814
AWB114586,BATCH-B,DTDC,M-018,Lucknow,Tier-3,EXCESS_FORWARD_CHARGE,95.0,114.0,19.0,LOW,2026-09-14 22:11:32.127304
AWB114588,BATCH-D,DTDC,M-013,Lucknow,Tier-3,EXCESS_FORWARD_CHARGE,42.0,50.0,8.0,LOW,2026-09-14 22:11:32.127304
AWB114601,BATCH-A,Bluedart,M-008,Lucknow,Tier-3,PHANTOM_RTO_CHARGE,0.0,141.0,141.0,MEDIUM,2026-09-14 22:11:31.631484
AWB114601,BATCH-A,Bluedart,M-008,Lucknow,Tier-3,WEIGHT_DISPUTE,7.84,9.87,122.0,MEDIUM,2026-09-14 22:11:31.453814
AWB114607,BATCH-D,Delhivery,M-008,Mumbai,Tier-1,COD_SHORT_REMITTANCE,5284.0,4875.0,409.0,MEDIUM,2026-09-14 22:10:12.726074
AWB114608,BATCH-D,Shiprocket,M-019,Lucknow,Tier-3,OVERDUE_REMITTANCE,14.0,26.0,417.0,MEDIUM,2026-09-14 22:11:31.791087
AWB114609,BATCH-A,Kwikship,M-012,Jaipur,Tier-3,ETA_SLA_BREACH,72.0,118.3,0.0,LOW,2026-09-14 22:11:32.038362
AWB114615,BATCH-D,Bluedart,M-005,Jaipur,Tier-3,WEIGHT_DISPUTE,5.56,7.23,100.0,MEDIUM,2026-09-14 22:11:31.453814
AWB114616,BATCH-B,Kwikship,M-002,Lucknow,Tier-3,ETA_SLA_BREACH,72.0,135.5,0.0,LOW,2026-09-14 22:11:32.038362
AWB114624,BATCH-D,DTDC,M-005,Pune,Tier-2,EXCESS_FORWARD_CHARGE,65.0,78.0,13.0,LOW,2026-09-14 22:11:32.127304
AWB114638,BATCH-D,DTDC,M-017,Lucknow,Tier-3,EXCESS_FORWARD_CHARGE,95.0,114.0,19.0,LOW,2026-09-14 22:11:32.127304
AWB114641,BATCH-C,DTDC,M-002,Jaipur,Tier-3,EXCESS_FORWARD_CHARGE,95.0,114.0,19.0,LOW,2026-09-14 22:11:32.127304
AWB114645,BATCH-C,Bluedart,M-003,Indore,Tier-2,PHANTOM_RTO_CHARGE,0.0,197.0,197.0,MEDIUM,2026-09-14 22:11:31.631484
AWB114647,BATCH-C,Delhivery,M-020,Delhi,Tier-1,COD_SHORT_REMITTANCE,4595.0,4439.0,156.0,MEDIUM,2026-09-14 22:10:12.726074
AWB114652,BATCH-D,DTDC,M-008,Jaipur,Tier-3,PHANTOM_RTO_CHARGE,0.0,127.0,127.0,MEDIUM,2026-09-14 22:11:31.631484
AWB114658,BATCH-D,DTDC,M-018,Lucknow,Tier-3,EXCESS_FORWARD_CHARGE,95.0,114.0,19.0,LOW,2026-09-14 22:11:32.127304
AWB114659,BATCH-D,Bluedart,M-017,Pune,Tier-2,PHANTOM_RTO_CHARGE,0.0,145.0,145.0,MEDIUM,2026-09-14 22:11:31.631484
AWB114664,BATCH-D,Kwikship,M-002,Delhi,Tier-1,PHANTOM_RTO_CHARGE,0.0,228.0,228.0,MEDIUM,2026-09-14 22:11:31.631484
AWB114666,BATCH-C,Bluedart,M-004,Pune,Tier-2,PHANTOM_RTO_CHARGE,0.0,185.0,185.0,MEDIUM,2026-09-14 22:11:31.631484
AWB114667,BATCH-D,DTDC,M-018,Pune,Tier-2,PHANTOM_RTO_CHARGE,0.0,156.0,156.0,MEDIUM,2026-09-14 22:11:31.631484
AWB114673,BATCH-A,DTDC,M-016,Indore,Tier-2,EXCESS_FORWARD_CHARGE,95.0,114.0,19.0,LOW,2026-09-14 22:11:32.127304
AWB114674,BATCH-A,Bluedart,M-020,Jaipur,Tier-3,PHANTOM_RTO_CHARGE,0.0,227.0,227.0,MEDIUM,2026-09-14 22:11:31.631484
AWB114675,BATCH-A,Shiprocket,M-015,Pune,Tier-2,PHANTOM_RTO_CHARGE,0.0,111.0,111.0,MEDIUM,2026-09-14 22:11:31.631484
AWB114690,BATCH-A,Delhivery,M-005,Delhi,Tier-1,COD_SHORT_REMITTANCE,5080.0,4687.0,393.0,MEDIUM,2026-09-14 22:10:12.726074
AWB114706,BATCH-A,Delhivery,M-013,Mumbai,Tier-1,COD_SHORT_REMITTANCE,5964.0,5761.0,203.0,MEDIUM,2026-09-14 22:10:12.726074
AWB114707,BATCH-D,Delhivery,M-013,Lucknow,Tier-3,COD_SHORT_REMITTANCE,3714.0,3576.0,138.0,MEDIUM,2026-09-14 22:10:12.726074
AWB114708,BATCH-A,Shiprocket,M-015,Pune,Tier-2,OVERDUE_REMITTANCE,14.0,19.0,1365.0,MEDIUM,2026-09-14 22:11:31.791087
AWB114711,BATCH-A,Delhivery,M-015,Pune,Tier-2,PHANTOM_RTO_CHARGE,0.0,167.0,167.0,MEDIUM,2026-09-14 22:11:31.631484
AWB114716,BATCH-C,Kwikship,M-003,Indore,Tier-2,PHANTOM_RTO_CHARGE,0.0,202.0,202.0,MEDIUM,2026-09-14 22:11:31.631484
AWB114717,BATCH-C,Bluedart,M-016,Indore,Tier-2,PHANTOM_RTO_CHARGE,0.0,117.0,117.0,MEDIUM,2026-09-14 22:11:31.631484
AWB114719,BATCH-C,DTDC,M-012,Pune,Tier-2,EXCESS_FORWARD_CHARGE,95.0,114.0,19.0,LOW,2026-09-14 22:11:32.127304
AWB114720,BATCH-D,Bluedart,M-007,Lucknow,Tier-3,WEIGHT_DISPUTE,7.97,9.81,110.0,MEDIUM,2026-09-14 22:11:31.453814
AWB114721,BATCH-C,DTDC,M-013,Jaipur,Tier-3,EXCESS_FORWARD_CHARGE,95.0,114.0,19.0,LOW,2026-09-14 22:11:32.127304
AWB114721,BATCH-C,DTDC,M-013,Jaipur,Tier-3,PHANTOM_RTO_CHARGE,0.0,128.0,128.0,MEDIUM,2026-09-14 22:11:31.631484
AWB114725,BATCH-D,Shiprocket,M-015,Delhi,Tier-1,OVERDUE_REMITTANCE,14.0,23.0,4871.0,MEDIUM,2026-09-14 22:11:31.791087
AWB114729,BATCH-D,Shiprocket,M-011,Mumbai,Tier-1,OVERDUE_REMITTANCE,14.0,24.0,0.0,MEDIUM,2026-09-14 22:11:31.791087
AWB114729,BATCH-D,Shiprocket,M-011,Mumbai,Tier-1,PHANTOM_RTO_CHARGE,0.0,201.0,201.0,MEDIUM,2026-09-14 22:11:31.631484
AWB114731,BATCH-A,DTDC,M-010,Pune,Tier-2,EXCESS_FORWARD_CHARGE,42.0,50.0,8.0,LOW,2026-09-14 22:11:32.127304
AWB114733,BATCH-A,DTDC,M-015,Lucknow,Tier-3,EXCESS_FORWARD_CHARGE,95.0,114.0,19.0,LOW,2026-09-14 22:11:32.127304
AWB114735,BATCH-C,Bluedart,M-005,Lucknow,Tier-3,WEIGHT_DISPUTE,7.53,9.62,126.0,MEDIUM,2026-09-14 22:11:31.453814
AWB114737,BATCH-A,Delhivery,M-016,Mumbai,Tier-1,PHANTOM_RTO_CHARGE,0.0,175.0,175.0,MEDIUM,2026-09-14 22:11:31.631484
AWB114749,BATCH-D,Delhivery,M-007,Pune,Tier-2,PHANTOM_RTO_CHARGE,0.0,207.0,207.0,MEDIUM,2026-09-14 22:11:31.631484
AWB114755,BATCH-A,Bluedart,M-009,Lucknow,Tier-3,WEIGHT_DISPUTE,3.45,4.4,57.0,LOW,2026-09-14 22:11:31.453814
AWB114758,BATCH-D,Shiprocket,M-001,Indore,Tier-2,OVERDUE_REMITTANCE,14.0,24.0,973.0,MEDIUM,2026-09-14 22:11:31.791087
AWB114758,BATCH-D,Shiprocket,M-001,Indore,Tier-2,PHANTOM_RTO_CHARGE,0.0,137.0,137.0,MEDIUM,2026-09-14 22:11:31.631484
AWB114768,BATCH-D,Delhivery,M-016,Delhi,Tier-1,COD_SHORT_REMITTANCE,3362.0,3096.0,266.0,MEDIUM,2026-09-14 22:10:12.726074
AWB114773,BATCH-A,Shiprocket,M-007,Pune,Tier-2,OVERDUE_REMITTANCE,14.0,18.0,5331.0,MEDIUM,2026-09-14 22:11:31.791087
AWB114783,BATCH-B,DTDC,M-007,Mumbai,Tier-1,EXCESS_FORWARD_CHARGE,95.0,114.0,19.0,LOW,2026-09-14 22:11:32.127304
AWB114787,BATCH-D,Bluedart,M-009,Jaipur,Tier-3,WEIGHT_DISPUTE,7.08,8.54,88.0,LOW,2026-09-14 22:11:31.453814
AWB114796,BATCH-A,Bluedart,M-020,Indore,Tier-2,PHANTOM_RTO_CHARGE,0.0,172.0,172.0,MEDIUM,2026-09-14 22:11:31.631484
AWB114798,BATCH-B,DTDC,M-013,Indore,Tier-2,PHANTOM_RTO_CHARGE,0.0,200.0,200.0,MEDIUM,2026-09-14 22:11:31.631484
AWB114802,BATCH-D,DTDC,M-003,Delhi,Tier-1,EXCESS_FORWARD_CHARGE,42.0,50.0,8.0,LOW,2026-09-14 22:11:32.127304
AWB114815,BATCH-A,DTDC,M-014,Mumbai,Tier-1,EXCESS_FORWARD_CHARGE,95.0,114.0,19.0,LOW,2026-09-14 22:11:32.127304
AWB114816,BATCH-B,DTDC,M-002,Lucknow,Tier-3,PHANTOM_RTO_CHARGE,0.0,193.0,193.0,MEDIUM,2026-09-14 22:11:31.631484
AWB114818,BATCH-B,DTDC,M-002,Indore,Tier-2,DUPLICATE_SETTLEMENT,1.0,2.0,4112.0,HIGH,2026-09-14 22:11:31.913657
AWB114818,BATCH-B,DTDC,M-002,Indore,Tier-2,PHANTOM_RTO_CHARGE,0.0,109.0,109.0,MEDIUM,2026-09-14 22:11:31.631484
AWB114818,BATCH-DUP,DTDC,M-002,Indore,Tier-2,DUPLICATE_SETTLEMENT,1.0,2.0,4112.0,HIGH,2026-09-14 22:11:31.913657
AWB114818,BATCH-DUP,DTDC,M-002,Indore,Tier-2,PHANTOM_RTO_CHARGE,0.0,109.0,109.0,MEDIUM,2026-09-14 22:11:31.631484
AWB114821,BATCH-C,DTDC,M-020,Jaipur,Tier-3,EXCESS_FORWARD_CHARGE,42.0,50.0,8.0,LOW,2026-09-14 22:11:32.127304
AWB114832,BATCH-A,Bluedart,M-013,Jaipur,Tier-3,WEIGHT_DISPUTE,1.22,1.58,22.0,LOW,2026-09-14 22:11:31.453814
AWB114840,BATCH-A,Delhivery,M-019,Delhi,Tier-1,COD_SHORT_REMITTANCE,3404.0,3285.0,119.0,MEDIUM,2026-09-14 22:10:12.726074
AWB114851,BATCH-A,DTDC,M-020,Delhi,Tier-1,EXCESS_FORWARD_CHARGE,42.0,50.0,8.0,LOW,2026-09-14 22:11:32.127304
AWB114857,BATCH-D,Kwikship,M-014,Lucknow,Tier-3,ETA_SLA_BREACH,72.0,132.6,0.0,LOW,2026-09-14 22:11:32.038362
AWB114858,BATCH-D,Bluedart,M-006,Delhi,Tier-1,DUPLICATE_SETTLEMENT,1.0,2.0,5795.0,HIGH,2026-09-14 22:11:31.913657
AWB114858,BATCH-DUP,Bluedart,M-006,Delhi,Tier-1,DUPLICATE_SETTLEMENT,1.0,2.0,5795.0,HIGH,2026-09-14 22:11:31.913657
AWB114863,BATCH-C,DTDC,M-017,Delhi,Tier-1,PHANTOM_RTO_CHARGE,0.0,110.0,110.0,MEDIUM,2026-09-14 22:11:31.631484
AWB114866,BATCH-A,DTDC,M-004,Indore,Tier-2,EXCESS_FORWARD_CHARGE,95.0,114.0,19.0,LOW,2026-09-14 22:11:32.127304
AWB114873,BATCH-B,Delhivery,M-013,Lucknow,Tier-3,COD_SHORT_REMITTANCE,3377.0,3108.0,269.0,MEDIUM,2026-09-14 22:10:12.726074
AWB114877,BATCH-B,Delhivery,M-001,Mumbai,Tier-1,COD_SHORT_REMITTANCE,5669.0,5290.0,379.0,MEDIUM,2026-09-14 22:10:12.726074
AWB114881,BATCH-A,Delhivery,M-006,Mumbai,Tier-1,PHANTOM_RTO_CHARGE,0.0,134.0,134.0,MEDIUM,2026-09-14 22:11:31.631484
AWB114882,BATCH-A,Delhivery,M-011,Pune,Tier-2,COD_SHORT_REMITTANCE,3887.0,3602.0,285.0,MEDIUM,2026-09-14 22:10:12.726074
AWB114883,BATCH-D,Bluedart,M-018,Pune,Tier-2,PHANTOM_RTO_CHARGE,0.0,237.0,237.0,MEDIUM,2026-09-14 22:11:31.631484
AWB114884,BATCH-B,DTDC,M-020,Indore,Tier-2,PHANTOM_RTO_CHARGE,0.0,248.0,248.0,MEDIUM,2026-09-14 22:11:31.631484
AWB114885,BATCH-B,Bluedart,M-008,Lucknow,Tier-3,WEIGHT_DISPUTE,7.3,9.04,104.0,MEDIUM,2026-09-14 22:11:31.453814
AWB114888,BATCH-B,Delhivery,M-004,Pune,Tier-2,COD_SHORT_REMITTANCE,4991.0,4726.0,265.0,MEDIUM,2026-09-14 22:10:12.726074
AWB114889,BATCH-A,Bluedart,M-011,Jaipur,Tier-3,PHANTOM_RTO_CHARGE,0.0,214.0,214.0,MEDIUM,2026-09-14 22:11:31.631484
AWB114889,BATCH-A,Bluedart,M-011,Jaipur,Tier-3,WEIGHT_DISPUTE,6.42,8.46,122.0,MEDIUM,2026-09-14 22:11:31.453814
AWB114890,BATCH-B,DTDC,M-016,Lucknow,Tier-3,EXCESS_FORWARD_CHARGE,95.0,114.0,19.0,LOW,2026-09-14 22:11:32.127304
AWB114891,BATCH-C,Shiprocket,M-006,Pune,Tier-2,OVERDUE_REMITTANCE,14.0,27.0,5118.0,MEDIUM,2026-09-14 22:11:31.791087
AWB114898,BATCH-D,DTDC,M-005,Mumbai,Tier-1,EXCESS_FORWARD_CHARGE,95.0,114.0,19.0,LOW,2026-09-14 22:11:32.127304
AWB114901,BATCH-D,Bluedart,M-016,Jaipur,Tier-3,WEIGHT_DISPUTE,5.03,6.46,86.0,LOW,2026-09-14 22:11:31.453814
AWB114903,BATCH-D,Delhivery,M-011,Pune,Tier-2,PHANTOM_RTO_CHARGE,0.0,100.0,100.0,LOW,2026-09-14 22:11:31.631484
AWB114906,BATCH-C,Delhivery,M-016,Lucknow,Tier-3,COD_SHORT_REMITTANCE,3303.0,3045.0,258.0,MEDIUM,2026-09-14 22:10:12.726074
AWB114906,BATCH-C,Delhivery,M-016,Lucknow,Tier-3,PHANTOM_RTO_CHARGE,0.0,194.0,194.0,MEDIUM,2026-09-14 22:11:31.631484
AWB114911,BATCH-C,Shiprocket,M-020,Delhi,Tier-1,OVERDUE_REMITTANCE,14.0,21.0,2033.0,MEDIUM,2026-09-14 22:11:31.791087
AWB114913,BATCH-C,DTDC,M-004,Lucknow,Tier-3,EXCESS_FORWARD_CHARGE,95.0,114.0,19.0,LOW,2026-09-14 22:11:32.127304
AWB114923,BATCH-A,Delhivery,M-013,Pune,Tier-2,PHANTOM_RTO_CHARGE,0.0,136.0,136.0,MEDIUM,2026-09-14 22:11:31.631484
AWB114925,BATCH-D,Shiprocket,M-005,Jaipur,Tier-3,OVERDUE_REMITTANCE,14.0,21.0,4979.0,MEDIUM,2026-09-14 22:11:31.791087
AWB114928,BATCH-B,DTDC,M-005,Lucknow,Tier-3,PHANTOM_RTO_CHARGE,0.0,104.0,104.0,MEDIUM,2026-09-14 22:11:31.631484
AWB114933,BATCH-C,Shiprocket,M-006,Mumbai,Tier-1,OVERDUE_REMITTANCE,14.0,19.0,1402.0,MEDIUM,2026-09-14 22:11:31.791087
AWB114938,BATCH-C,DTDC,M-020,Delhi,Tier-1,PHANTOM_RTO_CHARGE,0.0,103.0,103.0,MEDIUM,2026-09-14 22:11:31.631484
AWB114941,BATCH-A,DTDC,M-012,Pune,Tier-2,EXCESS_FORWARD_CHARGE,95.0,114.0,19.0,LOW,2026-09-14 22:11:32.127304
AWB114944,BATCH-D,Delhivery,M-002,Mumbai,Tier-1,COD_SHORT_REMITTANCE,5569.0,5184.0,385.0,MEDIUM,2026-09-14 22:10:12.726074
AWB114944,BATCH-D,Delhivery,M-002,Mumbai,Tier-1,PHANTOM_RTO_CHARGE,0.0,194.0,194.0,MEDIUM,2026-09-14 22:11:31.631484
AWB114945,BATCH-B,DTDC,M-004,Indore,Tier-2,EXCESS_FORWARD_CHARGE,65.0,78.0,13.0,LOW,2026-09-14 22:11:32.127304
AWB114950,BATCH-C,DTDC,M-003,Delhi,Tier-1,EXCESS_FORWARD_CHARGE,95.0,114.0,19.0,LOW,2026-09-14 22:11:32.127304
AWB114954,BATCH-D,DTDC,M-005,Delhi,Tier-1,PHANTOM_RTO_CHARGE,0.0,112.0,112.0,MEDIUM,2026-09-14 22:11:31.631484
AWB114955,BATCH-B,Bluedart,M-009,Lucknow,Tier-3,WEIGHT_DISPUTE,5.43,6.55,67.0,LOW,2026-09-14 22:11:31.453814
AWB114964,BATCH-B,DTDC,M-002,Pune,Tier-2,EXCESS_FORWARD_CHARGE,65.0,78.0,13.0,LOW,2026-09-14 22:11:32.127304
AWB114970,BATCH-B,DTDC,M-011,Indore,Tier-2,EXCESS_FORWARD_CHARGE,65.0,78.0,13.0,LOW,2026-09-14 22:11:32.127304
AWB114983,BATCH-A,DTDC,M-006,Delhi,Tier-1,EXCESS_FORWARD_CHARGE,65.0,78.0,13.0,LOW,2026-09-14 22:11:32.127304
AWB114985,BATCH-A,DTDC,M-003,Jaipur,Tier-3,EXCESS_FORWARD_CHARGE,65.0,78.0,13.0,LOW,2026-09-14 22:11:32.127304
AWB114987,BATCH-C,Shiprocket,M-002,Pune,Tier-2,OVERDUE_REMITTANCE,14.0,23.0,0.0,MEDIUM,2026-09-14 22:11:31.791087
AWB114992,BATCH-C,Bluedart,M-009,Lucknow,Tier-3,WEIGHT_DISPUTE,2.4,3.14,44.0,LOW,2026-09-14 22:11:31.453814
AWB114995,BATCH-B,Shiprocket,M-013,Indore,Tier-2,OVERDUE_REMITTANCE,14.0,21.0,0.0,MEDIUM,2026-09-14 22:11:31.791087
AWB114997,BATCH-B,Bluedart,M-004,Indore,Tier-2,PHANTOM_RTO_CHARGE,0.0,225.0,225.0,MEDIUM,2026-09-14 22:11:31.631484
AWB114998,BATCH-A,DTDC,M-013,Mumbai,Tier-1,PHANTOM_RTO_CHARGE,0.0,246.0,246.0,MEDIUM,2026-09-14 22:11:31.631484
AWB114999,BATCH-D,Delhivery,M-011,Indore,Tier-2,COD_SHORT_REMITTANCE,4022.0,3832.0,190.0,MEDIUM,2026-09-14 22:10:12.726074
AWB115002,BATCH-C,Shiprocket,M-006,Lucknow,Tier-3,PHANTOM_RTO_CHARGE,0.0,208.0,208.0,MEDIUM,2026-09-14 22:11:31.631484
AWB115005,BATCH-B,DTDC,M-005,Pune,Tier-2,EXCESS_FORWARD_CHARGE,42.0,50.0,8.0,LOW,2026-09-14 22:11:32.127304
AWB115008,BATCH-A,Shiprocket,M-004,Delhi,Tier-1,OVERDUE_REMITTANCE,14.0,22.0,5535.0,MEDIUM,2026-09-14 22:11:31.791087
AWB115022,BATCH-C,Shiprocket,M-002,Mumbai,Tier-1,PHANTOM_RTO_CHARGE,0.0,135.0,135.0,MEDIUM,2026-09-14 22:11:31.631484
AWB115024,BATCH-B,DTDC,M-012,Lucknow,Tier-3,EXCESS_FORWARD_CHARGE,95.0,114.0,19.0,LOW,2026-09-14 22:11:32.127304
AWB115026,BATCH-A,Shiprocket,M-013,Mumbai,Tier-1,OVERDUE_REMITTANCE,14.0,18.0,0.0,MEDIUM,2026-09-14 22:11:31.791087
AWB115034,BATCH-C,Bluedart,M-015,Lucknow,Tier-3,WEIGHT_DISPUTE,6.16,8.05,114.0,MEDIUM,2026-09-14 22:11:31.453814
AWB115035,BATCH-A,DTDC,M-012,Mumbai,Tier-1,EXCESS_FORWARD_CHARGE,95.0,114.0,19.0,LOW,2026-09-14 22:11:32.127304
AWB115046,BATCH-B,Shiprocket,M-019,Lucknow,Tier-3,OVERDUE_REMITTANCE,14.0,26.0,0.0,MEDIUM,2026-09-14 22:11:31.791087
AWB115051,BATCH-A,Kwikship,M-002,Delhi,Tier-1,PHANTOM_RTO_CHARGE,0.0,233.0,233.0,MEDIUM,2026-09-14 22:11:31.631484
AWB115059,BATCH-A,Bluedart,M-002,Lucknow,Tier-3,WEIGHT_DISPUTE,7.79,9.77,119.0,MEDIUM,2026-09-14 22:11:31.453814
AWB115071,BATCH-C,Delhivery,M-010,Pune,Tier-2,COD_SHORT_REMITTANCE,5721.0,5441.0,280.0,MEDIUM,2026-09-14 22:10:12.726074
AWB115073,BATCH-D,Shiprocket,M-013,Pune,Tier-2,OVERDUE_REMITTANCE,14.0,21.0,3010.0,MEDIUM,2026-09-14 22:11:31.791087
AWB115081,BATCH-A,Bluedart,M-002,Jaipur,Tier-3,WEIGHT_DISPUTE,7.45,9.39,116.0,MEDIUM,2026-09-14 22:11:31.453814
AWB115085,BATCH-A,Bluedart,M-009,Jaipur,Tier-3,WEIGHT_DISPUTE,1.58,2.08,30.0,LOW,2026-09-14 22:11:31.453814
AWB115090,BATCH-C,Kwikship,M-003,Jaipur,Tier-3,DUPLICATE_SETTLEMENT,1.0,2.0,0.0,HIGH,2026-09-14 22:11:31.913657
AWB115090,BATCH-C,Kwikship,M-003,Jaipur,Tier-3,ETA_SLA_BREACH,72.0,114.9,0.0,LOW,2026-09-14 22:11:32.038362
AWB115090,BATCH-DUP,Kwikship,M-003,Jaipur,Tier-3,DUPLICATE_SETTLEMENT,1.0,2.0,0.0,HIGH,2026-09-14 22:11:31.913657
AWB115090,BATCH-DUP,Kwikship,M-003,Jaipur,Tier-3,ETA_SLA_BREACH,72.0,114.9,0.0,LOW,2026-09-14 22:11:32.038362
AWB115094,BATCH-B,Bluedart,M-002,Jaipur,Tier-3,PHANTOM_RTO_CHARGE,0.0,160.0,160.0,MEDIUM,2026-09-14 22:11:31.631484
AWB115094,BATCH-B,Bluedart,M-002,Jaipur,Tier-3,WEIGHT_DISPUTE,0.56,0.68,7.0,LOW,2026-09-14 22:11:31.453814
AWB115100,BATCH-C,DTDC,M-008,Mumbai,Tier-1,PHANTOM_RTO_CHARGE,0.0,118.0,118.0,MEDIUM,2026-09-14 22:11:31.631484
AWB115101,BATCH-A,Delhivery,M-007,Mumbai,Tier-1,PHANTOM_RTO_CHARGE,0.0,151.0,151.0,MEDIUM,2026-09-14 22:11:31.631484
AWB115107,BATCH-D,DTDC,M-007,Pune,Tier-2,DUPLICATE_SETTLEMENT,1.0,2.0,0.0,HIGH,2026-09-14 22:11:31.913657
AWB115107,BATCH-DUP,DTDC,M-007,Pune,Tier-2,DUPLICATE_SETTLEMENT,1.0,2.0,0.0,HIGH,2026-09-14 22:11:31.913657
AWB115111,BATCH-A,Delhivery,M-020,Mumbai,Tier-1,PHANTOM_RTO_CHARGE,0.0,156.0,156.0,MEDIUM,2026-09-14 22:11:31.631484
AWB115115,BATCH-B,DTDC,M-001,Delhi,Tier-1,EXCESS_FORWARD_CHARGE,42.0,50.0,8.0,LOW,2026-09-14 22:11:32.127304
AWB115124,BATCH-A,DTDC,M-009,Delhi,Tier-1,EXCESS_FORWARD_CHARGE,95.0,114.0,19.0,LOW,2026-09-14 22:11:32.127304
AWB115125,BATCH-B,DTDC,M-010,Indore,Tier-2,EXCESS_FORWARD_CHARGE,95.0,114.0,19.0,LOW,2026-09-14 22:11:32.127304
AWB115126,BATCH-D,DTDC,M-004,Jaipur,Tier-3,EXCESS_FORWARD_CHARGE,95.0,114.0,19.0,LOW,2026-09-14 22:11:32.127304
AWB115129,BATCH-B,Bluedart,M-011,Pune,Tier-2,PHANTOM_RTO_CHARGE,0.0,219.0,219.0,MEDIUM,2026-09-14 22:11:31.631484
AWB115132,BATCH-A,Bluedart,M-002,Lucknow,Tier-3,PHANTOM_RTO_CHARGE,0.0,206.0,206.0,MEDIUM,2026-09-14 22:11:31.631484
AWB115134,BATCH-A,Delhivery,M-020,Lucknow,Tier-3,PHANTOM_RTO_CHARGE,0.0,186.0,186.0,MEDIUM,2026-09-14 22:11:31.631484
AWB115142,BATCH-A,Kwikship,M-013,Mumbai,Tier-1,PHANTOM_RTO_CHARGE,0.0,236.0,236.0,MEDIUM,2026-09-14 22:11:31.631484
AWB115145,BATCH-A,DTDC,M-010,Lucknow,Tier-3,EXCESS_FORWARD_CHARGE,95.0,114.0,19.0,LOW,2026-09-14 22:11:32.127304
AWB115148,BATCH-A,Kwikship,M-017,Mumbai,Tier-1,PHANTOM_RTO_CHARGE,0.0,238.0,238.0,MEDIUM,2026-09-14 22:11:31.631484
AWB115150,BATCH-B,Shiprocket,M-020,Indore,Tier-2,OVERDUE_REMITTANCE,14.0,25.0,0.0,MEDIUM,2026-09-14 22:11:31.791087
AWB115152,BATCH-A,Bluedart,M-004,Jaipur,Tier-3,WEIGHT_DISPUTE,3.79,4.74,57.0,LOW,2026-09-14 22:11:31.453814
AWB115154,BATCH-A,DTDC,M-003,Lucknow,Tier-3,DUPLICATE_SETTLEMENT,1.0,2.0,4376.0,HIGH,2026-09-14 22:11:31.913657
AWB115154,BATCH-DUP,DTDC,M-003,Lucknow,Tier-3,DUPLICATE_SETTLEMENT,1.0,2.0,4376.0,HIGH,2026-09-14 22:11:31.913657
AWB115158,BATCH-C,DTDC,M-013,Mumbai,Tier-1,EXCESS_FORWARD_CHARGE,95.0,114.0,19.0,LOW,2026-09-14 22:11:32.127304
AWB115166,BATCH-B,Delhivery,M-016,Mumbai,Tier-1,PHANTOM_RTO_CHARGE,0.0,131.0,131.0,MEDIUM,2026-09-14 22:11:31.631484
AWB115171,BATCH-D,DTDC,M-004,Jaipur,Tier-3,EXCESS_FORWARD_CHARGE,95.0,114.0,19.0,LOW,2026-09-14 22:11:32.127304
AWB115174,BATCH-D,Delhivery,M-020,Pune,Tier-2,PHANTOM_RTO_CHARGE,0.0,235.0,235.0,MEDIUM,2026-09-14 22:11:31.631484
AWB115175,BATCH-A,Bluedart,M-010,Lucknow,Tier-3,WEIGHT_DISPUTE,3.97,4.95,59.0,LOW,2026-09-14 22:11:31.453814
AWB115176,BATCH-A,Bluedart,M-007,Jaipur,Tier-3,WEIGHT_DISPUTE,8.0,10.39,144.0,MEDIUM,2026-09-14 22:11:31.453814
AWB115179,BATCH-C,Bluedart,M-012,Lucknow,Tier-3,PHANTOM_RTO_CHARGE,0.0,238.0,238.0,MEDIUM,2026-09-14 22:11:31.631484
AWB115190,BATCH-C,Bluedart,M-013,Jaipur,Tier-3,WEIGHT_DISPUTE,4.22,5.35,68.0,LOW,2026-09-14 22:11:31.453814
AWB115192,BATCH-A,DTDC,M-004,Pune,Tier-2,EXCESS_FORWARD_CHARGE,95.0,114.0,19.0,LOW,2026-09-14 22:11:32.127304
AWB115193,BATCH-B,Kwikship,M-006,Jaipur,Tier-3,ETA_SLA_BREACH,72.0,132.3,0.0,LOW,2026-09-14 22:11:32.038362
AWB115196,BATCH-D,Shiprocket,M-002,Pune,Tier-2,PHANTOM_RTO_CHARGE,0.0,223.0,223.0,MEDIUM,2026-09-14 22:11:31.631484
AWB115199,BATCH-B,DTDC,M-013,Jaipur,Tier-3,EXCESS_FORWARD_CHARGE,65.0,78.0,13.0,LOW,2026-09-14 22:11:32.127304
AWB115205,BATCH-A,Kwikship,M-007,Jaipur,Tier-3,ETA_SLA_BREACH,72.0,120.4,0.0,LOW,2026-09-14 22:11:32.038362
AWB115207,BATCH-A,Kwikship,M-012,Lucknow,Tier-3,ETA_SLA_BREACH,72.0,135.3,0.0,LOW,2026-09-14 22:11:32.038362
AWB115219,BATCH-A,DTDC,M-006,Lucknow,Tier-3,EXCESS_FORWARD_CHARGE,65.0,78.0,13.0,LOW,2026-09-14 22:11:32.127304
AWB115221,BATCH-B,Delhivery,M-017,Mumbai,Tier-1,PHANTOM_RTO_CHARGE,0.0,151.0,151.0,MEDIUM,2026-09-14 22:11:31.631484
AWB115223,BATCH-B,DTDC,M-009,Jaipur,Tier-3,EXCESS_FORWARD_CHARGE,65.0,78.0,13.0,LOW,2026-09-14 22:11:32.127304
AWB115225,BATCH-B,DTDC,M-008,Lucknow,Tier-3,EXCESS_FORWARD_CHARGE,95.0,114.0,19.0,LOW,2026-09-14 22:11:32.127304
AWB115226,BATCH-B,Kwikship,M-009,Jaipur,Tier-3,PHANTOM_RTO_CHARGE,0.0,119.0,119.0,MEDIUM,2026-09-14 22:11:31.631484
AWB115227,BATCH-C,DTDC,M-017,Jaipur,Tier-3,EXCESS_FORWARD_CHARGE,95.0,114.0,19.0,LOW,2026-09-14 22:11:32.127304
AWB115237,BATCH-B,DTDC,M-007,Indore,Tier-2,EXCESS_FORWARD_CHARGE,95.0,114.0,19.0,LOW,2026-09-14 22:11:32.127304
AWB115239,BATCH-C,DTDC,M-001,Indore,Tier-2,PHANTOM_RTO_CHARGE,0.0,195.0,195.0,MEDIUM,2026-09-14 22:11:31.631484
AWB115248,BATCH-B,Shiprocket,M-004,Mumbai,Tier-1,DUPLICATE_SETTLEMENT,1.0,2.0,2782.0,HIGH,2026-09-14 22:11:31.913657
AWB115248,BATCH-DUP,Shiprocket,M-004,Mumbai,Tier-1,DUPLICATE_SETTLEMENT,1.0,2.0,2782.0,HIGH,2026-09-14 22:11:31.913657
AWB115249,BATCH-B,Shiprocket,M-019,Mumbai,Tier-1,PHANTOM_RTO_CHARGE,0.0,195.0,195.0,MEDIUM,2026-09-14 22:11:31.631484
AWB115251,BATCH-A,Delhivery,M-012,Indore,Tier-2,COD_SHORT_REMITTANCE,3925.0,3687.0,238.0,MEDIUM,2026-09-14 22:10:12.726074
AWB115252,BATCH-D,Kwikship,M-007,Lucknow,Tier-3,ETA_SLA_BREACH,72.0,114.3,0.0,LOW,2026-09-14 22:11:32.038362
AWB115254,BATCH-A,Shiprocket,M-019,Indore,Tier-2,PHANTOM_RTO_CHARGE,0.0,113.0,113.0,MEDIUM,2026-09-14 22:11:31.631484
AWB115255,BATCH-B,Shiprocket,M-008,Indore,Tier-2,OVERDUE_REMITTANCE,14.0,20.0,3477.0,MEDIUM,2026-09-14 22:11:31.791087
AWB115256,BATCH-C,Delhivery,M-002,Jaipur,Tier-3,DUPLICATE_SETTLEMENT,1.0,2.0,3587.0,HIGH,2026-09-14 22:11:31.913657
AWB115256,BATCH-DUP,Delhivery,M-002,Jaipur,Tier-3,DUPLICATE_SETTLEMENT,1.0,2.0,3587.0,HIGH,2026-09-14 22:11:31.913657
AWB115257,BATCH-A,DTDC,M-015,Jaipur,Tier-3,EXCESS_FORWARD_CHARGE,95.0,114.0,19.0,LOW,2026-09-14 22:11:32.127304
AWB115262,BATCH-B,Shiprocket,M-018,Delhi,Tier-1,OVERDUE_REMITTANCE,14.0,25.0,0.0,MEDIUM,2026-09-14 22:11:31.791087
AWB115262,BATCH-B,Shiprocket,M-018,Delhi,Tier-1,PHANTOM_RTO_CHARGE,0.0,107.0,107.0,MEDIUM,2026-09-14 22:11:31.631484
AWB115263,BATCH-A,Bluedart,M-005,Lucknow,Tier-3,WEIGHT_DISPUTE,0.55,0.68,8.0,LOW,2026-09-14 22:11:31.453814
AWB115265,BATCH-B,Bluedart,M-019,Lucknow,Tier-3,WEIGHT_DISPUTE,3.04,3.88,50.0,LOW,2026-09-14 22:11:31.453814
AWB115268,BATCH-A,DTDC,M-001,Indore,Tier-2,EXCESS_FORWARD_CHARGE,65.0,78.0,13.0,LOW,2026-09-14 22:11:32.127304
AWB115270,BATCH-A,DTDC,M-004,Delhi,Tier-1,EXCESS_FORWARD_CHARGE,65.0,78.0,13.0,LOW,2026-09-14 22:11:32.127304
AWB115271,BATCH-B,DTDC,M-005,Jaipur,Tier-3,EXCESS_FORWARD_CHARGE,65.0,78.0,13.0,LOW,2026-09-14 22:11:32.127304
AWB115272,BATCH-C,Kwikship,M-013,Delhi,Tier-1,PHANTOM_RTO_CHARGE,0.0,128.0,128.0,MEDIUM,2026-09-14 22:11:31.631484
AWB115276,BATCH-C,Delhivery,M-014,Indore,Tier-2,PHANTOM_RTO_CHARGE,0.0,111.0,111.0,MEDIUM,2026-09-14 22:11:31.631484
AWB115279,BATCH-C,Bluedart,M-002,Jaipur,Tier-3,WEIGHT_DISPUTE,5.36,6.37,61.0,LOW,2026-09-14 22:11:31.453814
AWB115281,BATCH-D,Shiprocket,M-002,Mumbai,Tier-1,OVERDUE_REMITTANCE,14.0,23.0,0.0,MEDIUM,2026-09-14 22:11:31.791087
AWB115284,BATCH-A,Shiprocket,M-003,Jaipur,Tier-3,OVERDUE_REMITTANCE,14.0,26.0,0.0,MEDIUM,2026-09-14 22:11:31.791087
AWB115284,BATCH-A,Shiprocket,M-003,Jaipur,Tier-3,PHANTOM_RTO_CHARGE,0.0,136.0,136.0,MEDIUM,2026-09-14 22:11:31.631484
AWB115285,BATCH-C,Bluedart,M-012,Indore,Tier-2,PHANTOM_RTO_CHARGE,0.0,189.0,189.0,MEDIUM,2026-09-14 22:11:31.631484
AWB115287,BATCH-B,Delhivery,M-002,Indore,Tier-2,COD_SHORT_REMITTANCE,5679.0,5433.0,246.0,MEDIUM,2026-09-14 22:10:12.726074
AWB115288,BATCH-C,Delhivery,M-001,Indore,Tier-2,COD_SHORT_REMITTANCE,3125.0,3025.0,100.0,LOW,2026-09-14 22:10:12.726074
AWB115293,BATCH-D,Bluedart,M-006,Indore,Tier-2,PHANTOM_RTO_CHARGE,0.0,215.0,215.0,MEDIUM,2026-09-14 22:11:31.631484
AWB115295,BATCH-B,DTDC,M-001,Delhi,Tier-1,EXCESS_FORWARD_CHARGE,65.0,78.0,13.0,LOW,2026-09-14 22:11:32.127304
AWB115296,BATCH-C,DTDC,M-011,Jaipur,Tier-3,EXCESS_FORWARD_CHARGE,95.0,114.0,19.0,LOW,2026-09-14 22:11:32.127304
AWB115303,BATCH-D,Bluedart,M-016,Lucknow,Tier-3,WEIGHT_DISPUTE,1.0,1.29,17.0,LOW,2026-09-14 22:11:31.453814
AWB115304,BATCH-B,Delhivery,M-014,Delhi,Tier-1,COD_SHORT_REMITTANCE,3657.0,3412.0,245.0,MEDIUM,2026-09-14 22:10:12.726074
AWB115309,BATCH-C,Bluedart,M-020,Lucknow,Tier-3,WEIGHT_DISPUTE,7.23,8.84,96.0,LOW,2026-09-14 22:11:31.453814
AWB115319,BATCH-A,DTDC,M-017,Delhi,Tier-1,PHANTOM_RTO_CHARGE,0.0,148.0,148.0,MEDIUM,2026-09-14 22:11:31.631484
AWB115322,BATCH-D,Bluedart,M-018,Lucknow,Tier-3,WEIGHT_DISPUTE,6.34,7.89,93.0,LOW,2026-09-14 22:11:31.453814
AWB115324,BATCH-C,Shiprocket,M-001,Jaipur,Tier-3,OVERDUE_REMITTANCE,14.0,23.0,0.0,MEDIUM,2026-09-14 22:11:31.791087
AWB115325,BATCH-D,Shiprocket,M-020,Lucknow,Tier-3,PHANTOM_RTO_CHARGE,0.0,127.0,127.0,MEDIUM,2026-09-14 22:11:31.631484
AWB115327,BATCH-C,DTDC,M-006,Pune,Tier-2,EXCESS_FORWARD_CHARGE,95.0,114.0,19.0,LOW,2026-09-14 22:11:32.127304
AWB115345,BATCH-C,Delhivery,M-019,Lucknow,Tier-3,COD_SHORT_REMITTANCE,3328.0,3069.0,259.0,MEDIUM,2026-09-14 22:10:12.726074
AWB115345,BATCH-C,Delhivery,M-019,Lucknow,Tier-3,PHANTOM_RTO_CHARGE,0.0,120.0,120.0,MEDIUM,2026-09-14 22:11:31.631484
AWB115350,BATCH-B,Bluedart,M-015,Lucknow,Tier-3,WEIGHT_DISPUTE,6.57,8.43,111.0,MEDIUM,2026-09-14 22:11:31.453814
AWB115351,BATCH-C,Bluedart,M-013,Jaipur,Tier-3,WEIGHT_DISPUTE,0.42,0.51,5.0,LOW,2026-09-14 22:11:31.453814
AWB115361,BATCH-D,Delhivery,M-012,Mumbai,Tier-1,COD_SHORT_REMITTANCE,5240.0,5066.0,174.0,MEDIUM,2026-09-14 22:10:12.726074
AWB115364,BATCH-D,DTDC,M-002,Jaipur,Tier-3,EXCESS_FORWARD_CHARGE,95.0,114.0,19.0,LOW,2026-09-14 22:11:32.127304
AWB115369,BATCH-D,Shiprocket,M-006,Mumbai,Tier-1,DUPLICATE_SETTLEMENT,1.0,2.0,0.0,HIGH,2026-09-14 22:11:31.913657
AWB115369,BATCH-DUP,Shiprocket,M-006,Mumbai,Tier-1,DUPLICATE_SETTLEMENT,1.0,2.0,0.0,HIGH,2026-09-14 22:11:31.913657
AWB115371,BATCH-C,DTDC,M-004,Jaipur,Tier-3,EXCESS_FORWARD_CHARGE,95.0,114.0,19.0,LOW,2026-09-14 22:11:32.127304
AWB115372,BATCH-A,Bluedart,M-017,Indore,Tier-2,PHANTOM_RTO_CHARGE,0.0,122.0,122.0,MEDIUM,2026-09-14 22:11:31.631484
AWB115379,BATCH-D,Delhivery,M-017,Mumbai,Tier-1,COD_SHORT_REMITTANCE,4046.0,3764.0,282.0,MEDIUM,2026-09-14 22:10:12.726074
AWB115380,BATCH-A,Delhivery,M-004,Lucknow,Tier-3,COD_SHORT_REMITTANCE,3026.0,2919.0,107.0,MEDIUM,2026-09-14 22:10:12.726074
AWB115381,BATCH-C,Bluedart,M-016,Lucknow,Tier-3,WEIGHT_DISPUTE,6.86,8.22,82.0,LOW,2026-09-14 22:11:31.453814
AWB115383,BATCH-B,Kwikship,M-010,Jaipur,Tier-3,ETA_SLA_BREACH,72.0,133.0,0.0,LOW,2026-09-14 22:11:32.038362
AWB115385,BATCH-B,Shiprocket,M-019,Mumbai,Tier-1,OVERDUE_REMITTANCE,14.0,18.0,0.0,MEDIUM,2026-09-14 22:11:31.791087
AWB115386,BATCH-B,DTDC,M-016,Delhi,Tier-1,EXCESS_FORWARD_CHARGE,95.0,114.0,19.0,LOW,2026-09-14 22:11:32.127304
AWB115390,BATCH-B,Bluedart,M-012,Indore,Tier-2,PHANTOM_RTO_CHARGE,0.0,103.0,103.0,MEDIUM,2026-09-14 22:11:31.631484
AWB115391,BATCH-C,Kwikship,M-008,Delhi,Tier-1,DUPLICATE_SETTLEMENT,1.0,2.0,3102.0,HIGH,2026-09-14 22:11:31.913657
AWB115391,BATCH-DUP,Kwikship,M-008,Delhi,Tier-1,DUPLICATE_SETTLEMENT,1.0,2.0,3102.0,HIGH,2026-09-14 22:11:31.913657
AWB115394,BATCH-D,DTDC,M-006,Indore,Tier-2,EXCESS_FORWARD_CHARGE,95.0,114.0,19.0,LOW,2026-09-14 22:11:32.127304
AWB115395,BATCH-B,Bluedart,M-012,Jaipur,Tier-3,WEIGHT_DISPUTE,4.8,6.1,78.0,LOW,2026-09-14 22:11:31.453814
AWB115399,BATCH-D,Shiprocket,M-003,Mumbai,Tier-1,OVERDUE_REMITTANCE,14.0,24.0,5362.0,MEDIUM,2026-09-14 22:11:31.791087
AWB115403,BATCH-D,DTDC,M-009,Mumbai,Tier-1,EXCESS_FORWARD_CHARGE,65.0,78.0,13.0,LOW,2026-09-14 22:11:32.127304
AWB115406,BATCH-B,Kwikship,M-017,Indore,Tier-2,PHANTOM_RTO_CHARGE,0.0,212.0,212.0,MEDIUM,2026-09-14 22:11:31.631484
AWB115407,BATCH-C,Shiprocket,M-003,Mumbai,Tier-1,OVERDUE_REMITTANCE,14.0,23.0,2872.0,MEDIUM,2026-09-14 22:11:31.791087
AWB115409,BATCH-B,Kwikship,M-011,Jaipur,Tier-3,ETA_SLA_BREACH,72.0,142.1,0.0,LOW,2026-09-14 22:11:32.038362
AWB115410,BATCH-C,DTDC,M-003,Lucknow,Tier-3,EXCESS_FORWARD_CHARGE,65.0,78.0,13.0,LOW,2026-09-14 22:11:32.127304
AWB115413,BATCH-A,Delhivery,M-011,Jaipur,Tier-3,PHANTOM_RTO_CHARGE,0.0,204.0,204.0,MEDIUM,2026-09-14 22:11:31.631484
AWB115422,BATCH-C,DTDC,M-006,Mumbai,Tier-1,EXCESS_FORWARD_CHARGE,42.0,50.0,8.0,LOW,2026-09-14 22:11:32.127304
AWB115424,BATCH-D,Shiprocket,M-019,Jaipur,Tier-3,OVERDUE_REMITTANCE,14.0,26.0,667.0,MEDIUM,2026-09-14 22:11:31.791087
AWB115430,BATCH-A,Delhivery,M-004,Indore,Tier-2,COD_SHORT_REMITTANCE,3160.0,3042.0,118.0,MEDIUM,2026-09-14 22:10:12.726074
AWB115438,BATCH-C,Bluedart,M-014,Jaipur,Tier-3,WEIGHT_DISPUTE,4.39,5.48,66.0,LOW,2026-09-14 22:11:31.453814
AWB115439,BATCH-A,DTDC,M-006,Delhi,Tier-1,EXCESS_FORWARD_CHARGE,95.0,114.0,19.0,LOW,2026-09-14 22:11:32.127304
AWB115439,BATCH-A,DTDC,M-006,Delhi,Tier-1,PHANTOM_RTO_CHARGE,0.0,221.0,221.0,MEDIUM,2026-09-14 22:11:31.631484
AWB115440,BATCH-D,Kwikship,M-007,Lucknow,Tier-3,ETA_SLA_BREACH,72.0,127.7,0.0,LOW,2026-09-14 22:11:32.038362
AWB115442,BATCH-C,Shiprocket,M-002,Indore,Tier-2,PHANTOM_RTO_CHARGE,0.0,204.0,204.0,MEDIUM,2026-09-14 22:11:31.631484
AWB115443,BATCH-C,DTDC,M-011,Indore,Tier-2,EXCESS_FORWARD_CHARGE,65.0,78.0,13.0,LOW,2026-09-14 22:11:32.127304
AWB115448,BATCH-B,DTDC,M-001,Indore,Tier-2,EXCESS_FORWARD_CHARGE,95.0,114.0,19.0,LOW,2026-09-14 22:11:32.127304
AWB115450,BATCH-A,Bluedart,M-014,Jaipur,Tier-3,WEIGHT_DISPUTE,2.5,3.08,35.0,LOW,2026-09-14 22:11:31.453814
AWB115451,BATCH-D,DTDC,M-010,Mumbai,Tier-1,EXCESS_FORWARD_CHARGE,65.0,78.0,13.0,LOW,2026-09-14 22:11:32.127304
AWB115452,BATCH-B,DTDC,M-007,Pune,Tier-2,EXCESS_FORWARD_CHARGE,65.0,78.0,13.0,LOW,2026-09-14 22:11:32.127304
AWB115455,BATCH-D,DTDC,M-016,Indore,Tier-2,EXCESS_FORWARD_CHARGE,95.0,114.0,19.0,LOW,2026-09-14 22:11:32.127304
AWB115455,BATCH-D,DTDC,M-016,Indore,Tier-2,PHANTOM_RTO_CHARGE,0.0,159.0,159.0,MEDIUM,2026-09-14 22:11:31.631484
AWB115460,BATCH-B,Kwikship,M-002,Jaipur,Tier-3,ETA_SLA_BREACH,72.0,115.2,0.0,LOW,2026-09-14 22:11:32.038362
AWB115461,BATCH-D,Delhivery,M-015,Lucknow,Tier-3,PHANTOM_RTO_CHARGE,0.0,192.0,192.0,MEDIUM,2026-09-14 22:11:31.631484
AWB115462,BATCH-B,Shiprocket,M-006,Indore,Tier-2,DUPLICATE_SETTLEMENT,1.0,2.0,0.0,HIGH,2026-09-14 22:11:31.913657
AWB115462,BATCH-B,Shiprocket,M-006,Indore,Tier-2,OVERDUE_REMITTANCE,14.0,24.0,0.0,MEDIUM,2026-09-14 22:11:31.791087
AWB115462,BATCH-DUP,Shiprocket,M-006,Indore,Tier-2,DUPLICATE_SETTLEMENT,1.0,2.0,0.0,HIGH,2026-09-14 22:11:31.913657
AWB115462,BATCH-DUP,Shiprocket,M-006,Indore,Tier-2,OVERDUE_REMITTANCE,14.0,24.0,0.0,MEDIUM,2026-09-14 22:11:31.791087
AWB115463,BATCH-B,Kwikship,M-015,Lucknow,Tier-3,ETA_SLA_BREACH,72.0,140.0,0.0,LOW,2026-09-14 22:11:32.038362
AWB115470,BATCH-D,DTDC,M-018,Delhi,Tier-1,EXCESS_FORWARD_CHARGE,95.0,114.0,19.0,LOW,2026-09-14 22:11:32.127304
AWB115471,BATCH-D,Shiprocket,M-018,Jaipur,Tier-3,OVERDUE_REMITTANCE,14.0,20.0,4076.0,MEDIUM,2026-09-14 22:11:31.791087
AWB115476,BATCH-D,DTDC,M-006,Lucknow,Tier-3,EXCESS_FORWARD_CHARGE,65.0,78.0,13.0,LOW,2026-09-14 22:11:32.127304
AWB115478,BATCH-D,Delhivery,M-013,Jaipur,Tier-3,COD_SHORT_REMITTANCE,3748.0,3528.0,220.0,MEDIUM,2026-09-14 22:10:12.726074
AWB115480,BATCH-C,Bluedart,M-017,Jaipur,Tier-3,WEIGHT_DISPUTE,3.59,4.62,62.0,LOW,2026-09-14 22:11:31.453814
AWB115481,BATCH-A,DTDC,M-012,Delhi,Tier-1,EXCESS_FORWARD_CHARGE,95.0,114.0,19.0,LOW,2026-09-14 22:11:32.127304
AWB115484,BATCH-C,Delhivery,M-011,Jaipur,Tier-3,COD_SHORT_REMITTANCE,4388.0,4216.0,172.0,MEDIUM,2026-09-14 22:10:12.726074
AWB115489,BATCH-B,DTDC,M-001,Lucknow,Tier-3,EXCESS_FORWARD_CHARGE,95.0,114.0,19.0,LOW,2026-09-14 22:11:32.127304
AWB115491,BATCH-A,Delhivery,M-013,Pune,Tier-2,PHANTOM_RTO_CHARGE,0.0,104.0,104.0,MEDIUM,2026-09-14 22:11:31.631484
AWB115492,BATCH-D,Delhivery,M-005,Pune,Tier-2,PHANTOM_RTO_CHARGE,0.0,124.0,124.0,MEDIUM,2026-09-14 22:11:31.631484
AWB115499,BATCH-A,Shiprocket,M-007,Jaipur,Tier-3,OVERDUE_REMITTANCE,14.0,20.0,0.0,MEDIUM,2026-09-14 22:11:31.791087
AWB115500,BATCH-D,Delhivery,M-005,Mumbai,Tier-1,COD_SHORT_REMITTANCE,5079.0,4834.0,245.0,MEDIUM,2026-09-14 22:10:12.726074
AWB115506,BATCH-B,Bluedart,M-012,Jaipur,Tier-3,WEIGHT_DISPUTE,0.87,1.08,13.0,LOW,2026-09-14 22:11:31.453814
AWB115507,BATCH-D,Bluedart,M-005,Jaipur,Tier-3,WEIGHT_DISPUTE,4.89,5.98,65.0,LOW,2026-09-14 22:11:31.453814
AWB115510,BATCH-C,DTDC,M-020,Lucknow,Tier-3,EXCESS_FORWARD_CHARGE,95.0,114.0,19.0,LOW,2026-09-14 22:11:32.127304
AWB115510,BATCH-C,DTDC,M-020,Lucknow,Tier-3,PHANTOM_RTO_CHARGE,0.0,115.0,115.0,MEDIUM,2026-09-14 22:11:31.631484
AWB115516,BATCH-C,Bluedart,M-012,Mumbai,Tier-1,DUPLICATE_SETTLEMENT,1.0,2.0,0.0,HIGH,2026-09-14 22:11:31.913657
AWB115516,BATCH-DUP,Bluedart,M-012,Mumbai,Tier-1,DUPLICATE_SETTLEMENT,1.0,2.0,0.0,HIGH,2026-09-14 22:11:31.913657
AWB115520,BATCH-A,Delhivery,M-018,Delhi,Tier-1,COD_SHORT_REMITTANCE,4439.0,4090.0,349.0,MEDIUM,2026-09-14 22:10:12.726074
AWB115526,BATCH-C,DTDC,M-009,Indore,Tier-2,EXCESS_FORWARD_CHARGE,65.0,78.0,13.0,LOW,2026-09-14 22:11:32.127304
AWB115528,BATCH-D,DTDC,M-010,Delhi,Tier-1,EXCESS_FORWARD_CHARGE,95.0,114.0,19.0,LOW,2026-09-14 22:11:32.127304
AWB115543,BATCH-B,Delhivery,M-015,Delhi,Tier-1,COD_SHORT_REMITTANCE,3477.0,3231.0,246.0,MEDIUM,2026-09-14 22:10:12.726074
AWB115545,BATCH-C,Bluedart,M-016,Jaipur,Tier-3,WEIGHT_DISPUTE,2.14,2.76,37.0,LOW,2026-09-14 22:11:31.453814
AWB115547,BATCH-A,DTDC,M-010,Pune,Tier-2,EXCESS_FORWARD_CHARGE,65.0,78.0,13.0,LOW,2026-09-14 22:11:32.127304
AWB115548,BATCH-A,DTDC,M-001,Pune,Tier-2,EXCESS_FORWARD_CHARGE,95.0,114.0,19.0,LOW,2026-09-14 22:11:32.127304
AWB115549,BATCH-B,DTDC,M-004,Delhi,Tier-1,EXCESS_FORWARD_CHARGE,95.0,114.0,19.0,LOW,2026-09-14 22:11:32.127304
AWB115554,BATCH-A,Bluedart,M-013,Lucknow,Tier-3,WEIGHT_DISPUTE,5.58,7.14,94.0,LOW,2026-09-14 22:11:31.453814
AWB115559,BATCH-B,DTDC,M-017,Jaipur,Tier-3,EXCESS_FORWARD_CHARGE,95.0,114.0,19.0,LOW,2026-09-14 22:11:32.127304
AWB115573,BATCH-D,Kwikship,M-014,Mumbai,Tier-1,DUPLICATE_SETTLEMENT,1.0,2.0,0.0,HIGH,2026-09-14 22:11:31.913657
AWB115573,BATCH-DUP,Kwikship,M-014,Mumbai,Tier-1,DUPLICATE_SETTLEMENT,1.0,2.0,0.0,HIGH,2026-09-14 22:11:31.913657
AWB115591,BATCH-C,DTDC,M-005,Delhi,Tier-1,PHANTOM_RTO_CHARGE,0.0,236.0,236.0,MEDIUM,2026-09-14 22:11:31.631484
AWB115592,BATCH-A,Delhivery,M-013,Delhi,Tier-1,COD_SHORT_REMITTANCE,4489.0,4226.0,263.0,MEDIUM,2026-09-14 22:10:12.726074
AWB115593,BATCH-A,Kwikship,M-012,Indore,Tier-2,PHANTOM_RTO_CHARGE,0.0,238.0,238.0,MEDIUM,2026-09-14 22:11:31.631484
AWB115601,BATCH-D,DTDC,M-005,Pune,Tier-2,EXCESS_FORWARD_CHARGE,95.0,114.0,19.0,LOW,2026-09-14 22:11:32.127304
AWB115604,BATCH-C,DTDC,M-019,Delhi,Tier-1,EXCESS_FORWARD_CHARGE,95.0,114.0,19.0,LOW,2026-09-14 22:11:32.127304
AWB115614,BATCH-B,Delhivery,M-002,Mumbai,Tier-1,COD_SHORT_REMITTANCE,5062.0,4891.0,171.0,MEDIUM,2026-09-14 22:10:12.726074
AWB115621,BATCH-C,Delhivery,M-002,Indore,Tier-2,COD_SHORT_REMITTANCE,3569.0,3413.0,156.0,MEDIUM,2026-09-14 22:10:12.726074
AWB115633,BATCH-B,Shiprocket,M-020,Indore,Tier-2,OVERDUE_REMITTANCE,14.0,26.0,0.0,MEDIUM,2026-09-14 22:11:31.791087
AWB115634,BATCH-D,DTDC,M-007,Lucknow,Tier-3,EXCESS_FORWARD_CHARGE,95.0,114.0,19.0,LOW,2026-09-14 22:11:32.127304
AWB115639,BATCH-D,DTDC,M-016,Pune,Tier-2,EXCESS_FORWARD_CHARGE,95.0,114.0,19.0,LOW,2026-09-14 22:11:32.127304
AWB115653,BATCH-D,Bluedart,M-011,Jaipur,Tier-3,WEIGHT_DISPUTE,1.84,2.22,23.0,LOW,2026-09-14 22:11:31.453814
AWB115671,BATCH-C,DTDC,M-003,Delhi,Tier-1,EXCESS_FORWARD_CHARGE,95.0,114.0,19.0,LOW,2026-09-14 22:11:32.127304
AWB115673,BATCH-D,Kwikship,M-007,Lucknow,Tier-3,ETA_SLA_BREACH,72.0,132.4,0.0,LOW,2026-09-14 22:11:32.038362
AWB115675,BATCH-B,Bluedart,M-011,Lucknow,Tier-3,WEIGHT_DISPUTE,1.4,1.83,26.0,LOW,2026-09-14 22:11:31.453814
AWB115676,BATCH-D,DTDC,M-012,Delhi,Tier-1,DUPLICATE_SETTLEMENT,1.0,2.0,5832.0,HIGH,2026-09-14 22:11:31.913657
AWB115676,BATCH-D,DTDC,M-012,Delhi,Tier-1,PHANTOM_RTO_CHARGE,0.0,158.0,158.0,MEDIUM,2026-09-14 22:11:31.631484
AWB115676,BATCH-DUP,DTDC,M-012,Delhi,Tier-1,DUPLICATE_SETTLEMENT,1.0,2.0,5832.0,HIGH,2026-09-14 22:11:31.913657
AWB115676,BATCH-DUP,DTDC,M-012,Delhi,Tier-1,PHANTOM_RTO_CHARGE,0.0,158.0,158.0,MEDIUM,2026-09-14 22:11:31.631484
AWB115689,BATCH-D,DTDC,M-012,Delhi,Tier-1,EXCESS_FORWARD_CHARGE,95.0,114.0,19.0,LOW,2026-09-14 22:11:32.127304
AWB115690,BATCH-B,DTDC,M-007,Delhi,Tier-1,EXCESS_FORWARD_CHARGE,65.0,78.0,13.0,LOW,2026-09-14 22:11:32.127304
AWB115695,BATCH-D,Bluedart,M-010,Lucknow,Tier-3,PHANTOM_RTO_CHARGE,0.0,190.0,190.0,MEDIUM,2026-09-14 22:11:31.631484
AWB115699,BATCH-A,Kwikship,M-011,Pune,Tier-2,PHANTOM_RTO_CHARGE,0.0,222.0,222.0,MEDIUM,2026-09-14 22:11:31.631484
AWB115700,BATCH-B,DTDC,M-014,Mumbai,Tier-1,PHANTOM_RTO_CHARGE,0.0,245.0,245.0,MEDIUM,2026-09-14 22:11:31.631484
AWB115716,BATCH-D,Delhivery,M-005,Jaipur,Tier-3,COD_SHORT_REMITTANCE,5669.0,5467.0,202.0,MEDIUM,2026-09-14 22:10:12.726074
AWB115728,BATCH-D,Delhivery,M-006,Mumbai,Tier-1,COD_SHORT_REMITTANCE,4187.0,3922.0,265.0,MEDIUM,2026-09-14 22:10:12.726074
AWB115730,BATCH-B,Shiprocket,M-009,Mumbai,Tier-1,PHANTOM_RTO_CHARGE,0.0,104.0,104.0,MEDIUM,2026-09-14 22:11:31.631484
AWB115732,BATCH-B,Shiprocket,M-014,Delhi,Tier-1,DUPLICATE_SETTLEMENT,1.0,2.0,0.0,HIGH,2026-09-14 22:11:31.913657
AWB115732,BATCH-DUP,Shiprocket,M-014,Delhi,Tier-1,DUPLICATE_SETTLEMENT,1.0,2.0,0.0,HIGH,2026-09-14 22:11:31.913657
AWB115744,BATCH-B,Kwikship,M-005,Indore,Tier-2,PHANTOM_RTO_CHARGE,0.0,234.0,234.0,MEDIUM,2026-09-14 22:11:31.631484
AWB115747,BATCH-B,Bluedart,M-010,Indore,Tier-2,PHANTOM_RTO_CHARGE,0.0,136.0,136.0,MEDIUM,2026-09-14 22:11:31.631484
AWB115762,BATCH-A,Delhivery,M-001,Jaipur,Tier-3,COD_SHORT_REMITTANCE,3149.0,2905.0,244.0,MEDIUM,2026-09-14 22:10:12.726074
AWB115767,BATCH-C,DTDC,M-010,Lucknow,Tier-3,EXCESS_FORWARD_CHARGE,95.0,114.0,19.0,LOW,2026-09-14 22:11:32.127304
AWB115773,BATCH-A,Kwikship,M-003,Lucknow,Tier-3,ETA_SLA_BREACH,72.0,102.7,0.0,LOW,2026-09-14 22:11:32.038362
AWB115775,BATCH-D,Kwikship,M-009,Delhi,Tier-1,PHANTOM_RTO_CHARGE,0.0,177.0,177.0,MEDIUM,2026-09-14 22:11:31.631484
AWB115776,BATCH-D,Kwikship,M-011,Lucknow,Tier-3,ETA_SLA_BREACH,72.0,105.5,0.0,LOW,2026-09-14 22:11:32.038362
AWB115777,BATCH-B,DTDC,M-013,Mumbai,Tier-1,EXCESS_FORWARD_CHARGE,95.0,114.0,19.0,LOW,2026-09-14 22:11:32.127304
AWB115781,BATCH-C,DTDC,M-008,Jaipur,Tier-3,PHANTOM_RTO_CHARGE,0.0,112.0,112.0,MEDIUM,2026-09-14 22:11:31.631484
AWB115794,BATCH-D,Shiprocket,M-006,Indore,Tier-2,OVERDUE_REMITTANCE,14.0,25.0,4237.0,MEDIUM,2026-09-14 22:11:31.791087
AWB115798,BATCH-D,Delhivery,M-001,Pune,Tier-2,COD_SHORT_REMITTANCE,3373.0,3188.0,185.0,MEDIUM,2026-09-14 22:10:12.726074
AWB115804,BATCH-C,Shiprocket,M-016,Pune,Tier-2,OVERDUE_REMITTANCE,14.0,27.0,5075.0,MEDIUM,2026-09-14 22:11:31.791087
AWB115805,BATCH-D,Delhivery,M-004,Lucknow,Tier-3,DUPLICATE_SETTLEMENT,1.0,2.0,788.0,HIGH,2026-09-14 22:11:31.913657
AWB115805,BATCH-DUP,Delhivery,M-004,Lucknow,Tier-3,DUPLICATE_SETTLEMENT,1.0,2.0,788.0,HIGH,2026-09-14 22:11:31.913657
AWB115820,BATCH-A,Kwikship,M-005,Jaipur,Tier-3,ETA_SLA_BREACH,72.0,134.5,0.0,LOW,2026-09-14 22:11:32.038362
AWB115823,BATCH-B,Kwikship,M-007,Delhi,Tier-1,DUPLICATE_SETTLEMENT,1.0,2.0,3251.0,HIGH,2026-09-14 22:11:31.913657
AWB115823,BATCH-DUP,Kwikship,M-007,Delhi,Tier-1,DUPLICATE_SETTLEMENT,1.0,2.0,3251.0,HIGH,2026-09-14 22:11:31.913657
AWB115845,BATCH-B,Shiprocket,M-004,Pune,Tier-2,OVERDUE_REMITTANCE,14.0,18.0,0.0,MEDIUM,2026-09-14 22:11:31.791087
AWB115852,BATCH-A,Shiprocket,M-003,Indore,Tier-2,OVERDUE_REMITTANCE,14.0,24.0,0.0,MEDIUM,2026-09-14 22:11:31.791087
AWB115860,BATCH-C,DTDC,M-001,Mumbai,Tier-1,EXCESS_FORWARD_CHARGE,95.0,114.0,19.0,LOW,2026-09-14 22:11:32.127304
AWB115861,BATCH-A,Kwikship,M-002,Indore,Tier-2,PHANTOM_RTO_CHARGE,0.0,204.0,204.0,MEDIUM,2026-09-14 22:11:31.631484
AWB115870,BATCH-A,DTDC,M-020,Lucknow,Tier-3,EXCESS_FORWARD_CHARGE,95.0,114.0,19.0,LOW,2026-09-14 22:11:32.127304
AWB115878,BATCH-C,Delhivery,M-002,Indore,Tier-2,COD_SHORT_REMITTANCE,3711.0,3475.0,236.0,MEDIUM,2026-09-14 22:10:12.726074
AWB115885,BATCH-D,Kwikship,M-004,Delhi,Tier-1,PHANTOM_RTO_CHARGE,0.0,217.0,217.0,MEDIUM,2026-09-14 22:11:31.631484
AWB115898,BATCH-D,DTDC,M-007,Jaipur,Tier-3,EXCESS_FORWARD_CHARGE,95.0,114.0,19.0,LOW,2026-09-14 22:11:32.127304
AWB115901,BATCH-C,DTDC,M-006,Indore,Tier-2,EXCESS_FORWARD_CHARGE,95.0,114.0,19.0,LOW,2026-09-14 22:11:32.127304
AWB115903,BATCH-C,Kwikship,M-005,Pune,Tier-2,DUPLICATE_SETTLEMENT,1.0,2.0,3811.0,HIGH,2026-09-14 22:11:31.913657
AWB115903,BATCH-DUP,Kwikship,M-005,Pune,Tier-2,DUPLICATE_SETTLEMENT,1.0,2.0,3811.0,HIGH,2026-09-14 22:11:31.913657
AWB115916,BATCH-C,DTDC,M-002,Indore,Tier-2,EXCESS_FORWARD_CHARGE,95.0,114.0,19.0,LOW,2026-09-14 22:11:32.127304
AWB115917,BATCH-B,Delhivery,M-010,Jaipur,Tier-3,COD_SHORT_REMITTANCE,3315.0,3174.0,141.0,MEDIUM,2026-09-14 22:10:12.726074
AWB115918,BATCH-B,Shiprocket,M-006,Pune,Tier-2,PHANTOM_RTO_CHARGE,0.0,131.0,131.0,MEDIUM,2026-09-14 22:11:31.631484
AWB115920,BATCH-A,DTDC,M-004,Mumbai,Tier-1,EXCESS_FORWARD_CHARGE,95.0,114.0,19.0,LOW,2026-09-14 22:11:32.127304
AWB115922,BATCH-A,Bluedart,M-018,Jaipur,Tier-3,WEIGHT_DISPUTE,0.43,0.52,6.0,LOW,2026-09-14 22:11:31.453814
AWB115923,BATCH-C,Bluedart,M-013,Indore,Tier-2,DUPLICATE_SETTLEMENT,1.0,2.0,0.0,HIGH,2026-09-14 22:11:31.913657
AWB115923,BATCH-DUP,Bluedart,M-013,Indore,Tier-2,DUPLICATE_SETTLEMENT,1.0,2.0,0.0,HIGH,2026-09-14 22:11:31.913657
AWB115926,BATCH-A,Kwikship,M-009,Jaipur,Tier-3,ETA_SLA_BREACH,72.0,107.2,0.0,LOW,2026-09-14 22:11:32.038362
AWB115926,BATCH-A,Kwikship,M-009,Jaipur,Tier-3,PHANTOM_RTO_CHARGE,0.0,108.0,108.0,MEDIUM,2026-09-14 22:11:31.631484
AWB115935,BATCH-B,Kwikship,M-007,Jaipur,Tier-3,ETA_SLA_BREACH,72.0,112.1,0.0,LOW,2026-09-14 22:11:32.038362
AWB115940,BATCH-B,Kwikship,M-019,Lucknow,Tier-3,ETA_SLA_BREACH,72.0,101.3,0.0,LOW,2026-09-14 22:11:32.038362
AWB115964,BATCH-C,DTDC,M-016,Jaipur,Tier-3,EXCESS_FORWARD_CHARGE,95.0,114.0,19.0,LOW,2026-09-14 22:11:32.127304
AWB115967,BATCH-D,DTDC,M-015,Indore,Tier-2,EXCESS_FORWARD_CHARGE,65.0,78.0,13.0,LOW,2026-09-14 22:11:32.127304
AWB115968,BATCH-B,DTDC,M-017,Delhi,Tier-1,EXCESS_FORWARD_CHARGE,95.0,114.0,19.0,LOW,2026-09-14 22:11:32.127304
AWB115970,BATCH-A,Delhivery,M-015,Jaipur,Tier-3,COD_SHORT_REMITTANCE,4364.0,4039.0,325.0,MEDIUM,2026-09-14 22:10:12.726074
AWB115972,BATCH-B,DTDC,M-001,Lucknow,Tier-3,PHANTOM_RTO_CHARGE,0.0,134.0,134.0,MEDIUM,2026-09-14 22:11:31.631484
AWB115976,BATCH-D,Delhivery,M-019,Lucknow,Tier-3,COD_SHORT_REMITTANCE,3071.0,2902.0,169.0,MEDIUM,2026-09-14 22:10:12.726074
AWB115977,BATCH-B,Shiprocket,M-007,Mumbai,Tier-1,PHANTOM_RTO_CHARGE,0.0,236.0,236.0,MEDIUM,2026-09-14 22:11:31.631484
AWB115978,BATCH-D,Bluedart,M-010,Lucknow,Tier-3,WEIGHT_DISPUTE,7.13,9.16,122.0,MEDIUM,2026-09-14 22:11:31.453814
AWB115984,BATCH-A,Bluedart,M-009,Jaipur,Tier-3,WEIGHT_DISPUTE,7.77,10.12,141.0,MEDIUM,2026-09-14 22:11:31.453814
AWB115986,BATCH-C,DTDC,M-005,Delhi,Tier-1,EXCESS_FORWARD_CHARGE,95.0,114.0,19.0,LOW,2026-09-14 22:11:32.127304
AWB115987,BATCH-C,DTDC,M-005,Pune,Tier-2,EXCESS_FORWARD_CHARGE,95.0,114.0,19.0,LOW,2026-09-14 22:11:32.127304
AWB115997,BATCH-A,Bluedart,M-014,Jaipur,Tier-3,WEIGHT_DISPUTE,7.27,9.01,105.0,MEDIUM,2026-09-14 22:11:31.453814
AWB116000,BATCH-C,DTDC,M-018,Indore,Tier-2,EXCESS_FORWARD_CHARGE,65.0,78.0,13.0,LOW,2026-09-14 22:11:32.127304
AWB116004,BATCH-B,Bluedart,M-013,Pune,Tier-2,PHANTOM_RTO_CHARGE,0.0,242.0,242.0,MEDIUM,2026-09-14 22:11:31.631484
AWB116010,BATCH-D,DTDC,M-018,Mumbai,Tier-1,EXCESS_FORWARD_CHARGE,65.0,78.0,13.0,LOW,2026-09-14 22:11:32.127304
AWB116012,BATCH-A,Kwikship,M-015,Indore,Tier-2,PHANTOM_RTO_CHARGE,0.0,217.0,217.0,MEDIUM,2026-09-14 22:11:31.631484
AWB116016,BATCH-B,Delhivery,M-018,Lucknow,Tier-3,DUPLICATE_SETTLEMENT,1.0,2.0,0.0,HIGH,2026-09-14 22:11:31.913657
AWB116016,BATCH-DUP,Delhivery,M-018,Lucknow,Tier-3,DUPLICATE_SETTLEMENT,1.0,2.0,0.0,HIGH,2026-09-14 22:11:31.913657
AWB116021,BATCH-C,Delhivery,M-015,Pune,Tier-2,PHANTOM_RTO_CHARGE,0.0,133.0,133.0,MEDIUM,2026-09-14 22:11:31.631484
AWB116023,BATCH-C,DTDC,M-007,Indore,Tier-2,EXCESS_FORWARD_CHARGE,42.0,50.0,8.0,LOW,2026-09-14 22:11:32.127304
AWB116026,BATCH-C,DTDC,M-013,Jaipur,Tier-3,EXCESS_FORWARD_CHARGE,95.0,114.0,19.0,LOW,2026-09-14 22:11:32.127304
AWB116026,BATCH-C,DTDC,M-013,Jaipur,Tier-3,PHANTOM_RTO_CHARGE,0.0,225.0,225.0,MEDIUM,2026-09-14 22:11:31.631484
AWB116030,BATCH-B,Bluedart,M-016,Lucknow,Tier-3,WEIGHT_DISPUTE,5.26,6.27,60.0,LOW,2026-09-14 22:11:31.453814
AWB116033,BATCH-B,Delhivery,M-015,Delhi,Tier-1,PHANTOM_RTO_CHARGE,0.0,137.0,137.0,MEDIUM,2026-09-14 22:11:31.631484
AWB116038,BATCH-A,DTDC,M-017,Mumbai,Tier-1,EXCESS_FORWARD_CHARGE,65.0,78.0,13.0,LOW,2026-09-14 22:11:32.127304
AWB116041,BATCH-B,Kwikship,M-011,Delhi,Tier-1,PHANTOM_RTO_CHARGE,0.0,172.0,172.0,MEDIUM,2026-09-14 22:11:31.631484
AWB116045,BATCH-A,Delhivery,M-003,Pune,Tier-2,COD_SHORT_REMITTANCE,5748.0,5307.0,441.0,MEDIUM,2026-09-14 22:10:12.726074
AWB116059,BATCH-D,DTDC,M-013,Indore,Tier-2,EXCESS_FORWARD_CHARGE,95.0,114.0,19.0,LOW,2026-09-14 22:11:32.127304
AWB116070,BATCH-C,Delhivery,M-013,Mumbai,Tier-1,PHANTOM_RTO_CHARGE,0.0,123.0,123.0,MEDIUM,2026-09-14 22:11:31.631484
AWB116084,BATCH-B,DTDC,M-018,Indore,Tier-2,EXCESS_FORWARD_CHARGE,95.0,114.0,19.0,LOW,2026-09-14 22:11:32.127304
AWB116086,BATCH-D,Delhivery,M-009,Indore,Tier-2,COD_SHORT_REMITTANCE,3721.0,3433.0,288.0,MEDIUM,2026-09-14 22:10:12.726074
AWB116087,BATCH-C,Delhivery,M-010,Pune,Tier-2,COD_SHORT_REMITTANCE,5492.0,5078.0,414.0,MEDIUM,2026-09-14 22:10:12.726074
AWB116088,BATCH-D,Bluedart,M-008,Pune,Tier-2,PHANTOM_RTO_CHARGE,0.0,147.0,147.0,MEDIUM,2026-09-14 22:11:31.631484
AWB116097,BATCH-C,Bluedart,M-002,Delhi,Tier-1,PHANTOM_RTO_CHARGE,0.0,232.0,232.0,MEDIUM,2026-09-14 22:11:31.631484
AWB116105,BATCH-D,Bluedart,M-001,Lucknow,Tier-3,WEIGHT_DISPUTE,6.98,8.46,89.0,LOW,2026-09-14 22:11:31.453814
AWB116110,BATCH-B,DTDC,M-012,Jaipur,Tier-3,EXCESS_FORWARD_CHARGE,95.0,114.0,19.0,LOW,2026-09-14 22:11:32.127304
AWB116110,BATCH-B,DTDC,M-012,Jaipur,Tier-3,PHANTOM_RTO_CHARGE,0.0,162.0,162.0,MEDIUM,2026-09-14 22:11:31.631484
AWB116117,BATCH-A,Shiprocket,M-003,Delhi,Tier-1,OVERDUE_REMITTANCE,14.0,21.0,0.0,MEDIUM,2026-09-14 22:11:31.791087
AWB116119,BATCH-A,Kwikship,M-005,Lucknow,Tier-3,ETA_SLA_BREACH,72.0,127.4,0.0,LOW,2026-09-14 22:11:32.038362
AWB116120,BATCH-B,Bluedart,M-019,Jaipur,Tier-3,WEIGHT_DISPUTE,3.92,4.73,49.0,LOW,2026-09-14 22:11:31.453814
AWB116122,BATCH-B,Shiprocket,M-015,Pune,Tier-2,OVERDUE_REMITTANCE,14.0,24.0,0.0,MEDIUM,2026-09-14 22:11:31.791087
AWB116124,BATCH-A,Shiprocket,M-005,Indore,Tier-2,OVERDUE_REMITTANCE,14.0,26.0,0.0,MEDIUM,2026-09-14 22:11:31.791087
AWB116125,BATCH-D,DTDC,M-005,Delhi,Tier-1,EXCESS_FORWARD_CHARGE,95.0,114.0,19.0,LOW,2026-09-14 22:11:32.127304
AWB116133,BATCH-A,DTDC,M-017,Jaipur,Tier-3,EXCESS_FORWARD_CHARGE,65.0,78.0,13.0,LOW,2026-09-14 22:11:32.127304
AWB116136,BATCH-B,Kwikship,M-013,Jaipur,Tier-3,ETA_SLA_BREACH,72.0,137.9,0.0,LOW,2026-09-14 22:11:32.038362
AWB116137,BATCH-C,Bluedart,M-008,Lucknow,Tier-3,WEIGHT_DISPUTE,4.78,5.83,63.0,LOW,2026-09-14 22:11:31.453814
AWB116138,BATCH-C,Kwikship,M-002,Lucknow,Tier-3,ETA_SLA_BREACH,72.0,107.1,0.0,LOW,2026-09-14 22:11:32.038362
AWB116138,BATCH-C,Kwikship,M-002,Lucknow,Tier-3,PHANTOM_RTO_CHARGE,0.0,103.0,103.0,MEDIUM,2026-09-14 22:11:31.631484
AWB116140,BATCH-D,DTDC,M-001,Jaipur,Tier-3,EXCESS_FORWARD_CHARGE,95.0,114.0,19.0,LOW,2026-09-14 22:11:32.127304
AWB116145,BATCH-C,Kwikship,M-004,Jaipur,Tier-3,ETA_SLA_BREACH,72.0,112.6,0.0,LOW,2026-09-14 22:11:32.038362
AWB116154,BATCH-D,DTDC,M-012,Lucknow,Tier-3,DUPLICATE_SETTLEMENT,1.0,2.0,1959.0,HIGH,2026-09-14 22:11:31.913657
AWB116154,BATCH-DUP,DTDC,M-012,Lucknow,Tier-3,DUPLICATE_SETTLEMENT,1.0,2.0,1959.0,HIGH,2026-09-14 22:11:31.913657
AWB116158,BATCH-A,DTDC,M-010,Mumbai,Tier-1,EXCESS_FORWARD_CHARGE,95.0,114.0,19.0,LOW,2026-09-14 22:11:32.127304
AWB116159,BATCH-A,DTDC,M-001,Lucknow,Tier-3,EXCESS_FORWARD_CHARGE,95.0,114.0,19.0,LOW,2026-09-14 22:11:32.127304
AWB116173,BATCH-C,DTDC,M-016,Indore,Tier-2,EXCESS_FORWARD_CHARGE,42.0,50.0,8.0,LOW,2026-09-14 22:11:32.127304
AWB116174,BATCH-C,Shiprocket,M-009,Pune,Tier-2,OVERDUE_REMITTANCE,14.0,25.0,4001.0,MEDIUM,2026-09-14 22:11:31.791087
AWB116176,BATCH-A,Kwikship,M-009,Mumbai,Tier-1,PHANTOM_RTO_CHARGE,0.0,144.0,144.0,MEDIUM,2026-09-14 22:11:31.631484
AWB116177,BATCH-A,Delhivery,M-009,Mumbai,Tier-1,COD_SHORT_REMITTANCE,3512.0,3368.0,144.0,MEDIUM,2026-09-14 22:10:12.726074
AWB116190,BATCH-B,Kwikship,M-012,Lucknow,Tier-3,ETA_SLA_BREACH,72.0,121.6,0.0,LOW,2026-09-14 22:11:32.038362
AWB116190,BATCH-B,Kwikship,M-012,Lucknow,Tier-3,PHANTOM_RTO_CHARGE,0.0,111.0,111.0,MEDIUM,2026-09-14 22:11:31.631484
AWB116191,BATCH-C,Bluedart,M-019,Lucknow,Tier-3,WEIGHT_DISPUTE,2.17,2.87,42.0,LOW,2026-09-14 22:11:31.453814
AWB116198,BATCH-C,Shiprocket,M-011,Mumbai,Tier-1,OVERDUE_REMITTANCE,14.0,24.0,922.0,MEDIUM,2026-09-14 22:11:31.791087
AWB116202,BATCH-D,Kwikship,M-002,Jaipur,Tier-3,ETA_SLA_BREACH,72.0,136.3,0.0,LOW,2026-09-14 22:11:32.038362
AWB116205,BATCH-C,DTDC,M-003,Jaipur,Tier-3,EXCESS_FORWARD_CHARGE,95.0,114.0,19.0,LOW,2026-09-14 22:11:32.127304
AWB116208,BATCH-A,Bluedart,M-020,Mumbai,Tier-1,DUPLICATE_SETTLEMENT,1.0,2.0,0.0,HIGH,2026-09-14 22:11:31.913657
AWB116208,BATCH-DUP,Bluedart,M-020,Mumbai,Tier-1,DUPLICATE_SETTLEMENT,1.0,2.0,0.0,HIGH,2026-09-14 22:11:31.913657
AWB116209,BATCH-B,DTDC,M-002,Delhi,Tier-1,PHANTOM_RTO_CHARGE,0.0,200.0,200.0,MEDIUM,2026-09-14 22:11:31.631484
AWB116214,BATCH-A,Delhivery,M-020,Pune,Tier-2,COD_SHORT_REMITTANCE,5752.0,5374.0,378.0,MEDIUM,2026-09-14 22:10:12.726074
AWB116215,BATCH-B,DTDC,M-015,Lucknow,Tier-3,EXCESS_FORWARD_CHARGE,95.0,114.0,19.0,LOW,2026-09-14 22:11:32.127304
AWB116216,BATCH-D,DTDC,M-002,Lucknow,Tier-3,EXCESS_FORWARD_CHARGE,95.0,114.0,19.0,LOW,2026-09-14 22:11:32.127304
AWB116217,BATCH-C,DTDC,M-013,Pune,Tier-2,EXCESS_FORWARD_CHARGE,95.0,114.0,19.0,LOW,2026-09-14 22:11:32.127304
AWB116218,BATCH-B,DTDC,M-014,Mumbai,Tier-1,PHANTOM_RTO_CHARGE,0.0,204.0,204.0,MEDIUM,2026-09-14 22:11:31.631484
AWB116224,BATCH-C,Bluedart,M-013,Jaipur,Tier-3,WEIGHT_DISPUTE,8.36,10.52,129.0,MEDIUM,2026-09-14 22:11:31.453814
AWB116227,BATCH-D,Bluedart,M-001,Delhi,Tier-1,PHANTOM_RTO_CHARGE,0.0,208.0,208.0,MEDIUM,2026-09-14 22:11:31.631484
AWB116228,BATCH-D,DTDC,M-012,Lucknow,Tier-3,EXCESS_FORWARD_CHARGE,95.0,114.0,19.0,LOW,2026-09-14 22:11:32.127304
AWB116232,BATCH-B,DTDC,M-007,Lucknow,Tier-3,PHANTOM_RTO_CHARGE,0.0,140.0,140.0,MEDIUM,2026-09-14 22:11:31.631484
AWB116234,BATCH-A,Delhivery,M-008,Mumbai,Tier-1,COD_SHORT_REMITTANCE,5258.0,4877.0,381.0,MEDIUM,2026-09-14 22:10:12.726074
AWB116234,BATCH-A,Delhivery,M-008,Mumbai,Tier-1,PHANTOM_RTO_CHARGE,0.0,113.0,113.0,MEDIUM,2026-09-14 22:11:31.631484
AWB116242,BATCH-D,Kwikship,M-002,Indore,Tier-2,PHANTOM_RTO_CHARGE,0.0,241.0,241.0,MEDIUM,2026-09-14 22:11:31.631484
AWB116243,BATCH-D,Kwikship,M-018,Jaipur,Tier-3,ETA_SLA_BREACH,72.0,112.0,0.0,LOW,2026-09-14 22:11:32.038362
AWB116254,BATCH-B,Bluedart,M-003,Lucknow,Tier-3,WEIGHT_DISPUTE,2.19,2.88,41.0,LOW,2026-09-14 22:11:31.453814
AWB116261,BATCH-C,DTDC,M-018,Indore,Tier-2,EXCESS_FORWARD_CHARGE,95.0,114.0,19.0,LOW,2026-09-14 22:11:32.127304
AWB116268,BATCH-B,Delhivery,M-007,Jaipur,Tier-3,COD_SHORT_REMITTANCE,5965.0,5680.0,285.0,MEDIUM,2026-09-14 22:10:12.726074
AWB116273,BATCH-C,DTDC,M-015,Pune,Tier-2,EXCESS_FORWARD_CHARGE,95.0,114.0,19.0,LOW,2026-09-14 22:11:32.127304
AWB116280,BATCH-A,DTDC,M-020,Indore,Tier-2,EXCESS_FORWARD_CHARGE,95.0,114.0,19.0,LOW,2026-09-14 22:11:32.127304
AWB116282,BATCH-A,Kwikship,M-014,Lucknow,Tier-3,ETA_SLA_BREACH,72.0,112.1,0.0,LOW,2026-09-14 22:11:32.038362
AWB116285,BATCH-C,Bluedart,M-009,Lucknow,Tier-3,WEIGHT_DISPUTE,5.29,6.43,69.0,LOW,2026-09-14 22:11:31.453814
AWB116291,BATCH-A,Shiprocket,M-012,Lucknow,Tier-3,OVERDUE_REMITTANCE,14.0,26.0,0.0,MEDIUM,2026-09-14 22:11:31.791087
AWB116291,BATCH-A,Shiprocket,M-012,Lucknow,Tier-3,PHANTOM_RTO_CHARGE,0.0,116.0,116.0,MEDIUM,2026-09-14 22:11:31.631484
AWB116293,BATCH-B,DTDC,M-009,Lucknow,Tier-3,EXCESS_FORWARD_CHARGE,95.0,114.0,19.0,LOW,2026-09-14 22:11:32.127304
AWB116300,BATCH-A,Bluedart,M-020,Lucknow,Tier-3,WEIGHT_DISPUTE,3.72,4.68,58.0,LOW,2026-09-14 22:11:31.453814
AWB116305,BATCH-D,Bluedart,M-001,Jaipur,Tier-3,WEIGHT_DISPUTE,4.68,5.85,70.0,LOW,2026-09-14 22:11:31.453814
AWB116311,BATCH-C,Bluedart,M-018,Indore,Tier-2,PHANTOM_RTO_CHARGE,0.0,159.0,159.0,MEDIUM,2026-09-14 22:11:31.631484
AWB116312,BATCH-D,Delhivery,M-011,Pune,Tier-2,PHANTOM_RTO_CHARGE,0.0,183.0,183.0,MEDIUM,2026-09-14 22:11:31.631484
AWB116314,BATCH-C,Bluedart,M-001,Lucknow,Tier-3,WEIGHT_DISPUTE,7.6,9.93,140.0,MEDIUM,2026-09-14 22:11:31.453814
AWB116325,BATCH-D,Shiprocket,M-016,Lucknow,Tier-3,OVERDUE_REMITTANCE,14.0,21.0,3362.0,MEDIUM,2026-09-14 22:11:31.791087
AWB116327,BATCH-A,DTDC,M-001,Jaipur,Tier-3,EXCESS_FORWARD_CHARGE,65.0,78.0,13.0,LOW,2026-09-14 22:11:32.127304
AWB116328,BATCH-B,Shiprocket,M-013,Mumbai,Tier-1,OVERDUE_REMITTANCE,14.0,21.0,0.0,MEDIUM,2026-09-14 22:11:31.791087
AWB116332,BATCH-B,Kwikship,M-005,Lucknow,Tier-3,ETA_SLA_BREACH,72.0,101.2,0.0,LOW,2026-09-14 22:11:32.038362
AWB116338,BATCH-C,DTDC,M-014,Delhi,Tier-1,EXCESS_FORWARD_CHARGE,95.0,114.0,19.0,LOW,2026-09-14 22:11:32.127304
AWB116342,BATCH-A,Kwikship,M-011,Jaipur,Tier-3,ETA_SLA_BREACH,72.0,130.7,0.0,LOW,2026-09-14 22:11:32.038362
AWB116351,BATCH-A,Shiprocket,M-005,Jaipur,Tier-3,OVERDUE_REMITTANCE,14.0,24.0,2537.0,MEDIUM,2026-09-14 22:11:31.791087
AWB116352,BATCH-C,Delhivery,M-017,Mumbai,Tier-1,COD_SHORT_REMITTANCE,4688.0,4403.0,285.0,MEDIUM,2026-09-14 22:10:12.726074
AWB116358,BATCH-A,Bluedart,M-002,Pune,Tier-2,PHANTOM_RTO_CHARGE,0.0,151.0,151.0,MEDIUM,2026-09-14 22:11:31.631484
AWB116363,BATCH-D,Bluedart,M-017,Mumbai,Tier-1,PHANTOM_RTO_CHARGE,0.0,213.0,213.0,MEDIUM,2026-09-14 22:11:31.631484
AWB116368,BATCH-B,Kwikship,M-020,Pune,Tier-2,DUPLICATE_SETTLEMENT,1.0,2.0,0.0,HIGH,2026-09-14 22:11:31.913657
AWB116368,BATCH-B,Kwikship,M-020,Pune,Tier-2,PHANTOM_RTO_CHARGE,0.0,244.0,244.0,MEDIUM,2026-09-14 22:11:31.631484
AWB116368,BATCH-DUP,Kwikship,M-020,Pune,Tier-2,DUPLICATE_SETTLEMENT,1.0,2.0,0.0,HIGH,2026-09-14 22:11:31.913657
AWB116368,BATCH-DUP,Kwikship,M-020,Pune,Tier-2,PHANTOM_RTO_CHARGE,0.0,244.0,244.0,MEDIUM,2026-09-14 22:11:31.631484
AWB116371,BATCH-D,Bluedart,M-004,Lucknow,Tier-3,WEIGHT_DISPUTE,4.33,5.2,52.0,LOW,2026-09-14 22:11:31.453814
AWB116375,BATCH-B,DTDC,M-002,Jaipur,Tier-3,EXCESS_FORWARD_CHARGE,95.0,114.0,19.0,LOW,2026-09-14 22:11:32.127304
AWB116376,BATCH-A,Bluedart,M-010,Lucknow,Tier-3,WEIGHT_DISPUTE,5.3,6.75,87.0,LOW,2026-09-14 22:11:31.453814
AWB116378,BATCH-C,DTDC,M-002,Delhi,Tier-1,EXCESS_FORWARD_CHARGE,95.0,114.0,19.0,LOW,2026-09-14 22:11:32.127304
AWB116379,BATCH-D,Delhivery,M-017,Lucknow,Tier-3,COD_SHORT_REMITTANCE,4072.0,3905.0,167.0,MEDIUM,2026-09-14 22:10:12.726074
AWB116389,BATCH-A,DTDC,M-007,Mumbai,Tier-1,EXCESS_FORWARD_CHARGE,95.0,114.0,19.0,LOW,2026-09-14 22:11:32.127304
AWB116412,BATCH-D,Kwikship,M-009,Lucknow,Tier-3,ETA_SLA_BREACH,72.0,118.4,0.0,LOW,2026-09-14 22:11:32.038362
AWB116417,BATCH-B,Shiprocket,M-010,Lucknow,Tier-3,OVERDUE_REMITTANCE,14.0,18.0,2700.0,MEDIUM,2026-09-14 22:11:31.791087
AWB116418,BATCH-C,Shiprocket,M-015,Jaipur,Tier-3,OVERDUE_REMITTANCE,14.0,19.0,4592.0,MEDIUM,2026-09-14 22:11:31.791087
AWB116423,BATCH-D,DTDC,M-016,Lucknow,Tier-3,EXCESS_FORWARD_CHARGE,95.0,114.0,19.0,LOW,2026-09-14 22:11:32.127304
AWB116424,BATCH-B,DTDC,M-019,Lucknow,Tier-3,PHANTOM_RTO_CHARGE,0.0,116.0,116.0,MEDIUM,2026-09-14 22:11:31.631484
AWB116425,BATCH-B,Bluedart,M-008,Pune,Tier-2,PHANTOM_RTO_CHARGE,0.0,152.0,152.0,MEDIUM,2026-09-14 22:11:31.631484
AWB116443,BATCH-B,DTDC,M-008,Indore,Tier-2,PHANTOM_RTO_CHARGE,0.0,145.0,145.0,MEDIUM,2026-09-14 22:11:31.631484
AWB116447,BATCH-A,Kwikship,M-018,Lucknow,Tier-3,ETA_SLA_BREACH,72.0,112.7,0.0,LOW,2026-09-14 22:11:32.038362
AWB116456,BATCH-A,Kwikship,M-009,Lucknow,Tier-3,ETA_SLA_BREACH,72.0,129.0,0.0,LOW,2026-09-14 22:11:32.038362
AWB116461,BATCH-B,DTDC,M-019,Indore,Tier-2,EXCESS_FORWARD_CHARGE,95.0,114.0,19.0,LOW,2026-09-14 22:11:32.127304
AWB116462,BATCH-C,DTDC,M-002,Lucknow,Tier-3,EXCESS_FORWARD_CHARGE,95.0,114.0,19.0,LOW,2026-09-14 22:11:32.127304
AWB116463,BATCH-D,Delhivery,M-010,Pune,Tier-2,COD_SHORT_REMITTANCE,5516.0,5257.0,259.0,MEDIUM,2026-09-14 22:10:12.726074
AWB116468,BATCH-B,Bluedart,M-010,Delhi,Tier-1,PHANTOM_RTO_CHARGE,0.0,191.0,191.0,MEDIUM,2026-09-14 22:11:31.631484
AWB116471,BATCH-D,Delhivery,M-015,Jaipur,Tier-3,DUPLICATE_SETTLEMENT,1.0,2.0,0.0,HIGH,2026-09-14 22:11:31.913657
AWB116471,BATCH-DUP,Delhivery,M-015,Jaipur,Tier-3,DUPLICATE_SETTLEMENT,1.0,2.0,0.0,HIGH,2026-09-14 22:11:31.913657
AWB116472,BATCH-A,DTDC,M-012,Pune,Tier-2,EXCESS_FORWARD_CHARGE,95.0,114.0,19.0,LOW,2026-09-14 22:11:32.127304
AWB116473,BATCH-B,Delhivery,M-001,Pune,Tier-2,COD_SHORT_REMITTANCE,4969.0,4684.0,285.0,MEDIUM,2026-09-14 22:10:12.726074
AWB116481,BATCH-A,DTDC,M-011,Jaipur,Tier-3,EXCESS_FORWARD_CHARGE,95.0,114.0,19.0,LOW,2026-09-14 22:11:32.127304
AWB116485,BATCH-A,Bluedart,M-005,Jaipur,Tier-3,PHANTOM_RTO_CHARGE,0.0,233.0,233.0,MEDIUM,2026-09-14 22:11:31.631484
AWB116486,BATCH-B,Delhivery,M-016,Jaipur,Tier-3,COD_SHORT_REMITTANCE,4085.0,3958.0,127.0,MEDIUM,2026-09-14 22:10:12.726074
AWB116490,BATCH-D,Bluedart,M-004,Lucknow,Tier-3,WEIGHT_DISPUTE,3.2,3.88,40.0,LOW,2026-09-14 22:11:31.453814
AWB116504,BATCH-B,Delhivery,M-011,Mumbai,Tier-1,COD_SHORT_REMITTANCE,5448.0,5035.0,413.0,MEDIUM,2026-09-14 22:10:12.726074
AWB116512,BATCH-C,Delhivery,M-017,Pune,Tier-2,PHANTOM_RTO_CHARGE,0.0,180.0,180.0,MEDIUM,2026-09-14 22:11:31.631484
AWB116516,BATCH-C,DTDC,M-006,Pune,Tier-2,EXCESS_FORWARD_CHARGE,65.0,78.0,13.0,LOW,2026-09-14 22:11:32.127304
AWB116519,BATCH-B,DTDC,M-008,Mumbai,Tier-1,EXCESS_FORWARD_CHARGE,95.0,114.0,19.0,LOW,2026-09-14 22:11:32.127304
AWB116527,BATCH-A,Kwikship,M-011,Lucknow,Tier-3,ETA_SLA_BREACH,72.0,134.8,0.0,LOW,2026-09-14 22:11:32.038362
AWB116528,BATCH-A,Bluedart,M-019,Lucknow,Tier-3,WEIGHT_DISPUTE,7.29,8.81,91.0,LOW,2026-09-14 22:11:31.453814
AWB116529,BATCH-B,Bluedart,M-009,Jaipur,Tier-3,WEIGHT_DISPUTE,7.54,9.86,139.0,MEDIUM,2026-09-14 22:11:31.453814
AWB116530,BATCH-B,Bluedart,M-016,Jaipur,Tier-3,WEIGHT_DISPUTE,3.33,4.13,48.0,LOW,2026-09-14 22:11:31.453814
AWB116536,BATCH-B,DTDC,M-003,Mumbai,Tier-1,EXCESS_FORWARD_CHARGE,65.0,78.0,13.0,LOW,2026-09-14 22:11:32.127304
AWB116538,BATCH-B,Delhivery,M-010,Mumbai,Tier-1,COD_SHORT_REMITTANCE,4207.0,3883.0,324.0,MEDIUM,2026-09-14 22:10:12.726074
AWB116550,BATCH-A,Kwikship,M-004,Pune,Tier-2,DUPLICATE_SETTLEMENT,1.0,2.0,0.0,HIGH,2026-09-14 22:11:31.913657
AWB116550,BATCH-DUP,Kwikship,M-004,Pune,Tier-2,DUPLICATE_SETTLEMENT,1.0,2.0,0.0,HIGH,2026-09-14 22:11:31.913657
AWB116551,BATCH-C,Kwikship,M-019,Pune,Tier-2,DUPLICATE_SETTLEMENT,1.0,2.0,0.0,HIGH,2026-09-14 22:11:31.913657
AWB116551,BATCH-C,Kwikship,M-019,Pune,Tier-2,PHANTOM_RTO_CHARGE,0.0,243.0,243.0,MEDIUM,2026-09-14 22:11:31.631484
AWB116551,BATCH-DUP,Kwikship,M-019,Pune,Tier-2,DUPLICATE_SETTLEMENT,1.0,2.0,0.0,HIGH,2026-09-14 22:11:31.913657
AWB116551,BATCH-DUP,Kwikship,M-019,Pune,Tier-2,PHANTOM_RTO_CHARGE,0.0,243.0,243.0,MEDIUM,2026-09-14 22:11:31.631484
AWB116552,BATCH-C,DTDC,M-016,Mumbai,Tier-1,PHANTOM_RTO_CHARGE,0.0,205.0,205.0,MEDIUM,2026-09-14 22:11:31.631484
AWB116554,BATCH-B,Bluedart,M-014,Lucknow,Tier-3,WEIGHT_DISPUTE,5.31,6.66,81.0,LOW,2026-09-14 22:11:31.453814
AWB116560,BATCH-C,Shiprocket,M-004,Mumbai,Tier-1,PHANTOM_RTO_CHARGE,0.0,179.0,179.0,MEDIUM,2026-09-14 22:11:31.631484
AWB116561,BATCH-C,Delhivery,M-001,Mumbai,Tier-1,COD_SHORT_REMITTANCE,3218.0,3118.0,100.0,LOW,2026-09-14 22:10:12.726074
AWB116567,BATCH-B,Kwikship,M-015,Lucknow,Tier-3,ETA_SLA_BREACH,72.0,109.2,0.0,LOW,2026-09-14 22:11:32.038362
AWB116569,BATCH-B,Delhivery,M-003,Jaipur,Tier-3,COD_SHORT_REMITTANCE,5294.0,4943.0,351.0,MEDIUM,2026-09-14 22:10:12.726074
AWB116570,BATCH-D,Kwikship,M-004,Lucknow,Tier-3,ETA_SLA_BREACH,72.0,111.2,0.0,LOW,2026-09-14 22:11:32.038362
AWB116579,BATCH-A,Kwikship,M-006,Lucknow,Tier-3,DUPLICATE_SETTLEMENT,1.0,2.0,5492.0,HIGH,2026-09-14 22:11:31.913657
AWB116579,BATCH-DUP,Kwikship,M-006,Lucknow,Tier-3,DUPLICATE_SETTLEMENT,1.0,2.0,5492.0,HIGH,2026-09-14 22:11:31.913657
AWB116581,BATCH-A,Delhivery,M-019,Lucknow,Tier-3,COD_SHORT_REMITTANCE,3225.0,2990.0,235.0,MEDIUM,2026-09-14 22:10:12.726074
AWB116590,BATCH-A,DTDC,M-003,Delhi,Tier-1,EXCESS_FORWARD_CHARGE,65.0,78.0,13.0,LOW,2026-09-14 22:11:32.127304
AWB116594,BATCH-D,Delhivery,M-013,Mumbai,Tier-1,COD_SHORT_REMITTANCE,4086.0,3894.0,192.0,MEDIUM,2026-09-14 22:10:12.726074
AWB116598,BATCH-D,Delhivery,M-020,Delhi,Tier-1,COD_SHORT_REMITTANCE,5508.0,5258.0,250.0,MEDIUM,2026-09-14 22:10:12.726074
AWB116599,BATCH-C,Delhivery,M-018,Jaipur,Tier-3,COD_SHORT_REMITTANCE,4827.0,4631.0,196.0,MEDIUM,2026-09-14 22:10:12.726074
AWB116602,BATCH-A,Bluedart,M-019,Indore,Tier-2,PHANTOM_RTO_CHARGE,0.0,151.0,151.0,MEDIUM,2026-09-14 22:11:31.631484
AWB116603,BATCH-B,DTDC,M-003,Indore,Tier-2,EXCESS_FORWARD_CHARGE,95.0,114.0,19.0,LOW,2026-09-14 22:11:32.127304
AWB116608,BATCH-A,Shiprocket,M-005,Indore,Tier-2,OVERDUE_REMITTANCE,14.0,21.0,0.0,MEDIUM,2026-09-14 22:11:31.791087
AWB116609,BATCH-A,Kwikship,M-009,Indore,Tier-2,DUPLICATE_SETTLEMENT,1.0,2.0,0.0,HIGH,2026-09-14 22:11:31.913657
AWB116609,BATCH-DUP,Kwikship,M-009,Indore,Tier-2,DUPLICATE_SETTLEMENT,1.0,2.0,0.0,HIGH,2026-09-14 22:11:31.913657
AWB116614,BATCH-C,DTDC,M-010,Pune,Tier-2,EXCESS_FORWARD_CHARGE,95.0,114.0,19.0,LOW,2026-09-14 22:11:32.127304
AWB116627,BATCH-A,DTDC,M-014,Delhi,Tier-1,EXCESS_FORWARD_CHARGE,95.0,114.0,19.0,LOW,2026-09-14 22:11:32.127304
AWB116633,BATCH-A,Delhivery,M-017,Lucknow,Tier-3,COD_SHORT_REMITTANCE,5376.0,4985.0,391.0,MEDIUM,2026-09-14 22:10:12.726074
AWB116634,BATCH-C,DTDC,M-003,Jaipur,Tier-3,EXCESS_FORWARD_CHARGE,95.0,114.0,19.0,LOW,2026-09-14 22:11:32.127304
AWB116639,BATCH-D,Bluedart,M-011,Lucknow,Tier-3,WEIGHT_DISPUTE,5.78,6.83,63.0,LOW,2026-09-14 22:11:31.453814
AWB116640,BATCH-C,Delhivery,M-003,Mumbai,Tier-1,COD_SHORT_REMITTANCE,4968.0,4741.0,227.0,MEDIUM,2026-09-14 22:10:12.726074
AWB116641,BATCH-D,Bluedart,M-011,Jaipur,Tier-3,WEIGHT_DISPUTE,4.82,5.83,61.0,LOW,2026-09-14 22:11:31.453814
AWB116643,BATCH-C,Shiprocket,M-010,Jaipur,Tier-3,PHANTOM_RTO_CHARGE,0.0,159.0,159.0,MEDIUM,2026-09-14 22:11:31.631484
AWB116649,BATCH-A,Bluedart,M-007,Jaipur,Tier-3,WEIGHT_DISPUTE,6.35,7.59,75.0,LOW,2026-09-14 22:11:31.453814
AWB116652,BATCH-C,Bluedart,M-020,Lucknow,Tier-3,WEIGHT_DISPUTE,2.26,2.9,39.0,LOW,2026-09-14 22:11:31.453814
AWB116654,BATCH-A,Delhivery,M-018,Mumbai,Tier-1,COD_SHORT_REMITTANCE,5891.0,5614.0,277.0,MEDIUM,2026-09-14 22:10:12.726074
AWB116657,BATCH-D,DTDC,M-019,Indore,Tier-2,EXCESS_FORWARD_CHARGE,95.0,114.0,19.0,LOW,2026-09-14 22:11:32.127304
AWB116660,BATCH-D,Bluedart,M-016,Jaipur,Tier-3,WEIGHT_DISPUTE,1.37,1.66,17.0,LOW,2026-09-14 22:11:31.453814
AWB116661,BATCH-D,Kwikship,M-008,Jaipur,Tier-3,ETA_SLA_BREACH,72.0,124.6,0.0,LOW,2026-09-14 22:11:32.038362
AWB116664,BATCH-C,Bluedart,M-010,Lucknow,Tier-3,WEIGHT_DISPUTE,4.13,5.29,70.0,LOW,2026-09-14 22:11:31.453814
AWB116673,BATCH-B,Bluedart,M-014,Pune,Tier-2,PHANTOM_RTO_CHARGE,0.0,232.0,232.0,MEDIUM,2026-09-14 22:11:31.631484
AWB116674,BATCH-A,Delhivery,M-003,Pune,Tier-2,COD_SHORT_REMITTANCE,5759.0,5479.0,280.0,MEDIUM,2026-09-14 22:10:12.726074
AWB116684,BATCH-C,Shiprocket,M-006,Delhi,Tier-1,OVERDUE_REMITTANCE,14.0,20.0,0.0,MEDIUM,2026-09-14 22:11:31.791087
AWB116687,BATCH-D,Kwikship,M-004,Jaipur,Tier-3,ETA_SLA_BREACH,72.0,106.1,0.0,LOW,2026-09-14 22:11:32.038362
AWB116691,BATCH-C,Delhivery,M-003,Pune,Tier-2,COD_SHORT_REMITTANCE,4291.0,4041.0,250.0,MEDIUM,2026-09-14 22:10:12.726074
AWB116692,BATCH-A,Delhivery,M-010,Pune,Tier-2,COD_SHORT_REMITTANCE,5169.0,4983.0,186.0,MEDIUM,2026-09-14 22:10:12.726074
AWB116693,BATCH-C,DTDC,M-019,Indore,Tier-2,EXCESS_FORWARD_CHARGE,95.0,114.0,19.0,LOW,2026-09-14 22:11:32.127304
AWB116696,BATCH-A,DTDC,M-004,Indore,Tier-2,EXCESS_FORWARD_CHARGE,95.0,114.0,19.0,LOW,2026-09-14 22:11:32.127304
AWB116699,BATCH-A,Shiprocket,M-008,Indore,Tier-2,OVERDUE_REMITTANCE,14.0,26.0,1897.0,MEDIUM,2026-09-14 22:11:31.791087
AWB116704,BATCH-B,Bluedart,M-005,Jaipur,Tier-3,PHANTOM_RTO_CHARGE,0.0,162.0,162.0,MEDIUM,2026-09-14 22:11:31.631484
AWB116706,BATCH-B,DTDC,M-005,Jaipur,Tier-3,EXCESS_FORWARD_CHARGE,95.0,114.0,19.0,LOW,2026-09-14 22:11:32.127304
AWB116708,BATCH-C,Kwikship,M-003,Lucknow,Tier-3,ETA_SLA_BREACH,72.0,139.5,0.0,LOW,2026-09-14 22:11:32.038362
AWB116710,BATCH-C,Delhivery,M-017,Lucknow,Tier-3,COD_SHORT_REMITTANCE,5506.0,5085.0,421.0,MEDIUM,2026-09-14 22:10:12.726074
AWB116713,BATCH-A,Kwikship,M-010,Lucknow,Tier-3,ETA_SLA_BREACH,72.0,135.3,0.0,LOW,2026-09-14 22:11:32.038362
AWB116720,BATCH-D,DTDC,M-009,Delhi,Tier-1,EXCESS_FORWARD_CHARGE,65.0,78.0,13.0,LOW,2026-09-14 22:11:32.127304
AWB116722,BATCH-D,Shiprocket,M-010,Lucknow,Tier-3,OVERDUE_REMITTANCE,14.0,24.0,0.0,MEDIUM,2026-09-14 22:11:31.791087
AWB116729,BATCH-D,DTDC,M-016,Lucknow,Tier-3,EXCESS_FORWARD_CHARGE,95.0,114.0,19.0,LOW,2026-09-14 22:11:32.127304
AWB116730,BATCH-B,DTDC,M-006,Pune,Tier-2,EXCESS_FORWARD_CHARGE,95.0,114.0,19.0,LOW,2026-09-14 22:11:32.127304
AWB116740,BATCH-A,Shiprocket,M-016,Mumbai,Tier-1,PHANTOM_RTO_CHARGE,0.0,202.0,202.0,MEDIUM,2026-09-14 22:11:31.631484
AWB116743,BATCH-D,Bluedart,M-015,Mumbai,Tier-1,PHANTOM_RTO_CHARGE,0.0,127.0,127.0,MEDIUM,2026-09-14 22:11:31.631484
AWB116764,BATCH-A,Delhivery,M-014,Mumbai,Tier-1,COD_SHORT_REMITTANCE,5713.0,5377.0,336.0,MEDIUM,2026-09-14 22:10:12.726074
AWB116765,BATCH-A,DTDC,M-015,Mumbai,Tier-1,EXCESS_FORWARD_CHARGE,95.0,114.0,19.0,LOW,2026-09-14 22:11:32.127304
AWB116767,BATCH-A,Bluedart,M-019,Delhi,Tier-1,DUPLICATE_SETTLEMENT,1.0,2.0,688.0,HIGH,2026-09-14 22:11:31.913657
AWB116767,BATCH-DUP,Bluedart,M-019,Delhi,Tier-1,DUPLICATE_SETTLEMENT,1.0,2.0,688.0,HIGH,2026-09-14 22:11:31.913657
AWB116772,BATCH-B,Kwikship,M-015,Mumbai,Tier-1,DUPLICATE_SETTLEMENT,1.0,2.0,0.0,HIGH,2026-09-14 22:11:31.913657
AWB116772,BATCH-DUP,Kwikship,M-015,Mumbai,Tier-1,DUPLICATE_SETTLEMENT,1.0,2.0,0.0,HIGH,2026-09-14 22:11:31.913657
AWB116783,BATCH-A,Kwikship,M-002,Jaipur,Tier-3,ETA_SLA_BREACH,72.0,135.8,0.0,LOW,2026-09-14 22:11:32.038362
AWB116784,BATCH-A,Shiprocket,M-006,Indore,Tier-2,OVERDUE_REMITTANCE,14.0,18.0,0.0,MEDIUM,2026-09-14 22:11:31.791087
AWB116788,BATCH-B,Bluedart,M-017,Jaipur,Tier-3,WEIGHT_DISPUTE,2.57,3.09,31.0,LOW,2026-09-14 22:11:31.453814
AWB116792,BATCH-B,Kwikship,M-008,Lucknow,Tier-3,ETA_SLA_BREACH,72.0,113.0,0.0,LOW,2026-09-14 22:11:32.038362
AWB116794,BATCH-A,Delhivery,M-012,Mumbai,Tier-1,PHANTOM_RTO_CHARGE,0.0,101.0,101.0,MEDIUM,2026-09-14 22:11:31.631484
AWB116804,BATCH-C,DTDC,M-005,Delhi,Tier-1,EXCESS_FORWARD_CHARGE,65.0,78.0,13.0,LOW,2026-09-14 22:11:32.127304
AWB116805,BATCH-B,Delhivery,M-017,Jaipur,Tier-3,PHANTOM_RTO_CHARGE,0.0,120.0,120.0,MEDIUM,2026-09-14 22:11:31.631484
AWB116806,BATCH-D,Delhivery,M-003,Pune,Tier-2,COD_SHORT_REMITTANCE,5523.0,5302.0,221.0,MEDIUM,2026-09-14 22:10:12.726074
AWB116808,BATCH-C,DTDC,M-003,Pune,Tier-2,EXCESS_FORWARD_CHARGE,95.0,114.0,19.0,LOW,2026-09-14 22:11:32.127304
AWB116811,BATCH-B,Kwikship,M-019,Jaipur,Tier-3,ETA_SLA_BREACH,72.0,119.1,0.0,LOW,2026-09-14 22:11:32.038362
AWB116827,BATCH-C,Shiprocket,M-019,Mumbai,Tier-1,OVERDUE_REMITTANCE,14.0,18.0,2016.0,MEDIUM,2026-09-14 22:11:31.791087
AWB116830,BATCH-C,DTDC,M-007,Mumbai,Tier-1,DUPLICATE_SETTLEMENT,1.0,2.0,0.0,HIGH,2026-09-14 22:11:31.913657
AWB116830,BATCH-C,DTDC,M-007,Mumbai,Tier-1,EXCESS_FORWARD_CHARGE,42.0,50.0,8.0,LOW,2026-09-14 22:11:32.127304
AWB116830,BATCH-DUP,DTDC,M-007,Mumbai,Tier-1,DUPLICATE_SETTLEMENT,1.0,2.0,0.0,HIGH,2026-09-14 22:11:31.913657
AWB116830,BATCH-DUP,DTDC,M-007,Mumbai,Tier-1,EXCESS_FORWARD_CHARGE,42.0,50.0,8.0,LOW,2026-09-14 22:11:32.127304
AWB116833,BATCH-A,Shiprocket,M-005,Mumbai,Tier-1,OVERDUE_REMITTANCE,14.0,26.0,0.0,MEDIUM,2026-09-14 22:11:31.791087
AWB116848,BATCH-D,DTDC,M-003,Delhi,Tier-1,PHANTOM_RTO_CHARGE,0.0,145.0,145.0,MEDIUM,2026-09-14 22:11:31.631484
AWB116849,BATCH-B,DTDC,M-006,Jaipur,Tier-3,EXCESS_FORWARD_CHARGE,95.0,114.0,19.0,LOW,2026-09-14 22:11:32.127304
AWB116851,BATCH-A,Bluedart,M-004,Lucknow,Tier-3,WEIGHT_DISPUTE,6.52,8.58,124.0,MEDIUM,2026-09-14 22:11:31.453814
AWB116854,BATCH-C,Kwikship,M-005,Mumbai,Tier-1,PHANTOM_RTO_CHARGE,0.0,214.0,214.0,MEDIUM,2026-09-14 22:11:31.631484
AWB116856,BATCH-A,DTDC,M-015,Mumbai,Tier-1,PHANTOM_RTO_CHARGE,0.0,181.0,181.0,MEDIUM,2026-09-14 22:11:31.631484
AWB116857,BATCH-A,DTDC,M-016,Delhi,Tier-1,PHANTOM_RTO_CHARGE,0.0,164.0,164.0,MEDIUM,2026-09-14 22:11:31.631484
AWB116859,BATCH-C,DTDC,M-008,Lucknow,Tier-3,EXCESS_FORWARD_CHARGE,42.0,50.0,8.0,LOW,2026-09-14 22:11:32.127304
AWB116863,BATCH-C,Bluedart,M-003,Delhi,Tier-1,PHANTOM_RTO_CHARGE,0.0,137.0,137.0,MEDIUM,2026-09-14 22:11:31.631484
AWB116869,BATCH-A,Shiprocket,M-009,Lucknow,Tier-3,DUPLICATE_SETTLEMENT,1.0,2.0,0.0,HIGH,2026-09-14 22:11:31.913657
AWB116869,BATCH-DUP,Shiprocket,M-009,Lucknow,Tier-3,DUPLICATE_SETTLEMENT,1.0,2.0,0.0,HIGH,2026-09-14 22:11:31.913657
AWB116874,BATCH-D,Delhivery,M-017,Pune,Tier-2,COD_SHORT_REMITTANCE,5309.0,5072.0,237.0,MEDIUM,2026-09-14 22:10:12.726074
AWB116875,BATCH-A,Bluedart,M-020,Lucknow,Tier-3,WEIGHT_DISPUTE,8.26,10.05,107.0,MEDIUM,2026-09-14 22:11:31.453814
AWB116892,BATCH-C,Kwikship,M-006,Lucknow,Tier-3,DUPLICATE_SETTLEMENT,1.0,2.0,2988.0,HIGH,2026-09-14 22:11:31.913657
AWB116892,BATCH-DUP,Kwikship,M-006,Lucknow,Tier-3,DUPLICATE_SETTLEMENT,1.0,2.0,2988.0,HIGH,2026-09-14 22:11:31.913657
AWB116894,BATCH-B,DTDC,M-005,Lucknow,Tier-3,DUPLICATE_SETTLEMENT,1.0,2.0,0.0,HIGH,2026-09-14 22:11:31.913657
AWB116894,BATCH-B,DTDC,M-005,Lucknow,Tier-3,EXCESS_FORWARD_CHARGE,42.0,50.0,8.0,LOW,2026-09-14 22:11:32.127304
AWB116894,BATCH-DUP,DTDC,M-005,Lucknow,Tier-3,DUPLICATE_SETTLEMENT,1.0,2.0,0.0,HIGH,2026-09-14 22:11:31.913657
AWB116894,BATCH-DUP,DTDC,M-005,Lucknow,Tier-3,EXCESS_FORWARD_CHARGE,42.0,50.0,8.0,LOW,2026-09-14 22:11:32.127304
AWB116901,BATCH-C,DTDC,M-019,Delhi,Tier-1,EXCESS_FORWARD_CHARGE,42.0,50.0,8.0,LOW,2026-09-14 22:11:32.127304
AWB116907,BATCH-C,Bluedart,M-015,Indore,Tier-2,PHANTOM_RTO_CHARGE,0.0,229.0,229.0,MEDIUM,2026-09-14 22:11:31.631484
AWB116920,BATCH-C,Bluedart,M-007,Lucknow,Tier-3,DUPLICATE_SETTLEMENT,1.0,2.0,2861.0,HIGH,2026-09-14 22:11:31.913657
AWB116920,BATCH-DUP,Bluedart,M-007,Lucknow,Tier-3,DUPLICATE_SETTLEMENT,1.0,2.0,2861.0,HIGH,2026-09-14 22:11:31.913657
AWB116923,BATCH-B,DTDC,M-014,Indore,Tier-2,EXCESS_FORWARD_CHARGE,95.0,114.0,19.0,LOW,2026-09-14 22:11:32.127304
AWB116925,BATCH-B,Shiprocket,M-010,Mumbai,Tier-1,OVERDUE_REMITTANCE,14.0,21.0,3650.0,MEDIUM,2026-09-14 22:11:31.791087
AWB116932,BATCH-D,Delhivery,M-010,Jaipur,Tier-3,COD_SHORT_REMITTANCE,5840.0,5493.0,347.0,MEDIUM,2026-09-14 22:10:12.726074
AWB116932,BATCH-D,Delhivery,M-010,Jaipur,Tier-3,PHANTOM_RTO_CHARGE,0.0,124.0,124.0,MEDIUM,2026-09-14 22:11:31.631484
AWB116933,BATCH-A,DTDC,M-019,Lucknow,Tier-3,PHANTOM_RTO_CHARGE,0.0,149.0,149.0,MEDIUM,2026-09-14 22:11:31.631484
AWB116934,BATCH-D,DTDC,M-009,Lucknow,Tier-3,EXCESS_FORWARD_CHARGE,95.0,114.0,19.0,LOW,2026-09-14 22:11:32.127304
AWB116942,BATCH-B,Delhivery,M-012,Pune,Tier-2,COD_SHORT_REMITTANCE,5836.0,5472.0,364.0,MEDIUM,2026-09-14 22:10:12.726074
AWB116944,BATCH-A,Bluedart,M-003,Jaipur,Tier-3,WEIGHT_DISPUTE,4.89,6.21,79.0,LOW,2026-09-14 22:11:31.453814
AWB116945,BATCH-C,Kwikship,M-013,Delhi,Tier-1,PHANTOM_RTO_CHARGE,0.0,190.0,190.0,MEDIUM,2026-09-14 22:11:31.631484
AWB116946,BATCH-A,Bluedart,M-003,Lucknow,Tier-3,WEIGHT_DISPUTE,8.19,10.51,139.0,MEDIUM,2026-09-14 22:11:31.453814
AWB116948,BATCH-C,Bluedart,M-014,Jaipur,Tier-3,WEIGHT_DISPUTE,1.74,2.06,19.0,LOW,2026-09-14 22:11:31.453814
AWB116950,BATCH-D,DTDC,M-016,Lucknow,Tier-3,EXCESS_FORWARD_CHARGE,95.0,114.0,19.0,LOW,2026-09-14 22:11:32.127304
AWB116950,BATCH-D,DTDC,M-016,Lucknow,Tier-3,PHANTOM_RTO_CHARGE,0.0,224.0,224.0,MEDIUM,2026-09-14 22:11:31.631484
AWB116957,BATCH-A,DTDC,M-001,Pune,Tier-2,EXCESS_FORWARD_CHARGE,95.0,114.0,19.0,LOW,2026-09-14 22:11:32.127304
AWB116957,BATCH-A,DTDC,M-001,Pune,Tier-2,PHANTOM_RTO_CHARGE,0.0,141.0,141.0,MEDIUM,2026-09-14 22:11:31.631484
AWB116959,BATCH-D,Delhivery,M-004,Mumbai,Tier-1,COD_SHORT_REMITTANCE,3447.0,3331.0,116.0,MEDIUM,2026-09-14 22:10:12.726074
AWB116964,BATCH-D,Kwikship,M-016,Mumbai,Tier-1,PHANTOM_RTO_CHARGE,0.0,132.0,132.0,MEDIUM,2026-09-14 22:11:31.631484
AWB116966,BATCH-B,Shiprocket,M-004,Lucknow,Tier-3,OVERDUE_REMITTANCE,14.0,18.0,427.0,MEDIUM,2026-09-14 22:11:31.791087
AWB116970,BATCH-D,Bluedart,M-001,Jaipur,Tier-3,WEIGHT_DISPUTE,1.98,2.54,33.0,LOW,2026-09-14 22:11:31.453814
AWB116971,BATCH-A,DTDC,M-007,Delhi,Tier-1,EXCESS_FORWARD_CHARGE,95.0,114.0,19.0,LOW,2026-09-14 22:11:32.127304
AWB116974,BATCH-A,DTDC,M-008,Indore,Tier-2,EXCESS_FORWARD_CHARGE,95.0,114.0,19.0,LOW,2026-09-14 22:11:32.127304
AWB116975,BATCH-C,DTDC,M-013,Delhi,Tier-1,EXCESS_FORWARD_CHARGE,95.0,114.0,19.0,LOW,2026-09-14 22:11:32.127304
AWB116975,BATCH-C,DTDC,M-013,Delhi,Tier-1,PHANTOM_RTO_CHARGE,0.0,128.0,128.0,MEDIUM,2026-09-14 22:11:31.631484
AWB116977,BATCH-C,Bluedart,M-018,Lucknow,Tier-3,WEIGHT_DISPUTE,0.86,1.11,15.0,LOW,2026-09-14 22:11:31.453814
AWB116985,BATCH-B,Kwikship,M-008,Jaipur,Tier-3,ETA_SLA_BREACH,72.0,137.8,0.0,LOW,2026-09-14 22:11:32.038362
AWB116991,BATCH-C,DTDC,M-019,Lucknow,Tier-3,EXCESS_FORWARD_CHARGE,95.0,114.0,19.0,LOW,2026-09-14 22:11:32.127304
AWB116993,BATCH-D,DTDC,M-009,Indore,Tier-2,EXCESS_FORWARD_CHARGE,95.0,114.0,19.0,LOW,2026-09-14 22:11:32.127304
AWB116994,BATCH-D,Bluedart,M-014,Jaipur,Tier-3,WEIGHT_DISPUTE,7.5,9.72,133.0,MEDIUM,2026-09-14 22:11:31.453814
AWB116995,BATCH-A,Delhivery,M-013,Delhi,Tier-1,COD_SHORT_REMITTANCE,3163.0,3048.0,115.0,MEDIUM,2026-09-14 22:10:12.726074
AWB116998,BATCH-C,DTDC,M-017,Pune,Tier-2,EXCESS_FORWARD_CHARGE,95.0,114.0,19.0,LOW,2026-09-14 22:11:32.127304
AWB117005,BATCH-B,Bluedart,M-010,Lucknow,Tier-3,WEIGHT_DISPUTE,7.27,9.13,112.0,MEDIUM,2026-09-14 22:11:31.453814
AWB117007,BATCH-C,DTDC,M-002,Delhi,Tier-1,EXCESS_FORWARD_CHARGE,65.0,78.0,13.0,LOW,2026-09-14 22:11:32.127304
AWB117011,BATCH-D,Shiprocket,M-004,Pune,Tier-2,OVERDUE_REMITTANCE,14.0,20.0,3446.0,MEDIUM,2026-09-14 22:11:31.791087
AWB117012,BATCH-B,Bluedart,M-017,Jaipur,Tier-3,WEIGHT_DISPUTE,7.73,9.87,129.0,MEDIUM,2026-09-14 22:11:31.453814
AWB117020,BATCH-D,DTDC,M-002,Pune,Tier-2,EXCESS_FORWARD_CHARGE,95.0,114.0,19.0,LOW,2026-09-14 22:11:32.127304
AWB117026,BATCH-D,Bluedart,M-019,Jaipur,Tier-3,WEIGHT_DISPUTE,3.62,4.42,48.0,LOW,2026-09-14 22:11:31.453814
AWB117030,BATCH-C,Delhivery,M-006,Delhi,Tier-1,PHANTOM_RTO_CHARGE,0.0,126.0,126.0,MEDIUM,2026-09-14 22:11:31.631484
AWB117035,BATCH-D,Delhivery,M-010,Pune,Tier-2,COD_SHORT_REMITTANCE,5890.0,5551.0,339.0,MEDIUM,2026-09-14 22:10:12.726074
AWB117042,BATCH-A,Kwikship,M-002,Lucknow,Tier-3,ETA_SLA_BREACH,72.0,108.0,0.0,LOW,2026-09-14 22:11:32.038362
AWB117053,BATCH-B,DTDC,M-011,Indore,Tier-2,EXCESS_FORWARD_CHARGE,95.0,114.0,19.0,LOW,2026-09-14 22:11:32.127304
AWB117060,BATCH-B,DTDC,M-007,Pune,Tier-2,EXCESS_FORWARD_CHARGE,95.0,114.0,19.0,LOW,2026-09-14 22:11:32.127304
AWB117063,BATCH-A,Bluedart,M-019,Jaipur,Tier-3,WEIGHT_DISPUTE,3.2,4.03,50.0,LOW,2026-09-14 22:11:31.453814
AWB117068,BATCH-A,Delhivery,M-010,Delhi,Tier-1,COD_SHORT_REMITTANCE,3024.0,2852.0,172.0,MEDIUM,2026-09-14 22:10:12.726074
AWB117073,BATCH-B,DTDC,M-018,Indore,Tier-2,EXCESS_FORWARD_CHARGE,65.0,78.0,13.0,LOW,2026-09-14 22:11:32.127304
AWB117077,BATCH-D,DTDC,M-002,Jaipur,Tier-3,EXCESS_FORWARD_CHARGE,95.0,114.0,19.0,LOW,2026-09-14 22:11:32.127304
AWB117082,BATCH-D,Delhivery,M-013,Mumbai,Tier-1,COD_SHORT_REMITTANCE,5555.0,5202.0,353.0,MEDIUM,2026-09-14 22:10:12.726074
AWB117083,BATCH-D,Bluedart,M-020,Lucknow,Tier-3,WEIGHT_DISPUTE,4.17,5.03,52.0,LOW,2026-09-14 22:11:31.453814
AWB117084,BATCH-A,Delhivery,M-012,Indore,Tier-2,COD_SHORT_REMITTANCE,5327.0,5016.0,311.0,MEDIUM,2026-09-14 22:10:12.726074
AWB117086,BATCH-C,Delhivery,M-005,Mumbai,Tier-1,PHANTOM_RTO_CHARGE,0.0,191.0,191.0,MEDIUM,2026-09-14 22:11:31.631484
AWB117089,BATCH-A,DTDC,M-006,Mumbai,Tier-1,EXCESS_FORWARD_CHARGE,95.0,114.0,19.0,LOW,2026-09-14 22:11:32.127304
AWB117099,BATCH-C,DTDC,M-018,Indore,Tier-2,EXCESS_FORWARD_CHARGE,95.0,114.0,19.0,LOW,2026-09-14 22:11:32.127304
AWB117102,BATCH-C,Delhivery,M-001,Delhi,Tier-1,COD_SHORT_REMITTANCE,4468.0,4169.0,299.0,MEDIUM,2026-09-14 22:10:12.726074
AWB117108,BATCH-A,Shiprocket,M-013,Pune,Tier-2,OVERDUE_REMITTANCE,14.0,26.0,0.0,MEDIUM,2026-09-14 22:11:31.791087
AWB117111,BATCH-D,Bluedart,M-003,Lucknow,Tier-3,WEIGHT_DISPUTE,5.04,6.03,60.0,LOW,2026-09-14 22:11:31.453814
AWB117117,BATCH-C,DTDC,M-006,Lucknow,Tier-3,EXCESS_FORWARD_CHARGE,65.0,78.0,13.0,LOW,2026-09-14 22:11:32.127304
AWB117122,BATCH-B,Shiprocket,M-001,Indore,Tier-2,OVERDUE_REMITTANCE,14.0,18.0,2197.0,MEDIUM,2026-09-14 22:11:31.791087
AWB117123,BATCH-D,Kwikship,M-017,Jaipur,Tier-3,PHANTOM_RTO_CHARGE,0.0,134.0,134.0,MEDIUM,2026-09-14 22:11:31.631484
AWB117133,BATCH-C,Bluedart,M-015,Lucknow,Tier-3,WEIGHT_DISPUTE,5.65,6.72,65.0,LOW,2026-09-14 22:11:31.453814
AWB117137,BATCH-B,DTDC,M-007,Pune,Tier-2,EXCESS_FORWARD_CHARGE,95.0,114.0,19.0,LOW,2026-09-14 22:11:32.127304
AWB117138,BATCH-C,DTDC,M-016,Jaipur,Tier-3,EXCESS_FORWARD_CHARGE,65.0,78.0,13.0,LOW,2026-09-14 22:11:32.127304
AWB117145,BATCH-A,Kwikship,M-015,Jaipur,Tier-3,PHANTOM_RTO_CHARGE,0.0,223.0,223.0,MEDIUM,2026-09-14 22:11:31.631484
AWB117146,BATCH-B,Bluedart,M-009,Jaipur,Tier-3,WEIGHT_DISPUTE,4.39,5.47,65.0,LOW,2026-09-14 22:11:31.453814
AWB117162,BATCH-C,DTDC,M-008,Indore,Tier-2,EXCESS_FORWARD_CHARGE,65.0,78.0,13.0,LOW,2026-09-14 22:11:32.127304
AWB117165,BATCH-D,Kwikship,M-011,Jaipur,Tier-3,ETA_SLA_BREACH,72.0,123.2,0.0,LOW,2026-09-14 22:11:32.038362
AWB117172,BATCH-B,Kwikship,M-004,Pune,Tier-2,PHANTOM_RTO_CHARGE,0.0,150.0,150.0,MEDIUM,2026-09-14 22:11:31.631484
AWB117174,BATCH-B,Bluedart,M-020,Jaipur,Tier-3,WEIGHT_DISPUTE,4.2,5.18,59.0,LOW,2026-09-14 22:11:31.453814
AWB117180,BATCH-B,Bluedart,M-008,Delhi,Tier-1,PHANTOM_RTO_CHARGE,0.0,169.0,169.0,MEDIUM,2026-09-14 22:11:31.631484
AWB117197,BATCH-D,Shiprocket,M-010,Delhi,Tier-1,OVERDUE_REMITTANCE,14.0,25.0,0.0,MEDIUM,2026-09-14 22:11:31.791087
AWB117199,BATCH-C,DTDC,M-015,Jaipur,Tier-3,EXCESS_FORWARD_CHARGE,95.0,114.0,19.0,LOW,2026-09-14 22:11:32.127304
AWB117206,BATCH-D,Delhivery,M-020,Indore,Tier-2,COD_SHORT_REMITTANCE,4908.0,4692.0,216.0,MEDIUM,2026-09-14 22:10:12.726074
AWB117209,BATCH-D,Shiprocket,M-002,Pune,Tier-2,PHANTOM_RTO_CHARGE,0.0,242.0,242.0,MEDIUM,2026-09-14 22:11:31.631484
AWB117211,BATCH-B,Bluedart,M-014,Lucknow,Tier-3,WEIGHT_DISPUTE,6.53,8.26,104.0,MEDIUM,2026-09-14 22:11:31.453814
AWB117213,BATCH-C,Shiprocket,M-015,Jaipur,Tier-3,PHANTOM_RTO_CHARGE,0.0,130.0,130.0,MEDIUM,2026-09-14 22:11:31.631484
AWB117218,BATCH-A,Delhivery,M-010,Indore,Tier-2,COD_SHORT_REMITTANCE,3136.0,2890.0,246.0,MEDIUM,2026-09-14 22:10:12.726074
AWB117218,BATCH-A,Delhivery,M-010,Indore,Tier-2,PHANTOM_RTO_CHARGE,0.0,203.0,203.0,MEDIUM,2026-09-14 22:11:31.631484
AWB117227,BATCH-D,Shiprocket,M-006,Indore,Tier-2,PHANTOM_RTO_CHARGE,0.0,240.0,240.0,MEDIUM,2026-09-14 22:11:31.631484
AWB117228,BATCH-A,Bluedart,M-017,Indore,Tier-2,PHANTOM_RTO_CHARGE,0.0,204.0,204.0,MEDIUM,2026-09-14 22:11:31.631484
AWB117231,BATCH-B,Bluedart,M-017,Lucknow,Tier-3,WEIGHT_DISPUTE,1.44,1.87,26.0,LOW,2026-09-14 22:11:31.453814
AWB117237,BATCH-A,Bluedart,M-013,Lucknow,Tier-3,WEIGHT_DISPUTE,2.21,2.79,35.0,LOW,2026-09-14 22:11:31.453814
AWB117246,BATCH-D,Bluedart,M-010,Lucknow,Tier-3,PHANTOM_RTO_CHARGE,0.0,194.0,194.0,MEDIUM,2026-09-14 22:11:31.631484
AWB117246,BATCH-D,Bluedart,M-010,Lucknow,Tier-3,WEIGHT_DISPUTE,1.07,1.26,12.0,LOW,2026-09-14 22:11:31.453814
AWB117252,BATCH-C,Shiprocket,M-014,Mumbai,Tier-1,OVERDUE_REMITTANCE,14.0,24.0,0.0,MEDIUM,2026-09-14 22:11:31.791087
AWB117254,BATCH-A,Kwikship,M-013,Jaipur,Tier-3,ETA_SLA_BREACH,72.0,140.8,0.0,LOW,2026-09-14 22:11:32.038362
AWB117260,BATCH-B,Shiprocket,M-007,Jaipur,Tier-3,PHANTOM_RTO_CHARGE,0.0,101.0,101.0,MEDIUM,2026-09-14 22:11:31.631484
AWB117265,BATCH-D,Bluedart,M-011,Mumbai,Tier-1,PHANTOM_RTO_CHARGE,0.0,154.0,154.0,MEDIUM,2026-09-14 22:11:31.631484
AWB117267,BATCH-A,Bluedart,M-007,Lucknow,Tier-3,WEIGHT_DISPUTE,4.93,6.47,92.0,LOW,2026-09-14 22:11:31.453814
AWB117271,BATCH-A,Shiprocket,M-009,Indore,Tier-2,PHANTOM_RTO_CHARGE,0.0,176.0,176.0,MEDIUM,2026-09-14 22:11:31.631484
AWB117277,BATCH-C,DTDC,M-003,Lucknow,Tier-3,EXCESS_FORWARD_CHARGE,95.0,114.0,19.0,LOW,2026-09-14 22:11:32.127304
AWB117282,BATCH-C,Shiprocket,M-015,Indore,Tier-2,OVERDUE_REMITTANCE,14.0,20.0,0.0,MEDIUM,2026-09-14 22:11:31.791087
AWB117292,BATCH-B,Bluedart,M-005,Lucknow,Tier-3,WEIGHT_DISPUTE,4.46,5.71,75.0,LOW,2026-09-14 22:11:31.453814
AWB117297,BATCH-B,DTDC,M-005,Pune,Tier-2,PHANTOM_RTO_CHARGE,0.0,126.0,126.0,MEDIUM,2026-09-14 22:11:31.631484
AWB117301,BATCH-C,DTDC,M-008,Delhi,Tier-1,EXCESS_FORWARD_CHARGE,95.0,114.0,19.0,LOW,2026-09-14 22:11:32.127304
AWB117306,BATCH-D,DTDC,M-013,Lucknow,Tier-3,EXCESS_FORWARD_CHARGE,95.0,114.0,19.0,LOW,2026-09-14 22:11:32.127304
AWB117309,BATCH-D,Delhivery,M-003,Lucknow,Tier-3,PHANTOM_RTO_CHARGE,0.0,205.0,205.0,MEDIUM,2026-09-14 22:11:31.631484
AWB117313,BATCH-A,Kwikship,M-017,Lucknow,Tier-3,ETA_SLA_BREACH,72.0,101.0,0.0,LOW,2026-09-14 22:11:32.038362
AWB117315,BATCH-D,Shiprocket,M-008,Mumbai,Tier-1,PHANTOM_RTO_CHARGE,0.0,207.0,207.0,MEDIUM,2026-09-14 22:11:31.631484
AWB117316,BATCH-C,Shiprocket,M-015,Lucknow,Tier-3,OVERDUE_REMITTANCE,14.0,19.0,4287.0,MEDIUM,2026-09-14 22:11:31.791087
AWB117326,BATCH-D,Shiprocket,M-018,Lucknow,Tier-3,PHANTOM_RTO_CHARGE,0.0,237.0,237.0,MEDIUM,2026-09-14 22:11:31.631484
AWB117328,BATCH-B,Shiprocket,M-016,Delhi,Tier-1,DUPLICATE_SETTLEMENT,1.0,2.0,0.0,HIGH,2026-09-14 22:11:31.913657
AWB117328,BATCH-DUP,Shiprocket,M-016,Delhi,Tier-1,DUPLICATE_SETTLEMENT,1.0,2.0,0.0,HIGH,2026-09-14 22:11:31.913657
AWB117330,BATCH-B,Delhivery,M-002,Jaipur,Tier-3,COD_SHORT_REMITTANCE,4876.0,4624.0,252.0,MEDIUM,2026-09-14 22:10:12.726074
AWB117333,BATCH-B,Shiprocket,M-009,Delhi,Tier-1,OVERDUE_REMITTANCE,14.0,27.0,0.0,MEDIUM,2026-09-14 22:11:31.791087
AWB117334,BATCH-B,DTDC,M-008,Delhi,Tier-1,EXCESS_FORWARD_CHARGE,95.0,114.0,19.0,LOW,2026-09-14 22:11:32.127304
AWB117344,BATCH-A,Delhivery,M-010,Delhi,Tier-1,COD_SHORT_REMITTANCE,3024.0,2791.0,233.0,MEDIUM,2026-09-14 22:10:12.726074
AWB117346,BATCH-D,Delhivery,M-006,Pune,Tier-2,PHANTOM_RTO_CHARGE,0.0,176.0,176.0,MEDIUM,2026-09-14 22:11:31.631484
AWB117349,BATCH-A,Bluedart,M-019,Lucknow,Tier-3,PHANTOM_RTO_CHARGE,0.0,178.0,178.0,MEDIUM,2026-09-14 22:11:31.631484
AWB117349,BATCH-A,Bluedart,M-019,Lucknow,Tier-3,WEIGHT_DISPUTE,6.55,7.98,86.0,LOW,2026-09-14 22:11:31.453814
AWB117350,BATCH-C,Bluedart,M-014,Mumbai,Tier-1,PHANTOM_RTO_CHARGE,0.0,117.0,117.0,MEDIUM,2026-09-14 22:11:31.631484
AWB117352,BATCH-B,Kwikship,M-014,Pune,Tier-2,PHANTOM_RTO_CHARGE,0.0,161.0,161.0,MEDIUM,2026-09-14 22:11:31.631484
AWB117354,BATCH-C,DTDC,M-012,Jaipur,Tier-3,EXCESS_FORWARD_CHARGE,95.0,114.0,19.0,LOW,2026-09-14 22:11:32.127304
AWB117359,BATCH-B,DTDC,M-017,Pune,Tier-2,EXCESS_FORWARD_CHARGE,95.0,114.0,19.0,LOW,2026-09-14 22:11:32.127304
AWB117365,BATCH-D,Bluedart,M-001,Jaipur,Tier-3,PHANTOM_RTO_CHARGE,0.0,193.0,193.0,MEDIUM,2026-09-14 22:11:31.631484
AWB117366,BATCH-C,Delhivery,M-016,Lucknow,Tier-3,COD_SHORT_REMITTANCE,3335.0,3141.0,194.0,MEDIUM,2026-09-14 22:10:12.726074
AWB117370,BATCH-B,Shiprocket,M-019,Delhi,Tier-1,OVERDUE_REMITTANCE,14.0,26.0,0.0,MEDIUM,2026-09-14 22:11:31.791087
AWB117378,BATCH-A,Bluedart,M-018,Lucknow,Tier-3,WEIGHT_DISPUTE,0.67,0.89,13.0,LOW,2026-09-14 22:11:31.453814
AWB117382,BATCH-D,Delhivery,M-003,Lucknow,Tier-3,COD_SHORT_REMITTANCE,4877.0,4532.0,345.0,MEDIUM,2026-09-14 22:10:12.726074
AWB117383,BATCH-B,DTDC,M-017,Mumbai,Tier-1,EXCESS_FORWARD_CHARGE,65.0,78.0,13.0,LOW,2026-09-14 22:11:32.127304
AWB117385,BATCH-C,DTDC,M-014,Lucknow,Tier-3,EXCESS_FORWARD_CHARGE,95.0,114.0,19.0,LOW,2026-09-14 22:11:32.127304
AWB117389,BATCH-A,Bluedart,M-001,Lucknow,Tier-3,WEIGHT_DISPUTE,1.11,1.36,15.0,LOW,2026-09-14 22:11:31.453814
AWB117392,BATCH-A,DTDC,M-003,Mumbai,Tier-1,EXCESS_FORWARD_CHARGE,95.0,114.0,19.0,LOW,2026-09-14 22:11:32.127304
AWB117393,BATCH-A,Bluedart,M-007,Jaipur,Tier-3,WEIGHT_DISPUTE,2.62,3.19,34.0,LOW,2026-09-14 22:11:31.453814
AWB117399,BATCH-A,DTDC,M-003,Indore,Tier-2,EXCESS_FORWARD_CHARGE,95.0,114.0,19.0,LOW,2026-09-14 22:11:32.127304
AWB117401,BATCH-D,Shiprocket,M-018,Indore,Tier-2,PHANTOM_RTO_CHARGE,0.0,243.0,243.0,MEDIUM,2026-09-14 22:11:31.631484
AWB117404,BATCH-A,DTDC,M-005,Indore,Tier-2,EXCESS_FORWARD_CHARGE,95.0,114.0,19.0,LOW,2026-09-14 22:11:32.127304
AWB117404,BATCH-A,DTDC,M-005,Indore,Tier-2,PHANTOM_RTO_CHARGE,0.0,191.0,191.0,MEDIUM,2026-09-14 22:11:31.631484
AWB117406,BATCH-A,Kwikship,M-008,Indore,Tier-2,PHANTOM_RTO_CHARGE,0.0,186.0,186.0,MEDIUM,2026-09-14 22:11:31.631484
AWB117407,BATCH-A,Kwikship,M-018,Indore,Tier-2,PHANTOM_RTO_CHARGE,0.0,187.0,187.0,MEDIUM,2026-09-14 22:11:31.631484
AWB117409,BATCH-D,Kwikship,M-011,Jaipur,Tier-3,ETA_SLA_BREACH,72.0,114.6,0.0,LOW,2026-09-14 22:11:32.038362
AWB117412,BATCH-B,DTDC,M-015,Lucknow,Tier-3,EXCESS_FORWARD_CHARGE,95.0,114.0,19.0,LOW,2026-09-14 22:11:32.127304
AWB117416,BATCH-A,Bluedart,M-003,Mumbai,Tier-1,PHANTOM_RTO_CHARGE,0.0,208.0,208.0,MEDIUM,2026-09-14 22:11:31.631484
AWB117418,BATCH-C,DTDC,M-004,Pune,Tier-2,EXCESS_FORWARD_CHARGE,42.0,50.0,8.0,LOW,2026-09-14 22:11:32.127304
AWB117425,BATCH-A,Bluedart,M-004,Indore,Tier-2,PHANTOM_RTO_CHARGE,0.0,224.0,224.0,MEDIUM,2026-09-14 22:11:31.631484
AWB117430,BATCH-D,Kwikship,M-016,Lucknow,Tier-3,ETA_SLA_BREACH,72.0,142.8,0.0,LOW,2026-09-14 22:11:32.038362
AWB117434,BATCH-A,Bluedart,M-018,Jaipur,Tier-3,WEIGHT_DISPUTE,6.76,8.19,86.0,LOW,2026-09-14 22:11:31.453814
AWB117440,BATCH-B,Delhivery,M-004,Pune,Tier-2,PHANTOM_RTO_CHARGE,0.0,209.0,209.0,MEDIUM,2026-09-14 22:11:31.631484
AWB117444,BATCH-C,Shiprocket,M-008,Jaipur,Tier-3,PHANTOM_RTO_CHARGE,0.0,146.0,146.0,MEDIUM,2026-09-14 22:11:31.631484
AWB117446,BATCH-A,Shiprocket,M-020,Delhi,Tier-1,OVERDUE_REMITTANCE,14.0,24.0,3417.0,MEDIUM,2026-09-14 22:11:31.791087
AWB117451,BATCH-B,DTDC,M-004,Indore,Tier-2,PHANTOM_RTO_CHARGE,0.0,174.0,174.0,MEDIUM,2026-09-14 22:11:31.631484
AWB117453,BATCH-A,Delhivery,M-015,Indore,Tier-2,COD_SHORT_REMITTANCE,4098.0,3941.0,157.0,MEDIUM,2026-09-14 22:10:12.726074
AWB117461,BATCH-B,Bluedart,M-005,Jaipur,Tier-3,WEIGHT_DISPUTE,3.0,3.94,56.0,LOW,2026-09-14 22:11:31.453814
AWB117462,BATCH-C,Bluedart,M-001,Jaipur,Tier-3,WEIGHT_DISPUTE,1.46,1.92,27.0,LOW,2026-09-14 22:11:31.453814
AWB117467,BATCH-B,DTDC,M-019,Delhi,Tier-1,PHANTOM_RTO_CHARGE,0.0,144.0,144.0,MEDIUM,2026-09-14 22:11:31.631484
AWB117468,BATCH-B,Delhivery,M-005,Lucknow,Tier-3,COD_SHORT_REMITTANCE,5418.0,5047.0,371.0,MEDIUM,2026-09-14 22:10:12.726074
AWB117477,BATCH-A,Kwikship,M-009,Mumbai,Tier-1,PHANTOM_RTO_CHARGE,0.0,183.0,183.0,MEDIUM,2026-09-14 22:11:31.631484
AWB117484,BATCH-D,DTDC,M-004,Lucknow,Tier-3,PHANTOM_RTO_CHARGE,0.0,154.0,154.0,MEDIUM,2026-09-14 22:11:31.631484
AWB117486,BATCH-C,DTDC,M-004,Pune,Tier-2,EXCESS_FORWARD_CHARGE,95.0,114.0,19.0,LOW,2026-09-14 22:11:32.127304
AWB117493,BATCH-D,Delhivery,M-014,Jaipur,Tier-3,COD_SHORT_REMITTANCE,3114.0,2879.0,235.0,MEDIUM,2026-09-14 22:10:12.726074
AWB117494,BATCH-D,Bluedart,M-016,Lucknow,Tier-3,WEIGHT_DISPUTE,7.69,9.15,87.0,LOW,2026-09-14 22:11:31.453814
AWB117496,BATCH-B,Bluedart,M-020,Jaipur,Tier-3,WEIGHT_DISPUTE,7.93,9.55,97.0,LOW,2026-09-14 22:11:31.453814
AWB117499,BATCH-D,DTDC,M-013,Indore,Tier-2,EXCESS_FORWARD_CHARGE,95.0,114.0,19.0,LOW,2026-09-14 22:11:32.127304
AWB117502,BATCH-A,Delhivery,M-008,Mumbai,Tier-1,COD_SHORT_REMITTANCE,5208.0,4928.0,280.0,MEDIUM,2026-09-14 22:10:12.726074
AWB117511,BATCH-D,Delhivery,M-013,Mumbai,Tier-1,COD_SHORT_REMITTANCE,5154.0,4779.0,375.0,MEDIUM,2026-09-14 22:10:12.726074
AWB117514,BATCH-A,DTDC,M-013,Delhi,Tier-1,EXCESS_FORWARD_CHARGE,95.0,114.0,19.0,LOW,2026-09-14 22:11:32.127304
AWB117519,BATCH-C,DTDC,M-013,Mumbai,Tier-1,EXCESS_FORWARD_CHARGE,65.0,78.0,13.0,LOW,2026-09-14 22:11:32.127304
AWB117521,BATCH-D,Bluedart,M-005,Lucknow,Tier-3,WEIGHT_DISPUTE,5.15,6.51,82.0,LOW,2026-09-14 22:11:31.453814
AWB117530,BATCH-B,DTDC,M-014,Jaipur,Tier-3,PHANTOM_RTO_CHARGE,0.0,154.0,154.0,MEDIUM,2026-09-14 22:11:31.631484
AWB117535,BATCH-A,DTDC,M-007,Pune,Tier-2,EXCESS_FORWARD_CHARGE,95.0,114.0,19.0,LOW,2026-09-14 22:11:32.127304
AWB117540,BATCH-B,DTDC,M-011,Jaipur,Tier-3,EXCESS_FORWARD_CHARGE,95.0,114.0,19.0,LOW,2026-09-14 22:11:32.127304
AWB117542,BATCH-B,Shiprocket,M-001,Jaipur,Tier-3,DUPLICATE_SETTLEMENT,1.0,2.0,3003.0,HIGH,2026-09-14 22:11:31.913657
AWB117542,BATCH-DUP,Shiprocket,M-001,Jaipur,Tier-3,DUPLICATE_SETTLEMENT,1.0,2.0,3003.0,HIGH,2026-09-14 22:11:31.913657
AWB117551,BATCH-B,Kwikship,M-001,Jaipur,Tier-3,ETA_SLA_BREACH,72.0,133.1,0.0,LOW,2026-09-14 22:11:32.038362
AWB117556,BATCH-D,DTDC,M-012,Indore,Tier-2,EXCESS_FORWARD_CHARGE,95.0,114.0,19.0,LOW,2026-09-14 22:11:32.127304
AWB117557,BATCH-C,Delhivery,M-014,Lucknow,Tier-3,PHANTOM_RTO_CHARGE,0.0,103.0,103.0,MEDIUM,2026-09-14 22:11:31.631484
AWB117559,BATCH-C,DTDC,M-018,Delhi,Tier-1,EXCESS_FORWARD_CHARGE,65.0,78.0,13.0,LOW,2026-09-14 22:11:32.127304
AWB117565,BATCH-D,Delhivery,M-009,Lucknow,Tier-3,PHANTOM_RTO_CHARGE,0.0,189.0,189.0,MEDIUM,2026-09-14 22:11:31.631484
AWB117578,BATCH-C,Kwikship,M-012,Mumbai,Tier-1,DUPLICATE_SETTLEMENT,1.0,2.0,4126.0,HIGH,2026-09-14 22:11:31.913657
AWB117578,BATCH-DUP,Kwikship,M-012,Mumbai,Tier-1,DUPLICATE_SETTLEMENT,1.0,2.0,4126.0,HIGH,2026-09-14 22:11:31.913657
AWB117587,BATCH-C,Delhivery,M-015,Delhi,Tier-1,COD_SHORT_REMITTANCE,5393.0,5023.0,370.0,MEDIUM,2026-09-14 22:10:12.726074
AWB117588,BATCH-D,DTDC,M-004,Pune,Tier-2,EXCESS_FORWARD_CHARGE,42.0,50.0,8.0,LOW,2026-09-14 22:11:32.127304
AWB117592,BATCH-A,Kwikship,M-017,Jaipur,Tier-3,ETA_SLA_BREACH,72.0,120.8,0.0,LOW,2026-09-14 22:11:32.038362
AWB117595,BATCH-D,DTDC,M-006,Lucknow,Tier-3,EXCESS_FORWARD_CHARGE,95.0,114.0,19.0,LOW,2026-09-14 22:11:32.127304
AWB117595,BATCH-D,DTDC,M-006,Lucknow,Tier-3,PHANTOM_RTO_CHARGE,0.0,231.0,231.0,MEDIUM,2026-09-14 22:11:31.631484
AWB117597,BATCH-A,Delhivery,M-009,Lucknow,Tier-3,COD_SHORT_REMITTANCE,5199.0,4905.0,294.0,MEDIUM,2026-09-14 22:10:12.726074
AWB117603,BATCH-B,DTDC,M-012,Delhi,Tier-1,EXCESS_FORWARD_CHARGE,95.0,114.0,19.0,LOW,2026-09-14 22:11:32.127304
AWB117606,BATCH-C,Kwikship,M-006,Lucknow,Tier-3,ETA_SLA_BREACH,72.0,102.8,0.0,LOW,2026-09-14 22:11:32.038362
AWB117614,BATCH-C,Bluedart,M-004,Lucknow,Tier-3,WEIGHT_DISPUTE,6.07,7.43,82.0,LOW,2026-09-14 22:11:31.453814
AWB117633,BATCH-B,Kwikship,M-016,Lucknow,Tier-3,ETA_SLA_BREACH,72.0,109.9,0.0,LOW,2026-09-14 22:11:32.038362
AWB117634,BATCH-C,Kwikship,M-020,Lucknow,Tier-3,ETA_SLA_BREACH,72.0,110.0,0.0,LOW,2026-09-14 22:11:32.038362
AWB117636,BATCH-C,Bluedart,M-013,Pune,Tier-2,PHANTOM_RTO_CHARGE,0.0,164.0,164.0,MEDIUM,2026-09-14 22:11:31.631484
AWB117646,BATCH-C,DTDC,M-011,Mumbai,Tier-1,EXCESS_FORWARD_CHARGE,42.0,50.0,8.0,LOW,2026-09-14 22:11:32.127304
AWB117649,BATCH-A,Bluedart,M-008,Delhi,Tier-1,PHANTOM_RTO_CHARGE,0.0,226.0,226.0,MEDIUM,2026-09-14 22:11:31.631484
AWB117651,BATCH-C,Shiprocket,M-011,Mumbai,Tier-1,PHANTOM_RTO_CHARGE,0.0,106.0,106.0,MEDIUM,2026-09-14 22:11:31.631484
AWB117657,BATCH-A,Delhivery,M-007,Delhi,Tier-1,PHANTOM_RTO_CHARGE,0.0,170.0,170.0,MEDIUM,2026-09-14 22:11:31.631484
AWB117662,BATCH-D,DTDC,M-015,Indore,Tier-2,EXCESS_FORWARD_CHARGE,95.0,114.0,19.0,LOW,2026-09-14 22:11:32.127304
AWB117666,BATCH-D,Bluedart,M-016,Lucknow,Tier-3,WEIGHT_DISPUTE,2.9,3.46,34.0,LOW,2026-09-14 22:11:31.453814
AWB117677,BATCH-D,Kwikship,M-009,Jaipur,Tier-3,ETA_SLA_BREACH,72.0,125.4,0.0,LOW,2026-09-14 22:11:32.038362
AWB117718,BATCH-B,Delhivery,M-019,Indore,Tier-2,COD_SHORT_REMITTANCE,3711.0,3575.0,136.0,MEDIUM,2026-09-14 22:10:12.726074
AWB117718,BATCH-B,Delhivery,M-019,Indore,Tier-2,DUPLICATE_SETTLEMENT,1.0,2.0,3575.0,HIGH,2026-09-14 22:11:31.913657
AWB117718,BATCH-B,Delhivery,M-019,Indore,Tier-2,PHANTOM_RTO_CHARGE,0.0,229.0,229.0,MEDIUM,2026-09-14 22:11:31.631484
AWB117718,BATCH-DUP,Delhivery,M-019,Indore,Tier-2,COD_SHORT_REMITTANCE,3711.0,3575.0,136.0,MEDIUM,2026-09-14 22:10:12.726074
AWB117718,BATCH-DUP,Delhivery,M-019,Indore,Tier-2,DUPLICATE_SETTLEMENT,1.0,2.0,3575.0,HIGH,2026-09-14 22:11:31.913657
AWB117718,BATCH-DUP,Delhivery,M-019,Indore,Tier-2,PHANTOM_RTO_CHARGE,0.0,229.0,229.0,MEDIUM,2026-09-14 22:11:31.631484
AWB117719,BATCH-D,DTDC,M-008,Jaipur,Tier-3,EXCESS_FORWARD_CHARGE,95.0,114.0,19.0,LOW,2026-09-14 22:11:32.127304
AWB117724,BATCH-C,Kwikship,M-018,Mumbai,Tier-1,PHANTOM_RTO_CHARGE,0.0,200.0,200.0,MEDIUM,2026-09-14 22:11:31.631484
AWB117728,BATCH-A,Shiprocket,M-012,Mumbai,Tier-1,OVERDUE_REMITTANCE,14.0,21.0,3654.0,MEDIUM,2026-09-14 22:11:31.791087
AWB117733,BATCH-B,DTDC,M-007,Lucknow,Tier-3,EXCESS_FORWARD_CHARGE,95.0,114.0,19.0,LOW,2026-09-14 22:11:32.127304
AWB117736,BATCH-B,DTDC,M-004,Pune,Tier-2,EXCESS_FORWARD_CHARGE,65.0,78.0,13.0,LOW,2026-09-14 22:11:32.127304
AWB117740,BATCH-D,DTDC,M-018,Jaipur,Tier-3,EXCESS_FORWARD_CHARGE,42.0,50.0,8.0,LOW,2026-09-14 22:11:32.127304
AWB117742,BATCH-D,Bluedart,M-011,Jaipur,Tier-3,WEIGHT_DISPUTE,4.36,5.38,62.0,LOW,2026-09-14 22:11:31.453814
AWB117746,BATCH-C,Kwikship,M-012,Jaipur,Tier-3,ETA_SLA_BREACH,72.0,126.2,0.0,LOW,2026-09-14 22:11:32.038362
AWB117752,BATCH-C,DTDC,M-016,Jaipur,Tier-3,EXCESS_FORWARD_CHARGE,95.0,114.0,19.0,LOW,2026-09-14 22:11:32.127304
AWB117752,BATCH-C,DTDC,M-016,Jaipur,Tier-3,PHANTOM_RTO_CHARGE,0.0,201.0,201.0,MEDIUM,2026-09-14 22:11:31.631484
AWB117754,BATCH-B,Delhivery,M-015,Indore,Tier-2,COD_SHORT_REMITTANCE,4217.0,4045.0,172.0,MEDIUM,2026-09-14 22:10:12.726074
AWB117757,BATCH-B,Kwikship,M-009,Jaipur,Tier-3,ETA_SLA_BREACH,72.0,105.3,0.0,LOW,2026-09-14 22:11:32.038362
AWB117762,BATCH-C,DTDC,M-020,Lucknow,Tier-3,EXCESS_FORWARD_CHARGE,95.0,114.0,19.0,LOW,2026-09-14 22:11:32.127304
AWB117763,BATCH-B,Delhivery,M-014,Indore,Tier-2,COD_SHORT_REMITTANCE,3238.0,3022.0,216.0,MEDIUM,2026-09-14 22:10:12.726074
AWB117763,BATCH-B,Delhivery,M-014,Indore,Tier-2,PHANTOM_RTO_CHARGE,0.0,199.0,199.0,MEDIUM,2026-09-14 22:11:31.631484
AWB117764,BATCH-B,Shiprocket,M-005,Mumbai,Tier-1,PHANTOM_RTO_CHARGE,0.0,149.0,149.0,MEDIUM,2026-09-14 22:11:31.631484
AWB117765,BATCH-A,Bluedart,M-017,Jaipur,Tier-3,WEIGHT_DISPUTE,7.96,10.12,130.0,MEDIUM,2026-09-14 22:11:31.453814
AWB117772,BATCH-D,Bluedart,M-011,Lucknow,Tier-3,WEIGHT_DISPUTE,8.01,9.91,114.0,MEDIUM,2026-09-14 22:11:31.453814
AWB117774,BATCH-A,Shiprocket,M-005,Pune,Tier-2,PHANTOM_RTO_CHARGE,0.0,202.0,202.0,MEDIUM,2026-09-14 22:11:31.631484
AWB117780,BATCH-D,DTDC,M-018,Jaipur,Tier-3,PHANTOM_RTO_CHARGE,0.0,104.0,104.0,MEDIUM,2026-09-14 22:11:31.631484
AWB117786,BATCH-A,DTDC,M-007,Pune,Tier-2,EXCESS_FORWARD_CHARGE,65.0,78.0,13.0,LOW,2026-09-14 22:11:32.127304
AWB117789,BATCH-A,Bluedart,M-011,Mumbai,Tier-1,PHANTOM_RTO_CHARGE,0.0,239.0,239.0,MEDIUM,2026-09-14 22:11:31.631484
AWB117791,BATCH-D,Shiprocket,M-011,Indore,Tier-2,OVERDUE_REMITTANCE,14.0,22.0,5009.0,MEDIUM,2026-09-14 22:11:31.791087
AWB117793,BATCH-A,Shiprocket,M-005,Jaipur,Tier-3,OVERDUE_REMITTANCE,14.0,24.0,4861.0,MEDIUM,2026-09-14 22:11:31.791087
AWB117795,BATCH-C,Kwikship,M-015,Jaipur,Tier-3,ETA_SLA_BREACH,72.0,124.3,0.0,LOW,2026-09-14 22:11:32.038362
AWB117797,BATCH-A,Kwikship,M-016,Indore,Tier-2,DUPLICATE_SETTLEMENT,1.0,2.0,5291.0,HIGH,2026-09-14 22:11:31.913657
AWB117797,BATCH-DUP,Kwikship,M-016,Indore,Tier-2,DUPLICATE_SETTLEMENT,1.0,2.0,5291.0,HIGH,2026-09-14 22:11:31.913657
AWB117798,BATCH-A,DTDC,M-019,Lucknow,Tier-3,PHANTOM_RTO_CHARGE,0.0,125.0,125.0,MEDIUM,2026-09-14 22:11:31.631484
AWB117805,BATCH-B,Bluedart,M-020,Lucknow,Tier-3,PHANTOM_RTO_CHARGE,0.0,209.0,209.0,MEDIUM,2026-09-14 22:11:31.631484
AWB117805,BATCH-B,Bluedart,M-020,Lucknow,Tier-3,WEIGHT_DISPUTE,7.68,9.87,132.0,MEDIUM,2026-09-14 22:11:31.453814
AWB117807,BATCH-D,Shiprocket,M-004,Delhi,Tier-1,OVERDUE_REMITTANCE,14.0,23.0,0.0,MEDIUM,2026-09-14 22:11:31.791087
AWB117809,BATCH-C,Delhivery,M-006,Lucknow,Tier-3,COD_SHORT_REMITTANCE,3492.0,3253.0,239.0,MEDIUM,2026-09-14 22:10:12.726074
AWB117813,BATCH-A,Kwikship,M-013,Lucknow,Tier-3,ETA_SLA_BREACH,72.0,142.6,0.0,LOW,2026-09-14 22:11:32.038362
AWB117814,BATCH-A,DTDC,M-004,Jaipur,Tier-3,EXCESS_FORWARD_CHARGE,95.0,114.0,19.0,LOW,2026-09-14 22:11:32.127304
AWB117816,BATCH-A,Shiprocket,M-009,Mumbai,Tier-1,PHANTOM_RTO_CHARGE,0.0,233.0,233.0,MEDIUM,2026-09-14 22:11:31.631484
AWB117817,BATCH-D,Bluedart,M-005,Lucknow,Tier-3,WEIGHT_DISPUTE,7.36,8.96,96.0,LOW,2026-09-14 22:11:31.453814
AWB117823,BATCH-D,Shiprocket,M-001,Jaipur,Tier-3,OVERDUE_REMITTANCE,14.0,23.0,596.0,MEDIUM,2026-09-14 22:11:31.791087
AWB117823,BATCH-D,Shiprocket,M-001,Jaipur,Tier-3,PHANTOM_RTO_CHARGE,0.0,152.0,152.0,MEDIUM,2026-09-14 22:11:31.631484
AWB117830,BATCH-B,DTDC,M-004,Lucknow,Tier-3,EXCESS_FORWARD_CHARGE,95.0,114.0,19.0,LOW,2026-09-14 22:11:32.127304
AWB117835,BATCH-C,Bluedart,M-013,Indore,Tier-2,PHANTOM_RTO_CHARGE,0.0,179.0,179.0,MEDIUM,2026-09-14 22:11:31.631484
AWB117836,BATCH-C,DTDC,M-020,Delhi,Tier-1,EXCESS_FORWARD_CHARGE,95.0,114.0,19.0,LOW,2026-09-14 22:11:32.127304
AWB117839,BATCH-C,DTDC,M-010,Mumbai,Tier-1,EXCESS_FORWARD_CHARGE,95.0,114.0,19.0,LOW,2026-09-14 22:11:32.127304
AWB117842,BATCH-C,Kwikship,M-001,Pune,Tier-2,PHANTOM_RTO_CHARGE,0.0,240.0,240.0,MEDIUM,2026-09-14 22:11:31.631484
AWB117843,BATCH-B,DTDC,M-015,Mumbai,Tier-1,EXCESS_FORWARD_CHARGE,42.0,50.0,8.0,LOW,2026-09-14 22:11:32.127304
AWB117851,BATCH-A,DTDC,M-011,Pune,Tier-2,EXCESS_FORWARD_CHARGE,95.0,114.0,19.0,LOW,2026-09-14 22:11:32.127304
AWB117853,BATCH-A,DTDC,M-003,Indore,Tier-2,PHANTOM_RTO_CHARGE,0.0,124.0,124.0,MEDIUM,2026-09-14 22:11:31.631484
AWB117860,BATCH-C,Delhivery,M-017,Delhi,Tier-1,COD_SHORT_REMITTANCE,5467.0,5231.0,236.0,MEDIUM,2026-09-14 22:10:12.726074
AWB117867,BATCH-A,DTDC,M-010,Mumbai,Tier-1,EXCESS_FORWARD_CHARGE,95.0,114.0,19.0,LOW,2026-09-14 22:11:32.127304
AWB117869,BATCH-A,DTDC,M-013,Jaipur,Tier-3,EXCESS_FORWARD_CHARGE,95.0,114.0,19.0,LOW,2026-09-14 22:11:32.127304
AWB117873,BATCH-A,Shiprocket,M-011,Delhi,Tier-1,OVERDUE_REMITTANCE,14.0,27.0,2134.0,MEDIUM,2026-09-14 22:11:31.791087
AWB117873,BATCH-A,Shiprocket,M-011,Delhi,Tier-1,PHANTOM_RTO_CHARGE,0.0,205.0,205.0,MEDIUM,2026-09-14 22:11:31.631484
AWB117876,BATCH-D,DTDC,M-015,Mumbai,Tier-1,EXCESS_FORWARD_CHARGE,42.0,50.0,8.0,LOW,2026-09-14 22:11:32.127304
AWB117889,BATCH-A,DTDC,M-020,Jaipur,Tier-3,EXCESS_FORWARD_CHARGE,95.0,114.0,19.0,LOW,2026-09-14 22:11:32.127304
AWB117897,BATCH-D,DTDC,M-019,Indore,Tier-2,EXCESS_FORWARD_CHARGE,65.0,78.0,13.0,LOW,2026-09-14 22:11:32.127304
AWB117899,BATCH-A,Delhivery,M-017,Lucknow,Tier-3,COD_SHORT_REMITTANCE,5512.0,5128.0,384.0,MEDIUM,2026-09-14 22:10:12.726074
AWB117903,BATCH-C,DTDC,M-017,Jaipur,Tier-3,PHANTOM_RTO_CHARGE,0.0,133.0,133.0,MEDIUM,2026-09-14 22:11:31.631484
AWB117909,BATCH-B,DTDC,M-001,Jaipur,Tier-3,EXCESS_FORWARD_CHARGE,95.0,114.0,19.0,LOW,2026-09-14 22:11:32.127304
AWB117913,BATCH-B,Shiprocket,M-003,Jaipur,Tier-3,DUPLICATE_SETTLEMENT,1.0,2.0,697.0,HIGH,2026-09-14 22:11:31.913657
AWB117913,BATCH-DUP,Shiprocket,M-003,Jaipur,Tier-3,DUPLICATE_SETTLEMENT,1.0,2.0,697.0,HIGH,2026-09-14 22:11:31.913657
AWB117914,BATCH-D,Delhivery,M-020,Jaipur,Tier-3,COD_SHORT_REMITTANCE,4974.0,4650.0,324.0,MEDIUM,2026-09-14 22:10:12.726074
AWB117915,BATCH-A,Kwikship,M-006,Lucknow,Tier-3,DUPLICATE_SETTLEMENT,1.0,2.0,4959.0,HIGH,2026-09-14 22:11:31.913657
AWB117915,BATCH-A,Kwikship,M-006,Lucknow,Tier-3,ETA_SLA_BREACH,72.0,129.6,0.0,LOW,2026-09-14 22:11:32.038362
AWB117915,BATCH-DUP,Kwikship,M-006,Lucknow,Tier-3,DUPLICATE_SETTLEMENT,1.0,2.0,4959.0,HIGH,2026-09-14 22:11:31.913657
AWB117915,BATCH-DUP,Kwikship,M-006,Lucknow,Tier-3,ETA_SLA_BREACH,72.0,129.6,0.0,LOW,2026-09-14 22:11:32.038362
AWB117927,BATCH-A,Bluedart,M-009,Jaipur,Tier-3,WEIGHT_DISPUTE,3.63,4.39,45.0,LOW,2026-09-14 22:11:31.453814
AWB117939,BATCH-C,Shiprocket,M-002,Pune,Tier-2,DUPLICATE_SETTLEMENT,1.0,2.0,5753.0,HIGH,2026-09-14 22:11:31.913657
AWB117939,BATCH-DUP,Shiprocket,M-002,Pune,Tier-2,DUPLICATE_SETTLEMENT,1.0,2.0,5753.0,HIGH,2026-09-14 22:11:31.913657
AWB117940,BATCH-B,Bluedart,M-018,Jaipur,Tier-3,WEIGHT_DISPUTE,7.36,9.06,102.0,MEDIUM,2026-09-14 22:11:31.453814
AWB117944,BATCH-D,Shiprocket,M-018,Mumbai,Tier-1,OVERDUE_REMITTANCE,14.0,21.0,1252.0,MEDIUM,2026-09-14 22:11:31.791087
AWB117945,BATCH-A,Delhivery,M-018,Lucknow,Tier-3,PHANTOM_RTO_CHARGE,0.0,107.0,107.0,MEDIUM,2026-09-14 22:11:31.631484
AWB117952,BATCH-C,Kwikship,M-014,Delhi,Tier-1,DUPLICATE_SETTLEMENT,1.0,2.0,0.0,HIGH,2026-09-14 22:11:31.913657
AWB117952,BATCH-DUP,Kwikship,M-014,Delhi,Tier-1,DUPLICATE_SETTLEMENT,1.0,2.0,0.0,HIGH,2026-09-14 22:11:31.913657
AWB117954,BATCH-C,Bluedart,M-004,Lucknow,Tier-3,PHANTOM_RTO_CHARGE,0.0,120.0,120.0,MEDIUM,2026-09-14 22:11:31.631484
AWB117954,BATCH-C,Bluedart,M-004,Lucknow,Tier-3,WEIGHT_DISPUTE,7.45,9.55,126.0,MEDIUM,2026-09-14 22:11:31.453814
AWB117955,BATCH-C,Shiprocket,M-001,Jaipur,Tier-3,PHANTOM_RTO_CHARGE,0.0,132.0,132.0,MEDIUM,2026-09-14 22:11:31.631484
AWB117960,BATCH-B,DTDC,M-007,Jaipur,Tier-3,EXCESS_FORWARD_CHARGE,65.0,78.0,13.0,LOW,2026-09-14 22:11:32.127304
AWB117966,BATCH-A,Kwikship,M-011,Jaipur,Tier-3,PHANTOM_RTO_CHARGE,0.0,221.0,221.0,MEDIUM,2026-09-14 22:11:31.631484
AWB117971,BATCH-C,DTDC,M-001,Mumbai,Tier-1,EXCESS_FORWARD_CHARGE,95.0,114.0,19.0,LOW,2026-09-14 22:11:32.127304
AWB117977,BATCH-D,Delhivery,M-008,Delhi,Tier-1,COD_SHORT_REMITTANCE,3486.0,3339.0,147.0,MEDIUM,2026-09-14 22:10:12.726074
AWB117978,BATCH-C,DTDC,M-020,Mumbai,Tier-1,PHANTOM_RTO_CHARGE,0.0,236.0,236.0,MEDIUM,2026-09-14 22:11:31.631484
AWB117983,BATCH-D,Delhivery,M-007,Lucknow,Tier-3,COD_SHORT_REMITTANCE,4348.0,4075.0,273.0,MEDIUM,2026-09-14 22:10:12.726074
AWB117986,BATCH-D,Bluedart,M-013,Lucknow,Tier-3,WEIGHT_DISPUTE,7.76,9.95,131.0,MEDIUM,2026-09-14 22:11:31.453814
AWB117991,BATCH-B,DTDC,M-010,Pune,Tier-2,EXCESS_FORWARD_CHARGE,95.0,114.0,19.0,LOW,2026-09-14 22:11:32.127304
AWB117992,BATCH-D,Bluedart,M-013,Jaipur,Tier-3,WEIGHT_DISPUTE,3.02,3.68,39.0,LOW,2026-09-14 22:11:31.453814
AWB117993,BATCH-C,DTDC,M-014,Lucknow,Tier-3,EXCESS_FORWARD_CHARGE,95.0,114.0,19.0,LOW,2026-09-14 22:11:32.127304
AWB117995,BATCH-A,DTDC,M-008,Lucknow,Tier-3,EXCESS_FORWARD_CHARGE,42.0,50.0,8.0,LOW,2026-09-14 22:11:32.127304
AWB117998,BATCH-B,DTDC,M-006,Jaipur,Tier-3,EXCESS_FORWARD_CHARGE,65.0,78.0,13.0,LOW,2026-09-14 22:11:32.127304
AWB118013,BATCH-D,Bluedart,M-010,Indore,Tier-2,PHANTOM_RTO_CHARGE,0.0,169.0,169.0,MEDIUM,2026-09-14 22:11:31.631484
AWB118014,BATCH-C,DTDC,M-005,Delhi,Tier-1,EXCESS_FORWARD_CHARGE,95.0,114.0,19.0,LOW,2026-09-14 22:11:32.127304
AWB118020,BATCH-B,Bluedart,M-010,Jaipur,Tier-3,WEIGHT_DISPUTE,3.33,4.34,60.0,LOW,2026-09-14 22:11:31.453814
AWB118022,BATCH-A,Kwikship,M-016,Lucknow,Tier-3,ETA_SLA_BREACH,72.0,134.8,0.0,LOW,2026-09-14 22:11:32.038362
AWB118024,BATCH-D,Bluedart,M-003,Lucknow,Tier-3,WEIGHT_DISPUTE,1.16,1.4,14.0,LOW,2026-09-14 22:11:31.453814
AWB118034,BATCH-B,DTDC,M-020,Delhi,Tier-1,EXCESS_FORWARD_CHARGE,95.0,114.0,19.0,LOW,2026-09-14 22:11:32.127304
AWB118039,BATCH-C,DTDC,M-014,Delhi,Tier-1,EXCESS_FORWARD_CHARGE,65.0,78.0,13.0,LOW,2026-09-14 22:11:32.127304
AWB118042,BATCH-B,DTDC,M-007,Lucknow,Tier-3,EXCESS_FORWARD_CHARGE,65.0,78.0,13.0,LOW,2026-09-14 22:11:32.127304
AWB118056,BATCH-D,DTDC,M-014,Lucknow,Tier-3,EXCESS_FORWARD_CHARGE,95.0,114.0,19.0,LOW,2026-09-14 22:11:32.127304
AWB118067,BATCH-C,Bluedart,M-003,Jaipur,Tier-3,WEIGHT_DISPUTE,0.57,0.7,7.0,LOW,2026-09-14 22:11:31.453814
AWB118071,BATCH-A,DTDC,M-016,Jaipur,Tier-3,EXCESS_FORWARD_CHARGE,65.0,78.0,13.0,LOW,2026-09-14 22:11:32.127304
AWB118074,BATCH-D,Delhivery,M-004,Delhi,Tier-1,COD_SHORT_REMITTANCE,5711.0,5498.0,213.0,MEDIUM,2026-09-14 22:10:12.726074
AWB118079,BATCH-D,DTDC,M-001,Delhi,Tier-1,EXCESS_FORWARD_CHARGE,95.0,114.0,19.0,LOW,2026-09-14 22:11:32.127304
AWB118082,BATCH-C,DTDC,M-010,Lucknow,Tier-3,EXCESS_FORWARD_CHARGE,65.0,78.0,13.0,LOW,2026-09-14 22:11:32.127304
AWB118086,BATCH-A,DTDC,M-018,Jaipur,Tier-3,PHANTOM_RTO_CHARGE,0.0,204.0,204.0,MEDIUM,2026-09-14 22:11:31.631484
AWB118087,BATCH-D,Bluedart,M-013,Jaipur,Tier-3,WEIGHT_DISPUTE,4.2,5.38,71.0,LOW,2026-09-14 22:11:31.453814
AWB118090,BATCH-A,Bluedart,M-007,Jaipur,Tier-3,WEIGHT_DISPUTE,3.52,4.35,49.0,LOW,2026-09-14 22:11:31.453814
AWB118091,BATCH-D,Shiprocket,M-010,Indore,Tier-2,PHANTOM_RTO_CHARGE,0.0,141.0,141.0,MEDIUM,2026-09-14 22:11:31.631484
AWB118095,BATCH-B,Bluedart,M-016,Lucknow,Tier-3,WEIGHT_DISPUTE,3.31,4.2,54.0,LOW,2026-09-14 22:11:31.453814
AWB118098,BATCH-D,Shiprocket,M-020,Delhi,Tier-1,OVERDUE_REMITTANCE,14.0,18.0,0.0,MEDIUM,2026-09-14 22:11:31.791087
AWB118107,BATCH-C,Delhivery,M-009,Jaipur,Tier-3,PHANTOM_RTO_CHARGE,0.0,231.0,231.0,MEDIUM,2026-09-14 22:11:31.631484
AWB118113,BATCH-B,Shiprocket,M-006,Delhi,Tier-1,OVERDUE_REMITTANCE,14.0,24.0,3934.0,MEDIUM,2026-09-14 22:11:31.791087
AWB118119,BATCH-A,Kwikship,M-006,Lucknow,Tier-3,ETA_SLA_BREACH,72.0,131.4,0.0,LOW,2026-09-14 22:11:32.038362
AWB118121,BATCH-C,Bluedart,M-004,Pune,Tier-2,DUPLICATE_SETTLEMENT,1.0,2.0,2108.0,HIGH,2026-09-14 22:11:31.913657
AWB118121,BATCH-DUP,Bluedart,M-004,Pune,Tier-2,DUPLICATE_SETTLEMENT,1.0,2.0,2108.0,HIGH,2026-09-14 22:11:31.913657
AWB118126,BATCH-B,Bluedart,M-003,Lucknow,Tier-3,WEIGHT_DISPUTE,7.53,9.07,93.0,LOW,2026-09-14 22:11:31.453814
AWB118127,BATCH-C,Bluedart,M-003,Lucknow,Tier-3,PHANTOM_RTO_CHARGE,0.0,214.0,214.0,MEDIUM,2026-09-14 22:11:31.631484
AWB118127,BATCH-C,Bluedart,M-003,Lucknow,Tier-3,WEIGHT_DISPUTE,2.39,3.0,37.0,LOW,2026-09-14 22:11:31.453814
AWB118128,BATCH-C,Delhivery,M-016,Jaipur,Tier-3,COD_SHORT_REMITTANCE,4966.0,4807.0,159.0,MEDIUM,2026-09-14 22:10:12.726074
AWB118135,BATCH-D,Shiprocket,M-015,Lucknow,Tier-3,OVERDUE_REMITTANCE,14.0,20.0,1367.0,MEDIUM,2026-09-14 22:11:31.791087
AWB118137,BATCH-C,DTDC,M-002,Pune,Tier-2,EXCESS_FORWARD_CHARGE,95.0,114.0,19.0,LOW,2026-09-14 22:11:32.127304
AWB118144,BATCH-D,Bluedart,M-012,Mumbai,Tier-1,PHANTOM_RTO_CHARGE,0.0,222.0,222.0,MEDIUM,2026-09-14 22:11:31.631484
AWB118160,BATCH-B,Bluedart,M-016,Mumbai,Tier-1,DUPLICATE_SETTLEMENT,1.0,2.0,0.0,HIGH,2026-09-14 22:11:31.913657
AWB118160,BATCH-DUP,Bluedart,M-016,Mumbai,Tier-1,DUPLICATE_SETTLEMENT,1.0,2.0,0.0,HIGH,2026-09-14 22:11:31.913657
AWB118170,BATCH-A,Bluedart,M-012,Jaipur,Tier-3,WEIGHT_DISPUTE,0.58,0.75,10.0,LOW,2026-09-14 22:11:31.453814
AWB118171,BATCH-C,DTDC,M-006,Mumbai,Tier-1,EXCESS_FORWARD_CHARGE,65.0,78.0,13.0,LOW,2026-09-14 22:11:32.127304
AWB118175,BATCH-D,DTDC,M-005,Jaipur,Tier-3,PHANTOM_RTO_CHARGE,0.0,159.0,159.0,MEDIUM,2026-09-14 22:11:31.631484
AWB118184,BATCH-C,Delhivery,M-018,Mumbai,Tier-1,PHANTOM_RTO_CHARGE,0.0,153.0,153.0,MEDIUM,2026-09-14 22:11:31.631484
AWB118185,BATCH-C,Delhivery,M-020,Mumbai,Tier-1,DUPLICATE_SETTLEMENT,1.0,2.0,0.0,HIGH,2026-09-14 22:11:31.913657
AWB118185,BATCH-C,Delhivery,M-020,Mumbai,Tier-1,PHANTOM_RTO_CHARGE,0.0,203.0,203.0,MEDIUM,2026-09-14 22:11:31.631484
AWB118185,BATCH-DUP,Delhivery,M-020,Mumbai,Tier-1,DUPLICATE_SETTLEMENT,1.0,2.0,0.0,HIGH,2026-09-14 22:11:31.913657
AWB118185,BATCH-DUP,Delhivery,M-020,Mumbai,Tier-1,PHANTOM_RTO_CHARGE,0.0,203.0,203.0,MEDIUM,2026-09-14 22:11:31.631484
AWB118195,BATCH-A,Shiprocket,M-006,Pune,Tier-2,DUPLICATE_SETTLEMENT,1.0,2.0,0.0,HIGH,2026-09-14 22:11:31.913657
AWB118195,BATCH-DUP,Shiprocket,M-006,Pune,Tier-2,DUPLICATE_SETTLEMENT,1.0,2.0,0.0,HIGH,2026-09-14 22:11:31.913657
AWB118198,BATCH-D,Delhivery,M-008,Lucknow,Tier-3,PHANTOM_RTO_CHARGE,0.0,184.0,184.0,MEDIUM,2026-09-14 22:11:31.631484
AWB118202,BATCH-B,Shiprocket,M-015,Pune,Tier-2,OVERDUE_REMITTANCE,14.0,23.0,2958.0,MEDIUM,2026-09-14 22:11:31.791087
AWB118205,BATCH-A,DTDC,M-020,Jaipur,Tier-3,EXCESS_FORWARD_CHARGE,95.0,114.0,19.0,LOW,2026-09-14 22:11:32.127304
AWB118212,BATCH-D,Bluedart,M-002,Jaipur,Tier-3,WEIGHT_DISPUTE,6.22,7.65,86.0,LOW,2026-09-14 22:11:31.453814
AWB118214,BATCH-C,DTDC,M-015,Mumbai,Tier-1,EXCESS_FORWARD_CHARGE,65.0,78.0,13.0,LOW,2026-09-14 22:11:32.127304
AWB118217,BATCH-A,Shiprocket,M-012,Jaipur,Tier-3,OVERDUE_REMITTANCE,14.0,18.0,0.0,MEDIUM,2026-09-14 22:11:31.791087
AWB118218,BATCH-D,Bluedart,M-010,Jaipur,Tier-3,WEIGHT_DISPUTE,2.85,3.54,41.0,LOW,2026-09-14 22:11:31.453814
AWB118220,BATCH-D,Shiprocket,M-020,Indore,Tier-2,PHANTOM_RTO_CHARGE,0.0,135.0,135.0,MEDIUM,2026-09-14 22:11:31.631484
AWB118221,BATCH-B,DTDC,M-017,Lucknow,Tier-3,EXCESS_FORWARD_CHARGE,95.0,114.0,19.0,LOW,2026-09-14 22:11:32.127304
AWB118225,BATCH-D,Delhivery,M-011,Lucknow,Tier-3,COD_SHORT_REMITTANCE,4999.0,4656.0,343.0,MEDIUM,2026-09-14 22:10:12.726074
AWB118226,BATCH-B,Delhivery,M-002,Mumbai,Tier-1,PHANTOM_RTO_CHARGE,0.0,202.0,202.0,MEDIUM,2026-09-14 22:11:31.631484
AWB118228,BATCH-A,DTDC,M-010,Pune,Tier-2,EXCESS_FORWARD_CHARGE,42.0,50.0,8.0,LOW,2026-09-14 22:11:32.127304
AWB118233,BATCH-C,DTDC,M-012,Lucknow,Tier-3,PHANTOM_RTO_CHARGE,0.0,240.0,240.0,MEDIUM,2026-09-14 22:11:31.631484
AWB118236,BATCH-A,DTDC,M-017,Jaipur,Tier-3,EXCESS_FORWARD_CHARGE,95.0,114.0,19.0,LOW,2026-09-14 22:11:32.127304
AWB118236,BATCH-A,DTDC,M-017,Jaipur,Tier-3,PHANTOM_RTO_CHARGE,0.0,109.0,109.0,MEDIUM,2026-09-14 22:11:31.631484
AWB118242,BATCH-B,Kwikship,M-004,Jaipur,Tier-3,ETA_SLA_BREACH,72.0,125.4,0.0,LOW,2026-09-14 22:11:32.038362
AWB118244,BATCH-C,Bluedart,M-017,Pune,Tier-2,PHANTOM_RTO_CHARGE,0.0,147.0,147.0,MEDIUM,2026-09-14 22:11:31.631484
AWB118247,BATCH-A,DTDC,M-006,Pune,Tier-2,EXCESS_FORWARD_CHARGE,95.0,114.0,19.0,LOW,2026-09-14 22:11:32.127304
AWB118248,BATCH-A,Kwikship,M-003,Delhi,Tier-1,PHANTOM_RTO_CHARGE,0.0,192.0,192.0,MEDIUM,2026-09-14 22:11:31.631484
AWB118249,BATCH-B,Delhivery,M-005,Delhi,Tier-1,COD_SHORT_REMITTANCE,4326.0,4001.0,325.0,MEDIUM,2026-09-14 22:10:12.726074
AWB118253,BATCH-D,DTDC,M-007,Pune,Tier-2,EXCESS_FORWARD_CHARGE,95.0,114.0,19.0,LOW,2026-09-14 22:11:32.127304
AWB118257,BATCH-C,DTDC,M-015,Pune,Tier-2,EXCESS_FORWARD_CHARGE,95.0,114.0,19.0,LOW,2026-09-14 22:11:32.127304
AWB118259,BATCH-C,DTDC,M-008,Indore,Tier-2,EXCESS_FORWARD_CHARGE,95.0,114.0,19.0,LOW,2026-09-14 22:11:32.127304
AWB118260,BATCH-C,DTDC,M-004,Indore,Tier-2,EXCESS_FORWARD_CHARGE,95.0,114.0,19.0,LOW,2026-09-14 22:11:32.127304
AWB118268,BATCH-A,DTDC,M-003,Jaipur,Tier-3,EXCESS_FORWARD_CHARGE,95.0,114.0,19.0,LOW,2026-09-14 22:11:32.127304
AWB118271,BATCH-D,Delhivery,M-009,Delhi,Tier-1,COD_SHORT_REMITTANCE,5465.0,5104.0,361.0,MEDIUM,2026-09-14 22:10:12.726074
AWB118272,BATCH-D,DTDC,M-015,Lucknow,Tier-3,EXCESS_FORWARD_CHARGE,65.0,78.0,13.0,LOW,2026-09-14 22:11:32.127304
AWB118275,BATCH-B,Delhivery,M-007,Jaipur,Tier-3,COD_SHORT_REMITTANCE,3151.0,2935.0,216.0,MEDIUM,2026-09-14 22:10:12.726074
AWB118276,BATCH-D,Bluedart,M-016,Lucknow,Tier-3,WEIGHT_DISPUTE,7.44,9.1,100.0,LOW,2026-09-14 22:11:31.453814
AWB118278,BATCH-C,DTDC,M-008,Lucknow,Tier-3,EXCESS_FORWARD_CHARGE,95.0,114.0,19.0,LOW,2026-09-14 22:11:32.127304
AWB118281,BATCH-A,DTDC,M-001,Indore,Tier-2,PHANTOM_RTO_CHARGE,0.0,127.0,127.0,MEDIUM,2026-09-14 22:11:31.631484
AWB118282,BATCH-C,DTDC,M-015,Pune,Tier-2,EXCESS_FORWARD_CHARGE,95.0,114.0,19.0,LOW,2026-09-14 22:11:32.127304
AWB118284,BATCH-B,Bluedart,M-001,Lucknow,Tier-3,PHANTOM_RTO_CHARGE,0.0,144.0,144.0,MEDIUM,2026-09-14 22:11:31.631484
AWB118285,BATCH-D,Delhivery,M-018,Pune,Tier-2,COD_SHORT_REMITTANCE,4757.0,4599.0,158.0,MEDIUM,2026-09-14 22:10:12.726074
AWB118295,BATCH-B,Bluedart,M-015,Jaipur,Tier-3,PHANTOM_RTO_CHARGE,0.0,142.0,142.0,MEDIUM,2026-09-14 22:11:31.631484
AWB118298,BATCH-B,Kwikship,M-006,Lucknow,Tier-3,ETA_SLA_BREACH,72.0,108.0,0.0,LOW,2026-09-14 22:11:32.038362
AWB118305,BATCH-A,Bluedart,M-016,Lucknow,Tier-3,WEIGHT_DISPUTE,7.73,9.7,118.0,MEDIUM,2026-09-14 22:11:31.453814
AWB118306,BATCH-A,Shiprocket,M-012,Pune,Tier-2,PHANTOM_RTO_CHARGE,0.0,138.0,138.0,MEDIUM,2026-09-14 22:11:31.631484
AWB118313,BATCH-D,Bluedart,M-005,Delhi,Tier-1,DUPLICATE_SETTLEMENT,1.0,2.0,0.0,HIGH,2026-09-14 22:11:31.913657
AWB118313,BATCH-DUP,Bluedart,M-005,Delhi,Tier-1,DUPLICATE_SETTLEMENT,1.0,2.0,0.0,HIGH,2026-09-14 22:11:31.913657
AWB118315,BATCH-C,DTDC,M-007,Indore,Tier-2,EXCESS_FORWARD_CHARGE,95.0,114.0,19.0,LOW,2026-09-14 22:11:32.127304
AWB118316,BATCH-C,Bluedart,M-008,Jaipur,Tier-3,WEIGHT_DISPUTE,3.77,4.89,67.0,LOW,2026-09-14 22:11:31.453814
AWB118317,BATCH-A,Delhivery,M-007,Jaipur,Tier-3,PHANTOM_RTO_CHARGE,0.0,126.0,126.0,MEDIUM,2026-09-14 22:11:31.631484
AWB118320,BATCH-D,Bluedart,M-003,Jaipur,Tier-3,WEIGHT_DISPUTE,6.03,7.38,81.0,LOW,2026-09-14 22:11:31.453814
AWB118323,BATCH-D,DTDC,M-006,Lucknow,Tier-3,EXCESS_FORWARD_CHARGE,65.0,78.0,13.0,LOW,2026-09-14 22:11:32.127304
AWB118330,BATCH-A,Delhivery,M-002,Jaipur,Tier-3,COD_SHORT_REMITTANCE,4012.0,3813.0,199.0,MEDIUM,2026-09-14 22:10:12.726074
AWB118334,BATCH-A,Bluedart,M-004,Lucknow,Tier-3,WEIGHT_DISPUTE,7.27,9.01,105.0,MEDIUM,2026-09-14 22:11:31.453814
AWB118342,BATCH-B,Delhivery,M-009,Indore,Tier-2,DUPLICATE_SETTLEMENT,1.0,2.0,3550.0,HIGH,2026-09-14 22:11:31.913657
AWB118342,BATCH-DUP,Delhivery,M-009,Indore,Tier-2,DUPLICATE_SETTLEMENT,1.0,2.0,3550.0,HIGH,2026-09-14 22:11:31.913657
AWB118347,BATCH-C,DTDC,M-015,Jaipur,Tier-3,DUPLICATE_SETTLEMENT,1.0,2.0,2336.0,HIGH,2026-09-14 22:11:31.913657
AWB118347,BATCH-DUP,DTDC,M-015,Jaipur,Tier-3,DUPLICATE_SETTLEMENT,1.0,2.0,2336.0,HIGH,2026-09-14 22:11:31.913657
AWB118351,BATCH-B,Shiprocket,M-013,Pune,Tier-2,OVERDUE_REMITTANCE,14.0,19.0,4829.0,MEDIUM,2026-09-14 22:11:31.791087
AWB118352,BATCH-D,Kwikship,M-003,Lucknow,Tier-3,ETA_SLA_BREACH,72.0,115.5,0.0,LOW,2026-09-14 22:11:32.038362
AWB118354,BATCH-B,Bluedart,M-016,Mumbai,Tier-1,PHANTOM_RTO_CHARGE,0.0,183.0,183.0,MEDIUM,2026-09-14 22:11:31.631484
AWB118358,BATCH-C,Delhivery,M-018,Delhi,Tier-1,COD_SHORT_REMITTANCE,5444.0,5215.0,229.0,MEDIUM,2026-09-14 22:10:12.726074
AWB118367,BATCH-D,DTDC,M-008,Mumbai,Tier-1,EXCESS_FORWARD_CHARGE,95.0,114.0,19.0,LOW,2026-09-14 22:11:32.127304
AWB118368,BATCH-A,Kwikship,M-020,Jaipur,Tier-3,ETA_SLA_BREACH,72.0,108.7,0.0,LOW,2026-09-14 22:11:32.038362
AWB118370,BATCH-B,Delhivery,M-004,Indore,Tier-2,COD_SHORT_REMITTANCE,4135.0,3872.0,263.0,MEDIUM,2026-09-14 22:10:12.726074
AWB118370,BATCH-B,Delhivery,M-004,Indore,Tier-2,DUPLICATE_SETTLEMENT,1.0,2.0,3872.0,HIGH,2026-09-14 22:11:31.913657
AWB118370,BATCH-DUP,Delhivery,M-004,Indore,Tier-2,COD_SHORT_REMITTANCE,4135.0,3872.0,263.0,MEDIUM,2026-09-14 22:10:12.726074
AWB118370,BATCH-DUP,Delhivery,M-004,Indore,Tier-2,DUPLICATE_SETTLEMENT,1.0,2.0,3872.0,HIGH,2026-09-14 22:11:31.913657
AWB118376,BATCH-C,DTDC,M-001,Pune,Tier-2,EXCESS_FORWARD_CHARGE,95.0,114.0,19.0,LOW,2026-09-14 22:11:32.127304
AWB118378,BATCH-D,Delhivery,M-011,Mumbai,Tier-1,COD_SHORT_REMITTANCE,4016.0,3773.0,243.0,MEDIUM,2026-09-14 22:10:12.726074
AWB118380,BATCH-D,Bluedart,M-004,Mumbai,Tier-1,PHANTOM_RTO_CHARGE,0.0,116.0,116.0,MEDIUM,2026-09-14 22:11:31.631484
AWB118385,BATCH-A,Delhivery,M-019,Delhi,Tier-1,COD_SHORT_REMITTANCE,4991.0,4687.0,304.0,MEDIUM,2026-09-14 22:10:12.726074
AWB118386,BATCH-D,Shiprocket,M-006,Indore,Tier-2,OVERDUE_REMITTANCE,14.0,20.0,0.0,MEDIUM,2026-09-14 22:11:31.791087
AWB118386,BATCH-D,Shiprocket,M-006,Indore,Tier-2,PHANTOM_RTO_CHARGE,0.0,151.0,151.0,MEDIUM,2026-09-14 22:11:31.631484
AWB118399,BATCH-B,DTDC,M-011,Jaipur,Tier-3,EXCESS_FORWARD_CHARGE,95.0,114.0,19.0,LOW,2026-09-14 22:11:32.127304
AWB118401,BATCH-C,Bluedart,M-019,Lucknow,Tier-3,WEIGHT_DISPUTE,1.1,1.4,18.0,LOW,2026-09-14 22:11:31.453814
AWB118405,BATCH-B,Kwikship,M-018,Jaipur,Tier-3,ETA_SLA_BREACH,72.0,128.2,0.0,LOW,2026-09-14 22:11:32.038362
AWB118410,BATCH-A,DTDC,M-009,Delhi,Tier-1,EXCESS_FORWARD_CHARGE,65.0,78.0,13.0,LOW,2026-09-14 22:11:32.127304
AWB118420,BATCH-C,DTDC,M-014,Delhi,Tier-1,EXCESS_FORWARD_CHARGE,95.0,114.0,19.0,LOW,2026-09-14 22:11:32.127304
AWB118422,BATCH-B,Bluedart,M-005,Lucknow,Tier-3,WEIGHT_DISPUTE,5.66,7.43,106.0,MEDIUM,2026-09-14 22:11:31.453814
AWB118427,BATCH-C,Delhivery,M-015,Jaipur,Tier-3,COD_SHORT_REMITTANCE,3642.0,3441.0,201.0,MEDIUM,2026-09-14 22:10:12.726074
AWB118428,BATCH-D,Delhivery,M-018,Pune,Tier-2,PHANTOM_RTO_CHARGE,0.0,239.0,239.0,MEDIUM,2026-09-14 22:11:31.631484
AWB118429,BATCH-A,Shiprocket,M-011,Delhi,Tier-1,OVERDUE_REMITTANCE,14.0,23.0,0.0,MEDIUM,2026-09-14 22:11:31.791087
AWB118437,BATCH-A,Kwikship,M-014,Jaipur,Tier-3,ETA_SLA_BREACH,72.0,118.9,0.0,LOW,2026-09-14 22:11:32.038362
AWB118442,BATCH-D,Bluedart,M-001,Indore,Tier-2,PHANTOM_RTO_CHARGE,0.0,141.0,141.0,MEDIUM,2026-09-14 22:11:31.631484
AWB118451,BATCH-D,DTDC,M-006,Lucknow,Tier-3,EXCESS_FORWARD_CHARGE,95.0,114.0,19.0,LOW,2026-09-14 22:11:32.127304
AWB118459,BATCH-D,DTDC,M-002,Pune,Tier-2,EXCESS_FORWARD_CHARGE,95.0,114.0,19.0,LOW,2026-09-14 22:11:32.127304
AWB118462,BATCH-A,Delhivery,M-010,Pune,Tier-2,COD_SHORT_REMITTANCE,3999.0,3833.0,166.0,MEDIUM,2026-09-14 22:10:12.726074
AWB118462,BATCH-A,Delhivery,M-010,Pune,Tier-2,PHANTOM_RTO_CHARGE,0.0,154.0,154.0,MEDIUM,2026-09-14 22:11:31.631484
AWB118463,BATCH-A,Delhivery,M-003,Jaipur,Tier-3,COD_SHORT_REMITTANCE,5195.0,4812.0,383.0,MEDIUM,2026-09-14 22:10:12.726074
AWB118465,BATCH-B,DTDC,M-007,Jaipur,Tier-3,EXCESS_FORWARD_CHARGE,95.0,114.0,19.0,LOW,2026-09-14 22:11:32.127304
AWB118465,BATCH-B,DTDC,M-007,Jaipur,Tier-3,PHANTOM_RTO_CHARGE,0.0,233.0,233.0,MEDIUM,2026-09-14 22:11:31.631484
AWB118470,BATCH-A,Bluedart,M-006,Jaipur,Tier-3,WEIGHT_DISPUTE,5.67,7.44,106.0,MEDIUM,2026-09-14 22:11:31.453814
AWB118481,BATCH-B,Shiprocket,M-005,Jaipur,Tier-3,OVERDUE_REMITTANCE,14.0,19.0,3044.0,MEDIUM,2026-09-14 22:11:31.791087
AWB118483,BATCH-D,DTDC,M-020,Pune,Tier-2,EXCESS_FORWARD_CHARGE,95.0,114.0,19.0,LOW,2026-09-14 22:11:32.127304
AWB118494,BATCH-B,DTDC,M-005,Delhi,Tier-1,EXCESS_FORWARD_CHARGE,95.0,114.0,19.0,LOW,2026-09-14 22:11:32.127304
AWB118494,BATCH-B,DTDC,M-005,Delhi,Tier-1,PHANTOM_RTO_CHARGE,0.0,182.0,182.0,MEDIUM,2026-09-14 22:11:31.631484
AWB118499,BATCH-A,DTDC,M-004,Pune,Tier-2,EXCESS_FORWARD_CHARGE,95.0,114.0,19.0,LOW,2026-09-14 22:11:32.127304
AWB118504,BATCH-C,Kwikship,M-001,Lucknow,Tier-3,ETA_SLA_BREACH,72.0,131.0,0.0,LOW,2026-09-14 22:11:32.038362
AWB118508,BATCH-D,DTDC,M-012,Lucknow,Tier-3,PHANTOM_RTO_CHARGE,0.0,207.0,207.0,MEDIUM,2026-09-14 22:11:31.631484
AWB118509,BATCH-B,DTDC,M-018,Jaipur,Tier-3,EXCESS_FORWARD_CHARGE,95.0,114.0,19.0,LOW,2026-09-14 22:11:32.127304
AWB118513,BATCH-C,Delhivery,M-001,Mumbai,Tier-1,COD_SHORT_REMITTANCE,3055.0,2925.0,130.0,MEDIUM,2026-09-14 22:10:12.726074
AWB118514,BATCH-D,Shiprocket,M-010,Lucknow,Tier-3,OVERDUE_REMITTANCE,14.0,18.0,0.0,MEDIUM,2026-09-14 22:11:31.791087
AWB118518,BATCH-B,Bluedart,M-015,Lucknow,Tier-3,WEIGHT_DISPUTE,5.32,6.34,61.0,LOW,2026-09-14 22:11:31.453814
AWB118523,BATCH-B,Delhivery,M-011,Jaipur,Tier-3,PHANTOM_RTO_CHARGE,0.0,106.0,106.0,MEDIUM,2026-09-14 22:11:31.631484
AWB118534,BATCH-B,Bluedart,M-004,Jaipur,Tier-3,WEIGHT_DISPUTE,5.56,6.7,69.0,LOW,2026-09-14 22:11:31.453814
AWB118538,BATCH-D,Kwikship,M-004,Lucknow,Tier-3,ETA_SLA_BREACH,72.0,124.8,0.0,LOW,2026-09-14 22:11:32.038362
AWB118542,BATCH-D,Kwikship,M-017,Lucknow,Tier-3,DUPLICATE_SETTLEMENT,1.0,2.0,0.0,HIGH,2026-09-14 22:11:31.913657
AWB118542,BATCH-D,Kwikship,M-017,Lucknow,Tier-3,ETA_SLA_BREACH,72.0,139.6,0.0,LOW,2026-09-14 22:11:32.038362
AWB118542,BATCH-DUP,Kwikship,M-017,Lucknow,Tier-3,DUPLICATE_SETTLEMENT,1.0,2.0,0.0,HIGH,2026-09-14 22:11:31.913657
AWB118542,BATCH-DUP,Kwikship,M-017,Lucknow,Tier-3,ETA_SLA_BREACH,72.0,139.6,0.0,LOW,2026-09-14 22:11:32.038362
AWB118543,BATCH-A,Delhivery,M-014,Delhi,Tier-1,COD_SHORT_REMITTANCE,5174.0,4877.0,297.0,MEDIUM,2026-09-14 22:10:12.726074
AWB118544,BATCH-B,Shiprocket,M-011,Mumbai,Tier-1,OVERDUE_REMITTANCE,14.0,22.0,4636.0,MEDIUM,2026-09-14 22:11:31.791087
AWB118545,BATCH-C,DTDC,M-001,Jaipur,Tier-3,EXCESS_FORWARD_CHARGE,95.0,114.0,19.0,LOW,2026-09-14 22:11:32.127304
AWB118546,BATCH-B,DTDC,M-008,Jaipur,Tier-3,EXCESS_FORWARD_CHARGE,95.0,114.0,19.0,LOW,2026-09-14 22:11:32.127304
AWB118548,BATCH-B,Delhivery,M-004,Delhi,Tier-1,COD_SHORT_REMITTANCE,5199.0,4977.0,222.0,MEDIUM,2026-09-14 22:10:12.726074
AWB118550,BATCH-B,Kwikship,M-007,Mumbai,Tier-1,PHANTOM_RTO_CHARGE,0.0,199.0,199.0,MEDIUM,2026-09-14 22:11:31.631484
AWB118551,BATCH-B,Shiprocket,M-011,Mumbai,Tier-1,PHANTOM_RTO_CHARGE,0.0,244.0,244.0,MEDIUM,2026-09-14 22:11:31.631484
AWB118554,BATCH-A,Delhivery,M-017,Indore,Tier-2,PHANTOM_RTO_CHARGE,0.0,157.0,157.0,MEDIUM,2026-09-14 22:11:31.631484
AWB118558,BATCH-D,Bluedart,M-007,Delhi,Tier-1,PHANTOM_RTO_CHARGE,0.0,159.0,159.0,MEDIUM,2026-09-14 22:11:31.631484
AWB118559,BATCH-D,Shiprocket,M-019,Mumbai,Tier-1,OVERDUE_REMITTANCE,14.0,22.0,2369.0,MEDIUM,2026-09-14 22:11:31.791087
AWB118561,BATCH-C,Kwikship,M-010,Mumbai,Tier-1,PHANTOM_RTO_CHARGE,0.0,161.0,161.0,MEDIUM,2026-09-14 22:11:31.631484
AWB118569,BATCH-D,DTDC,M-008,Indore,Tier-2,EXCESS_FORWARD_CHARGE,95.0,114.0,19.0,LOW,2026-09-14 22:11:32.127304
AWB118570,BATCH-A,Shiprocket,M-017,Mumbai,Tier-1,PHANTOM_RTO_CHARGE,0.0,118.0,118.0,MEDIUM,2026-09-14 22:11:31.631484
AWB118571,BATCH-C,Kwikship,M-003,Indore,Tier-2,PHANTOM_RTO_CHARGE,0.0,245.0,245.0,MEDIUM,2026-09-14 22:11:31.631484
AWB118574,BATCH-A,Kwikship,M-017,Jaipur,Tier-3,ETA_SLA_BREACH,72.0,103.8,0.0,LOW,2026-09-14 22:11:32.038362
AWB118575,BATCH-C,Kwikship,M-005,Lucknow,Tier-3,PHANTOM_RTO_CHARGE,0.0,244.0,244.0,MEDIUM,2026-09-14 22:11:31.631484
AWB118576,BATCH-A,Delhivery,M-003,Indore,Tier-2,COD_SHORT_REMITTANCE,4894.0,4596.0,298.0,MEDIUM,2026-09-14 22:10:12.726074
AWB118577,BATCH-A,DTDC,M-006,Pune,Tier-2,EXCESS_FORWARD_CHARGE,65.0,78.0,13.0,LOW,2026-09-14 22:11:32.127304
AWB118579,BATCH-C,Bluedart,M-009,Lucknow,Tier-3,WEIGHT_DISPUTE,6.3,7.72,85.0,LOW,2026-09-14 22:11:31.453814
AWB118584,BATCH-A,Delhivery,M-007,Jaipur,Tier-3,COD_SHORT_REMITTANCE,5914.0,5579.0,335.0,MEDIUM,2026-09-14 22:10:12.726074
AWB118584,BATCH-A,Delhivery,M-007,Jaipur,Tier-3,PHANTOM_RTO_CHARGE,0.0,162.0,162.0,MEDIUM,2026-09-14 22:11:31.631484
AWB118588,BATCH-B,Kwikship,M-008,Jaipur,Tier-3,DUPLICATE_SETTLEMENT,1.0,2.0,5991.0,HIGH,2026-09-14 22:11:31.913657
AWB118588,BATCH-B,Kwikship,M-008,Jaipur,Tier-3,ETA_SLA_BREACH,72.0,120.4,0.0,LOW,2026-09-14 22:11:32.038362
AWB118588,BATCH-DUP,Kwikship,M-008,Jaipur,Tier-3,DUPLICATE_SETTLEMENT,1.0,2.0,5991.0,HIGH,2026-09-14 22:11:31.913657
AWB118588,BATCH-DUP,Kwikship,M-008,Jaipur,Tier-3,ETA_SLA_BREACH,72.0,120.4,0.0,LOW,2026-09-14 22:11:32.038362
AWB118592,BATCH-C,DTDC,M-014,Indore,Tier-2,EXCESS_FORWARD_CHARGE,95.0,114.0,19.0,LOW,2026-09-14 22:11:32.127304
AWB118593,BATCH-A,Kwikship,M-008,Lucknow,Tier-3,ETA_SLA_BREACH,72.0,139.0,0.0,LOW,2026-09-14 22:11:32.038362
AWB118595,BATCH-C,Kwikship,M-004,Jaipur,Tier-3,ETA_SLA_BREACH,72.0,109.0,0.0,LOW,2026-09-14 22:11:32.038362
AWB118596,BATCH-B,Bluedart,M-011,Lucknow,Tier-3,WEIGHT_DISPUTE,1.27,1.6,20.0,LOW,2026-09-14 22:11:31.453814
AWB118600,BATCH-D,Bluedart,M-006,Jaipur,Tier-3,WEIGHT_DISPUTE,2.91,3.83,55.0,LOW,2026-09-14 22:11:31.453814
AWB118608,BATCH-C,DTDC,M-018,Jaipur,Tier-3,EXCESS_FORWARD_CHARGE,95.0,114.0,19.0,LOW,2026-09-14 22:11:32.127304
AWB118622,BATCH-B,DTDC,M-002,Mumbai,Tier-1,EXCESS_FORWARD_CHARGE,95.0,114.0,19.0,LOW,2026-09-14 22:11:32.127304
AWB118626,BATCH-B,Kwikship,M-018,Indore,Tier-2,PHANTOM_RTO_CHARGE,0.0,117.0,117.0,MEDIUM,2026-09-14 22:11:31.631484
AWB118627,BATCH-C,Bluedart,M-010,Indore,Tier-2,PHANTOM_RTO_CHARGE,0.0,171.0,171.0,MEDIUM,2026-09-14 22:11:31.631484
AWB118628,BATCH-A,Kwikship,M-015,Delhi,Tier-1,PHANTOM_RTO_CHARGE,0.0,153.0,153.0,MEDIUM,2026-09-14 22:11:31.631484
AWB118631,BATCH-A,Delhivery,M-016,Indore,Tier-2,COD_SHORT_REMITTANCE,5565.0,5265.0,300.0,MEDIUM,2026-09-14 22:10:12.726074
AWB118633,BATCH-C,DTDC,M-003,Mumbai,Tier-1,EXCESS_FORWARD_CHARGE,42.0,50.0,8.0,LOW,2026-09-14 22:11:32.127304
AWB118635,BATCH-A,DTDC,M-005,Jaipur,Tier-3,EXCESS_FORWARD_CHARGE,95.0,114.0,19.0,LOW,2026-09-14 22:11:32.127304
AWB118637,BATCH-A,Kwikship,M-020,Mumbai,Tier-1,DUPLICATE_SETTLEMENT,1.0,2.0,0.0,HIGH,2026-09-14 22:11:31.913657
AWB118637,BATCH-DUP,Kwikship,M-020,Mumbai,Tier-1,DUPLICATE_SETTLEMENT,1.0,2.0,0.0,HIGH,2026-09-14 22:11:31.913657
AWB118638,BATCH-D,Delhivery,M-015,Mumbai,Tier-1,COD_SHORT_REMITTANCE,4210.0,4007.0,203.0,MEDIUM,2026-09-14 22:10:12.726074
AWB118644,BATCH-D,DTDC,M-007,Lucknow,Tier-3,PHANTOM_RTO_CHARGE,0.0,201.0,201.0,MEDIUM,2026-09-14 22:11:31.631484
AWB118646,BATCH-B,Shiprocket,M-014,Indore,Tier-2,OVERDUE_REMITTANCE,14.0,18.0,3060.0,MEDIUM,2026-09-14 22:11:31.791087
AWB118649,BATCH-A,Bluedart,M-005,Jaipur,Tier-3,WEIGHT_DISPUTE,4.69,5.6,55.0,LOW,2026-09-14 22:11:31.453814
AWB118650,BATCH-A,DTDC,M-005,Delhi,Tier-1,EXCESS_FORWARD_CHARGE,95.0,114.0,19.0,LOW,2026-09-14 22:11:32.127304
AWB118650,BATCH-A,DTDC,M-005,Delhi,Tier-1,PHANTOM_RTO_CHARGE,0.0,124.0,124.0,MEDIUM,2026-09-14 22:11:31.631484
AWB118653,BATCH-A,Shiprocket,M-012,Delhi,Tier-1,OVERDUE_REMITTANCE,14.0,19.0,0.0,MEDIUM,2026-09-14 22:11:31.791087
AWB118653,BATCH-A,Shiprocket,M-012,Delhi,Tier-1,PHANTOM_RTO_CHARGE,0.0,115.0,115.0,MEDIUM,2026-09-14 22:11:31.631484
AWB118654,BATCH-A,DTDC,M-004,Jaipur,Tier-3,EXCESS_FORWARD_CHARGE,95.0,114.0,19.0,LOW,2026-09-14 22:11:32.127304
AWB118660,BATCH-C,Kwikship,M-011,Pune,Tier-2,PHANTOM_RTO_CHARGE,0.0,214.0,214.0,MEDIUM,2026-09-14 22:11:31.631484
AWB118662,BATCH-B,Delhivery,M-004,Mumbai,Tier-1,COD_SHORT_REMITTANCE,3258.0,3012.0,246.0,MEDIUM,2026-09-14 22:10:12.726074
AWB118668,BATCH-B,Bluedart,M-007,Pune,Tier-2,PHANTOM_RTO_CHARGE,0.0,118.0,118.0,MEDIUM,2026-09-14 22:11:31.631484
AWB118669,BATCH-B,Kwikship,M-012,Lucknow,Tier-3,ETA_SLA_BREACH,72.0,104.7,0.0,LOW,2026-09-14 22:11:32.038362
AWB118671,BATCH-C,Bluedart,M-013,Jaipur,Tier-3,WEIGHT_DISPUTE,3.91,4.9,60.0,LOW,2026-09-14 22:11:31.453814
AWB118677,BATCH-C,Delhivery,M-004,Indore,Tier-2,COD_SHORT_REMITTANCE,4233.0,3900.0,333.0,MEDIUM,2026-09-14 22:10:12.726074
AWB118680,BATCH-B,DTDC,M-009,Mumbai,Tier-1,EXCESS_FORWARD_CHARGE,95.0,114.0,19.0,LOW,2026-09-14 22:11:32.127304
AWB118683,BATCH-A,Shiprocket,M-010,Delhi,Tier-1,PHANTOM_RTO_CHARGE,0.0,188.0,188.0,MEDIUM,2026-09-14 22:11:31.631484
AWB118685,BATCH-A,DTDC,M-013,Mumbai,Tier-1,EXCESS_FORWARD_CHARGE,95.0,114.0,19.0,LOW,2026-09-14 22:11:32.127304
AWB118688,BATCH-C,Shiprocket,M-005,Indore,Tier-2,PHANTOM_RTO_CHARGE,0.0,241.0,241.0,MEDIUM,2026-09-14 22:11:31.631484
AWB118693,BATCH-A,DTDC,M-005,Lucknow,Tier-3,EXCESS_FORWARD_CHARGE,95.0,114.0,19.0,LOW,2026-09-14 22:11:32.127304
AWB118698,BATCH-B,Bluedart,M-004,Lucknow,Tier-3,WEIGHT_DISPUTE,5.6,6.86,75.0,LOW,2026-09-14 22:11:31.453814
AWB118700,BATCH-B,DTDC,M-007,Jaipur,Tier-3,EXCESS_FORWARD_CHARGE,95.0,114.0,19.0,LOW,2026-09-14 22:11:32.127304
AWB118705,BATCH-B,Kwikship,M-015,Indore,Tier-2,PHANTOM_RTO_CHARGE,0.0,227.0,227.0,MEDIUM,2026-09-14 22:11:31.631484
AWB118706,BATCH-B,DTDC,M-010,Delhi,Tier-1,EXCESS_FORWARD_CHARGE,95.0,114.0,19.0,LOW,2026-09-14 22:11:32.127304
AWB118709,BATCH-C,DTDC,M-018,Lucknow,Tier-3,PHANTOM_RTO_CHARGE,0.0,125.0,125.0,MEDIUM,2026-09-14 22:11:31.631484
AWB118714,BATCH-A,DTDC,M-006,Delhi,Tier-1,EXCESS_FORWARD_CHARGE,95.0,114.0,19.0,LOW,2026-09-14 22:11:32.127304
AWB118717,BATCH-B,Bluedart,M-016,Delhi,Tier-1,DUPLICATE_SETTLEMENT,1.0,2.0,0.0,HIGH,2026-09-14 22:11:31.913657
AWB118717,BATCH-DUP,Bluedart,M-016,Delhi,Tier-1,DUPLICATE_SETTLEMENT,1.0,2.0,0.0,HIGH,2026-09-14 22:11:31.913657
AWB118724,BATCH-A,DTDC,M-008,Lucknow,Tier-3,EXCESS_FORWARD_CHARGE,95.0,114.0,19.0,LOW,2026-09-14 22:11:32.127304
AWB118729,BATCH-C,Delhivery,M-019,Delhi,Tier-1,COD_SHORT_REMITTANCE,5429.0,5245.0,184.0,MEDIUM,2026-09-14 22:10:12.726074
AWB118740,BATCH-D,DTDC,M-006,Delhi,Tier-1,EXCESS_FORWARD_CHARGE,95.0,114.0,19.0,LOW,2026-09-14 22:11:32.127304
AWB118741,BATCH-D,DTDC,M-005,Jaipur,Tier-3,EXCESS_FORWARD_CHARGE,95.0,114.0,19.0,LOW,2026-09-14 22:11:32.127304
AWB118743,BATCH-C,Shiprocket,M-009,Pune,Tier-2,OVERDUE_REMITTANCE,14.0,23.0,5594.0,MEDIUM,2026-09-14 22:11:31.791087
AWB118744,BATCH-D,Shiprocket,M-011,Mumbai,Tier-1,OVERDUE_REMITTANCE,14.0,25.0,4239.0,MEDIUM,2026-09-14 22:11:31.791087
AWB118755,BATCH-B,Shiprocket,M-012,Jaipur,Tier-3,PHANTOM_RTO_CHARGE,0.0,127.0,127.0,MEDIUM,2026-09-14 22:11:31.631484
AWB118762,BATCH-D,Delhivery,M-004,Mumbai,Tier-1,PHANTOM_RTO_CHARGE,0.0,197.0,197.0,MEDIUM,2026-09-14 22:11:31.631484
AWB118764,BATCH-D,Delhivery,M-016,Indore,Tier-2,PHANTOM_RTO_CHARGE,0.0,203.0,203.0,MEDIUM,2026-09-14 22:11:31.631484
AWB118768,BATCH-C,Delhivery,M-012,Mumbai,Tier-1,COD_SHORT_REMITTANCE,5002.0,4609.0,393.0,MEDIUM,2026-09-14 22:10:12.726074
AWB118768,BATCH-C,Delhivery,M-012,Mumbai,Tier-1,PHANTOM_RTO_CHARGE,0.0,155.0,155.0,MEDIUM,2026-09-14 22:11:31.631484
AWB118770,BATCH-D,DTDC,M-008,Lucknow,Tier-3,EXCESS_FORWARD_CHARGE,95.0,114.0,19.0,LOW,2026-09-14 22:11:32.127304
AWB118780,BATCH-D,Kwikship,M-009,Delhi,Tier-1,PHANTOM_RTO_CHARGE,0.0,245.0,245.0,MEDIUM,2026-09-14 22:11:31.631484
AWB118787,BATCH-D,Delhivery,M-012,Pune,Tier-2,COD_SHORT_REMITTANCE,4604.0,4452.0,152.0,MEDIUM,2026-09-14 22:10:12.726074
AWB118788,BATCH-B,DTDC,M-004,Indore,Tier-2,EXCESS_FORWARD_CHARGE,42.0,50.0,8.0,LOW,2026-09-14 22:11:32.127304
AWB118791,BATCH-C,Kwikship,M-016,Jaipur,Tier-3,ETA_SLA_BREACH,72.0,143.7,0.0,LOW,2026-09-14 22:11:32.038362
AWB118791,BATCH-C,Kwikship,M-016,Jaipur,Tier-3,PHANTOM_RTO_CHARGE,0.0,176.0,176.0,MEDIUM,2026-09-14 22:11:31.631484
AWB118792,BATCH-B,DTDC,M-019,Delhi,Tier-1,EXCESS_FORWARD_CHARGE,95.0,114.0,19.0,LOW,2026-09-14 22:11:32.127304
AWB118799,BATCH-A,Shiprocket,M-018,Delhi,Tier-1,OVERDUE_REMITTANCE,14.0,26.0,5055.0,MEDIUM,2026-09-14 22:11:31.791087
AWB118805,BATCH-D,DTDC,M-005,Mumbai,Tier-1,EXCESS_FORWARD_CHARGE,65.0,78.0,13.0,LOW,2026-09-14 22:11:32.127304
AWB118808,BATCH-D,Shiprocket,M-005,Jaipur,Tier-3,OVERDUE_REMITTANCE,14.0,24.0,0.0,MEDIUM,2026-09-14 22:11:31.791087
AWB118810,BATCH-A,Kwikship,M-015,Jaipur,Tier-3,ETA_SLA_BREACH,72.0,128.8,0.0,LOW,2026-09-14 22:11:32.038362
AWB118812,BATCH-C,Bluedart,M-018,Jaipur,Tier-3,WEIGHT_DISPUTE,8.23,10.58,141.0,MEDIUM,2026-09-14 22:11:31.453814
AWB118824,BATCH-C,Delhivery,M-017,Jaipur,Tier-3,COD_SHORT_REMITTANCE,3614.0,3454.0,160.0,MEDIUM,2026-09-14 22:10:12.726074
AWB118824,BATCH-C,Delhivery,M-017,Jaipur,Tier-3,PHANTOM_RTO_CHARGE,0.0,167.0,167.0,MEDIUM,2026-09-14 22:11:31.631484
AWB118825,BATCH-D,DTDC,M-020,Delhi,Tier-1,PHANTOM_RTO_CHARGE,0.0,104.0,104.0,MEDIUM,2026-09-14 22:11:31.631484
AWB118828,BATCH-B,Shiprocket,M-001,Delhi,Tier-1,OVERDUE_REMITTANCE,14.0,27.0,4948.0,MEDIUM,2026-09-14 22:11:31.791087
AWB118829,BATCH-C,Delhivery,M-009,Jaipur,Tier-3,COD_SHORT_REMITTANCE,5553.0,5205.0,348.0,MEDIUM,2026-09-14 22:10:12.726074
AWB118830,BATCH-A,Delhivery,M-009,Indore,Tier-2,COD_SHORT_REMITTANCE,5870.0,5515.0,355.0,MEDIUM,2026-09-14 22:10:12.726074
AWB118831,BATCH-A,DTDC,M-017,Mumbai,Tier-1,EXCESS_FORWARD_CHARGE,65.0,78.0,13.0,LOW,2026-09-14 22:11:32.127304
AWB118838,BATCH-A,Kwikship,M-016,Indore,Tier-2,PHANTOM_RTO_CHARGE,0.0,217.0,217.0,MEDIUM,2026-09-14 22:11:31.631484
AWB118842,BATCH-D,Kwikship,M-007,Jaipur,Tier-3,ETA_SLA_BREACH,72.0,116.6,0.0,LOW,2026-09-14 22:11:32.038362
AWB118844,BATCH-B,DTDC,M-002,Delhi,Tier-1,EXCESS_FORWARD_CHARGE,95.0,114.0,19.0,LOW,2026-09-14 22:11:32.127304
AWB118849,BATCH-A,Kwikship,M-003,Delhi,Tier-1,PHANTOM_RTO_CHARGE,0.0,186.0,186.0,MEDIUM,2026-09-14 22:11:31.631484
AWB118855,BATCH-C,DTDC,M-009,Mumbai,Tier-1,EXCESS_FORWARD_CHARGE,65.0,78.0,13.0,LOW,2026-09-14 22:11:32.127304
AWB118856,BATCH-D,Kwikship,M-020,Lucknow,Tier-3,ETA_SLA_BREACH,72.0,131.4,0.0,LOW,2026-09-14 22:11:32.038362
AWB118858,BATCH-C,Bluedart,M-008,Jaipur,Tier-3,PHANTOM_RTO_CHARGE,0.0,110.0,110.0,MEDIUM,2026-09-14 22:11:31.631484
AWB118863,BATCH-D,DTDC,M-015,Delhi,Tier-1,EXCESS_FORWARD_CHARGE,95.0,114.0,19.0,LOW,2026-09-14 22:11:32.127304
AWB118868,BATCH-A,DTDC,M-002,Jaipur,Tier-3,EXCESS_FORWARD_CHARGE,42.0,50.0,8.0,LOW,2026-09-14 22:11:32.127304
AWB118872,BATCH-D,DTDC,M-018,Jaipur,Tier-3,EXCESS_FORWARD_CHARGE,95.0,114.0,19.0,LOW,2026-09-14 22:11:32.127304
AWB118873,BATCH-B,Delhivery,M-007,Lucknow,Tier-3,COD_SHORT_REMITTANCE,4758.0,4602.0,156.0,MEDIUM,2026-09-14 22:10:12.726074
AWB118880,BATCH-B,Delhivery,M-003,Jaipur,Tier-3,COD_SHORT_REMITTANCE,4922.0,4602.0,320.0,MEDIUM,2026-09-14 22:10:12.726074
AWB118883,BATCH-C,Delhivery,M-006,Delhi,Tier-1,COD_SHORT_REMITTANCE,4970.0,4810.0,160.0,MEDIUM,2026-09-14 22:10:12.726074
AWB118887,BATCH-C,Shiprocket,M-005,Pune,Tier-2,OVERDUE_REMITTANCE,14.0,19.0,2794.0,MEDIUM,2026-09-14 22:11:31.791087
AWB118891,BATCH-A,Bluedart,M-006,Lucknow,Tier-3,WEIGHT_DISPUTE,5.93,7.62,101.0,MEDIUM,2026-09-14 22:11:31.453814
AWB118897,BATCH-A,Delhivery,M-016,Lucknow,Tier-3,COD_SHORT_REMITTANCE,4431.0,4147.0,284.0,MEDIUM,2026-09-14 22:10:12.726074
AWB118898,BATCH-C,Shiprocket,M-016,Delhi,Tier-1,OVERDUE_REMITTANCE,14.0,26.0,0.0,MEDIUM,2026-09-14 22:11:31.791087
AWB118906,BATCH-B,Delhivery,M-014,Mumbai,Tier-1,COD_SHORT_REMITTANCE,3673.0,3499.0,174.0,MEDIUM,2026-09-14 22:10:12.726074
AWB118907,BATCH-B,DTDC,M-004,Lucknow,Tier-3,EXCESS_FORWARD_CHARGE,95.0,114.0,19.0,LOW,2026-09-14 22:11:32.127304
AWB118908,BATCH-B,DTDC,M-006,Delhi,Tier-1,DUPLICATE_SETTLEMENT,1.0,2.0,0.0,HIGH,2026-09-14 22:11:31.913657
AWB118908,BATCH-DUP,DTDC,M-006,Delhi,Tier-1,DUPLICATE_SETTLEMENT,1.0,2.0,0.0,HIGH,2026-09-14 22:11:31.913657
AWB118909,BATCH-B,DTDC,M-002,Lucknow,Tier-3,EXCESS_FORWARD_CHARGE,95.0,114.0,19.0,LOW,2026-09-14 22:11:32.127304
AWB118910,BATCH-A,Shiprocket,M-010,Delhi,Tier-1,PHANTOM_RTO_CHARGE,0.0,231.0,231.0,MEDIUM,2026-09-14 22:11:31.631484
AWB118911,BATCH-B,Delhivery,M-009,Mumbai,Tier-1,COD_SHORT_REMITTANCE,5931.0,5584.0,347.0,MEDIUM,2026-09-14 22:10:12.726074
AWB118914,BATCH-C,DTDC,M-009,Mumbai,Tier-1,EXCESS_FORWARD_CHARGE,95.0,114.0,19.0,LOW,2026-09-14 22:11:32.127304
AWB118918,BATCH-D,Bluedart,M-011,Jaipur,Tier-3,WEIGHT_DISPUTE,4.11,5.14,62.0,LOW,2026-09-14 22:11:31.453814
AWB118921,BATCH-B,Shiprocket,M-010,Indore,Tier-2,DUPLICATE_SETTLEMENT,1.0,2.0,2370.0,HIGH,2026-09-14 22:11:31.913657
AWB118921,BATCH-DUP,Shiprocket,M-010,Indore,Tier-2,DUPLICATE_SETTLEMENT,1.0,2.0,2370.0,HIGH,2026-09-14 22:11:31.913657
AWB118922,BATCH-A,Bluedart,M-018,Lucknow,Tier-3,PHANTOM_RTO_CHARGE,0.0,129.0,129.0,MEDIUM,2026-09-14 22:11:31.631484
AWB118923,BATCH-A,Delhivery,M-018,Lucknow,Tier-3,DUPLICATE_SETTLEMENT,1.0,2.0,0.0,HIGH,2026-09-14 22:11:31.913657
AWB118923,BATCH-DUP,Delhivery,M-018,Lucknow,Tier-3,DUPLICATE_SETTLEMENT,1.0,2.0,0.0,HIGH,2026-09-14 22:11:31.913657
AWB118924,BATCH-C,DTDC,M-013,Delhi,Tier-1,PHANTOM_RTO_CHARGE,0.0,133.0,133.0,MEDIUM,2026-09-14 22:11:31.631484
AWB118925,BATCH-D,DTDC,M-001,Pune,Tier-2,EXCESS_FORWARD_CHARGE,65.0,78.0,13.0,LOW,2026-09-14 22:11:32.127304
AWB118926,BATCH-C,Bluedart,M-005,Jaipur,Tier-3,WEIGHT_DISPUTE,4.86,6.1,74.0,LOW,2026-09-14 22:11:31.453814
AWB118933,BATCH-A,DTDC,M-008,Mumbai,Tier-1,EXCESS_FORWARD_CHARGE,95.0,114.0,19.0,LOW,2026-09-14 22:11:32.127304
AWB118934,BATCH-A,Shiprocket,M-016,Lucknow,Tier-3,OVERDUE_REMITTANCE,14.0,18.0,3670.0,MEDIUM,2026-09-14 22:11:31.791087
AWB118934,BATCH-A,Shiprocket,M-016,Lucknow,Tier-3,PHANTOM_RTO_CHARGE,0.0,132.0,132.0,MEDIUM,2026-09-14 22:11:31.631484
AWB118940,BATCH-A,DTDC,M-002,Pune,Tier-2,DUPLICATE_SETTLEMENT,1.0,2.0,1727.0,HIGH,2026-09-14 22:11:31.913657
AWB118940,BATCH-DUP,DTDC,M-002,Pune,Tier-2,DUPLICATE_SETTLEMENT,1.0,2.0,1727.0,HIGH,2026-09-14 22:11:31.913657
AWB118943,BATCH-C,Shiprocket,M-008,Mumbai,Tier-1,PHANTOM_RTO_CHARGE,0.0,146.0,146.0,MEDIUM,2026-09-14 22:11:31.631484
AWB118944,BATCH-B,Delhivery,M-007,Delhi,Tier-1,COD_SHORT_REMITTANCE,4660.0,4507.0,153.0,MEDIUM,2026-09-14 22:10:12.726074
AWB118945,BATCH-C,Kwikship,M-020,Jaipur,Tier-3,ETA_SLA_BREACH,72.0,119.3,0.0,LOW,2026-09-14 22:11:32.038362
AWB118953,BATCH-A,Delhivery,M-003,Indore,Tier-2,COD_SHORT_REMITTANCE,4131.0,3933.0,198.0,MEDIUM,2026-09-14 22:10:12.726074
AWB118955,BATCH-B,Bluedart,M-020,Indore,Tier-2,PHANTOM_RTO_CHARGE,0.0,194.0,194.0,MEDIUM,2026-09-14 22:11:31.631484
AWB118957,BATCH-C,Delhivery,M-002,Delhi,Tier-1,COD_SHORT_REMITTANCE,5986.0,5618.0,368.0,MEDIUM,2026-09-14 22:10:12.726074
AWB118964,BATCH-C,Bluedart,M-003,Jaipur,Tier-3,WEIGHT_DISPUTE,4.61,6.05,87.0,LOW,2026-09-14 22:11:31.453814
AWB118968,BATCH-C,Delhivery,M-012,Pune,Tier-2,COD_SHORT_REMITTANCE,4357.0,4213.0,144.0,MEDIUM,2026-09-14 22:10:12.726074
AWB118973,BATCH-A,DTDC,M-006,Jaipur,Tier-3,PHANTOM_RTO_CHARGE,0.0,157.0,157.0,MEDIUM,2026-09-14 22:11:31.631484
AWB118979,BATCH-B,Kwikship,M-020,Mumbai,Tier-1,PHANTOM_RTO_CHARGE,0.0,136.0,136.0,MEDIUM,2026-09-14 22:11:31.631484
AWB118981,BATCH-A,Delhivery,M-020,Lucknow,Tier-3,COD_SHORT_REMITTANCE,4602.0,4297.0,305.0,MEDIUM,2026-09-14 22:10:12.726074
AWB118985,BATCH-D,DTDC,M-016,Mumbai,Tier-1,EXCESS_FORWARD_CHARGE,95.0,114.0,19.0,LOW,2026-09-14 22:11:32.127304
AWB118987,BATCH-A,Kwikship,M-012,Lucknow,Tier-3,ETA_SLA_BREACH,72.0,103.8,0.0,LOW,2026-09-14 22:11:32.038362
AWB118995,BATCH-D,Delhivery,M-011,Lucknow,Tier-3,COD_SHORT_REMITTANCE,3879.0,3682.0,197.0,MEDIUM,2026-09-14 22:10:12.726074
AWB118996,BATCH-D,Shiprocket,M-006,Lucknow,Tier-3,PHANTOM_RTO_CHARGE,0.0,108.0,108.0,MEDIUM,2026-09-14 22:11:31.631484
AWB119002,BATCH-A,Bluedart,M-007,Jaipur,Tier-3,WEIGHT_DISPUTE,3.17,3.96,47.0,LOW,2026-09-14 22:11:31.453814
AWB119007,BATCH-A,Kwikship,M-006,Jaipur,Tier-3,ETA_SLA_BREACH,72.0,108.2,0.0,LOW,2026-09-14 22:11:32.038362
AWB119009,BATCH-B,DTDC,M-019,Lucknow,Tier-3,EXCESS_FORWARD_CHARGE,65.0,78.0,13.0,LOW,2026-09-14 22:11:32.127304
AWB119010,BATCH-B,DTDC,M-010,Lucknow,Tier-3,EXCESS_FORWARD_CHARGE,95.0,114.0,19.0,LOW,2026-09-14 22:11:32.127304
AWB119011,BATCH-B,DTDC,M-014,Indore,Tier-2,EXCESS_FORWARD_CHARGE,95.0,114.0,19.0,LOW,2026-09-14 22:11:32.127304
AWB119016,BATCH-D,Delhivery,M-015,Indore,Tier-2,COD_SHORT_REMITTANCE,4580.0,4370.0,210.0,MEDIUM,2026-09-14 22:10:12.726074
AWB119023,BATCH-A,Shiprocket,M-002,Pune,Tier-2,OVERDUE_REMITTANCE,14.0,22.0,0.0,MEDIUM,2026-09-14 22:11:31.791087
AWB119026,BATCH-A,Kwikship,M-004,Lucknow,Tier-3,PHANTOM_RTO_CHARGE,0.0,103.0,103.0,MEDIUM,2026-09-14 22:11:31.631484
AWB119030,BATCH-D,Delhivery,M-006,Mumbai,Tier-1,COD_SHORT_REMITTANCE,4465.0,4263.0,202.0,MEDIUM,2026-09-14 22:10:12.726074
AWB119032,BATCH-A,Kwikship,M-004,Delhi,Tier-1,PHANTOM_RTO_CHARGE,0.0,215.0,215.0,MEDIUM,2026-09-14 22:11:31.631484
AWB119035,BATCH-C,Kwikship,M-004,Jaipur,Tier-3,ETA_SLA_BREACH,72.0,131.9,0.0,LOW,2026-09-14 22:11:32.038362
AWB119038,BATCH-D,Shiprocket,M-006,Indore,Tier-2,OVERDUE_REMITTANCE,14.0,19.0,0.0,MEDIUM,2026-09-14 22:11:31.791087
AWB119046,BATCH-C,DTDC,M-002,Mumbai,Tier-1,EXCESS_FORWARD_CHARGE,42.0,50.0,8.0,LOW,2026-09-14 22:11:32.127304
AWB119049,BATCH-C,DTDC,M-020,Mumbai,Tier-1,EXCESS_FORWARD_CHARGE,95.0,114.0,19.0,LOW,2026-09-14 22:11:32.127304
AWB119052,BATCH-B,Shiprocket,M-001,Mumbai,Tier-1,OVERDUE_REMITTANCE,14.0,27.0,5632.0,MEDIUM,2026-09-14 22:11:31.791087
AWB119063,BATCH-B,Delhivery,M-015,Mumbai,Tier-1,COD_SHORT_REMITTANCE,3511.0,3252.0,259.0,MEDIUM,2026-09-14 22:10:12.726074
AWB119070,BATCH-B,Kwikship,M-003,Mumbai,Tier-1,PHANTOM_RTO_CHARGE,0.0,213.0,213.0,MEDIUM,2026-09-14 22:11:31.631484
AWB119074,BATCH-C,Shiprocket,M-010,Delhi,Tier-1,DUPLICATE_SETTLEMENT,1.0,2.0,0.0,HIGH,2026-09-14 22:11:31.913657
AWB119074,BATCH-DUP,Shiprocket,M-010,Delhi,Tier-1,DUPLICATE_SETTLEMENT,1.0,2.0,0.0,HIGH,2026-09-14 22:11:31.913657
AWB119075,BATCH-B,Delhivery,M-001,Pune,Tier-2,COD_SHORT_REMITTANCE,3359.0,3096.0,263.0,MEDIUM,2026-09-14 22:10:12.726074
AWB119077,BATCH-A,Kwikship,M-006,Indore,Tier-2,PHANTOM_RTO_CHARGE,0.0,152.0,152.0,MEDIUM,2026-09-14 22:11:31.631484
AWB119078,BATCH-D,Delhivery,M-017,Lucknow,Tier-3,PHANTOM_RTO_CHARGE,0.0,202.0,202.0,MEDIUM,2026-09-14 22:11:31.631484
AWB119079,BATCH-C,Bluedart,M-011,Jaipur,Tier-3,WEIGHT_DISPUTE,5.97,7.82,111.0,MEDIUM,2026-09-14 22:11:31.453814
AWB119087,BATCH-A,Shiprocket,M-018,Lucknow,Tier-3,OVERDUE_REMITTANCE,14.0,25.0,1037.0,MEDIUM,2026-09-14 22:11:31.791087
AWB119088,BATCH-B,Kwikship,M-007,Indore,Tier-2,DUPLICATE_SETTLEMENT,1.0,2.0,2935.0,HIGH,2026-09-14 22:11:31.913657
AWB119088,BATCH-DUP,Kwikship,M-007,Indore,Tier-2,DUPLICATE_SETTLEMENT,1.0,2.0,2935.0,HIGH,2026-09-14 22:11:31.913657
AWB119089,BATCH-C,DTDC,M-017,Lucknow,Tier-3,EXCESS_FORWARD_CHARGE,65.0,78.0,13.0,LOW,2026-09-14 22:11:32.127304
AWB119089,BATCH-C,DTDC,M-017,Lucknow,Tier-3,PHANTOM_RTO_CHARGE,0.0,213.0,213.0,MEDIUM,2026-09-14 22:11:31.631484
AWB119093,BATCH-D,DTDC,M-002,Delhi,Tier-1,EXCESS_FORWARD_CHARGE,95.0,114.0,19.0,LOW,2026-09-14 22:11:32.127304
AWB119097,BATCH-B,Kwikship,M-017,Lucknow,Tier-3,ETA_SLA_BREACH,72.0,131.1,0.0,LOW,2026-09-14 22:11:32.038362
AWB119102,BATCH-A,DTDC,M-010,Lucknow,Tier-3,EXCESS_FORWARD_CHARGE,95.0,114.0,19.0,LOW,2026-09-14 22:11:32.127304
AWB119109,BATCH-D,DTDC,M-011,Pune,Tier-2,EXCESS_FORWARD_CHARGE,95.0,114.0,19.0,LOW,2026-09-14 22:11:32.127304
AWB119109,BATCH-D,DTDC,M-011,Pune,Tier-2,PHANTOM_RTO_CHARGE,0.0,131.0,131.0,MEDIUM,2026-09-14 22:11:31.631484
AWB119110,BATCH-C,DTDC,M-003,Mumbai,Tier-1,EXCESS_FORWARD_CHARGE,65.0,78.0,13.0,LOW,2026-09-14 22:11:32.127304
AWB119114,BATCH-B,Bluedart,M-015,Jaipur,Tier-3,WEIGHT_DISPUTE,8.29,9.84,93.0,LOW,2026-09-14 22:11:31.453814
AWB119121,BATCH-C,Bluedart,M-020,Lucknow,Tier-3,WEIGHT_DISPUTE,2.37,2.82,27.0,LOW,2026-09-14 22:11:31.453814
AWB119130,BATCH-A,Delhivery,M-011,Indore,Tier-2,DUPLICATE_SETTLEMENT,1.0,2.0,1933.0,HIGH,2026-09-14 22:11:31.913657
AWB119130,BATCH-A,Delhivery,M-011,Indore,Tier-2,PHANTOM_RTO_CHARGE,0.0,178.0,178.0,MEDIUM,2026-09-14 22:11:31.631484
AWB119130,BATCH-DUP,Delhivery,M-011,Indore,Tier-2,DUPLICATE_SETTLEMENT,1.0,2.0,1933.0,HIGH,2026-09-14 22:11:31.913657
AWB119130,BATCH-DUP,Delhivery,M-011,Indore,Tier-2,PHANTOM_RTO_CHARGE,0.0,178.0,178.0,MEDIUM,2026-09-14 22:11:31.631484
AWB119137,BATCH-A,Shiprocket,M-012,Jaipur,Tier-3,OVERDUE_REMITTANCE,14.0,27.0,5557.0,MEDIUM,2026-09-14 22:11:31.791087
AWB119148,BATCH-B,Kwikship,M-011,Lucknow,Tier-3,ETA_SLA_BREACH,72.0,112.1,0.0,LOW,2026-09-14 22:11:32.038362
AWB119150,BATCH-A,Shiprocket,M-012,Indore,Tier-2,PHANTOM_RTO_CHARGE,0.0,159.0,159.0,MEDIUM,2026-09-14 22:11:31.631484
AWB119155,BATCH-A,Shiprocket,M-006,Indore,Tier-2,DUPLICATE_SETTLEMENT,1.0,2.0,4255.0,HIGH,2026-09-14 22:11:31.913657
AWB119155,BATCH-DUP,Shiprocket,M-006,Indore,Tier-2,DUPLICATE_SETTLEMENT,1.0,2.0,4255.0,HIGH,2026-09-14 22:11:31.913657
AWB119158,BATCH-C,Bluedart,M-017,Delhi,Tier-1,PHANTOM_RTO_CHARGE,0.0,105.0,105.0,MEDIUM,2026-09-14 22:11:31.631484
AWB119159,BATCH-C,Bluedart,M-020,Jaipur,Tier-3,WEIGHT_DISPUTE,5.2,6.48,77.0,LOW,2026-09-14 22:11:31.453814
AWB119164,BATCH-B,Bluedart,M-009,Mumbai,Tier-1,PHANTOM_RTO_CHARGE,0.0,144.0,144.0,MEDIUM,2026-09-14 22:11:31.631484
AWB119165,BATCH-C,Bluedart,M-002,Jaipur,Tier-3,WEIGHT_DISPUTE,5.06,6.0,57.0,LOW,2026-09-14 22:11:31.453814
AWB119167,BATCH-B,Bluedart,M-014,Lucknow,Tier-3,WEIGHT_DISPUTE,6.42,8.44,122.0,MEDIUM,2026-09-14 22:11:31.453814
AWB119168,BATCH-D,DTDC,M-012,Jaipur,Tier-3,EXCESS_FORWARD_CHARGE,95.0,114.0,19.0,LOW,2026-09-14 22:11:32.127304
AWB119170,BATCH-A,DTDC,M-015,Pune,Tier-2,EXCESS_FORWARD_CHARGE,95.0,114.0,19.0,LOW,2026-09-14 22:11:32.127304
AWB119172,BATCH-A,Kwikship,M-015,Jaipur,Tier-3,ETA_SLA_BREACH,72.0,123.0,0.0,LOW,2026-09-14 22:11:32.038362
AWB119181,BATCH-B,Shiprocket,M-018,Pune,Tier-2,PHANTOM_RTO_CHARGE,0.0,246.0,246.0,MEDIUM,2026-09-14 22:11:31.631484
AWB119184,BATCH-A,DTDC,M-007,Pune,Tier-2,EXCESS_FORWARD_CHARGE,65.0,78.0,13.0,LOW,2026-09-14 22:11:32.127304
AWB119185,BATCH-D,DTDC,M-012,Lucknow,Tier-3,EXCESS_FORWARD_CHARGE,95.0,114.0,19.0,LOW,2026-09-14 22:11:32.127304
AWB119188,BATCH-C,Bluedart,M-004,Jaipur,Tier-3,WEIGHT_DISPUTE,6.83,8.12,78.0,LOW,2026-09-14 22:11:31.453814
AWB119194,BATCH-C,Delhivery,M-017,Delhi,Tier-1,COD_SHORT_REMITTANCE,5613.0,5414.0,199.0,MEDIUM,2026-09-14 22:10:12.726074
AWB119196,BATCH-A,Kwikship,M-011,Jaipur,Tier-3,ETA_SLA_BREACH,72.0,141.0,0.0,LOW,2026-09-14 22:11:32.038362
AWB119205,BATCH-A,Bluedart,M-001,Indore,Tier-2,PHANTOM_RTO_CHARGE,0.0,160.0,160.0,MEDIUM,2026-09-14 22:11:31.631484
AWB119210,BATCH-A,Bluedart,M-015,Jaipur,Tier-3,WEIGHT_DISPUTE,7.15,8.79,98.0,LOW,2026-09-14 22:11:31.453814
AWB119211,BATCH-A,DTDC,M-001,Pune,Tier-2,EXCESS_FORWARD_CHARGE,42.0,50.0,8.0,LOW,2026-09-14 22:11:32.127304
AWB119219,BATCH-A,Delhivery,M-018,Delhi,Tier-1,COD_SHORT_REMITTANCE,3113.0,2992.0,121.0,MEDIUM,2026-09-14 22:10:12.726074
AWB119226,BATCH-B,Bluedart,M-003,Jaipur,Tier-3,WEIGHT_DISPUTE,7.19,9.12,116.0,MEDIUM,2026-09-14 22:11:31.453814
AWB119231,BATCH-A,Kwikship,M-010,Mumbai,Tier-1,DUPLICATE_SETTLEMENT,1.0,2.0,1882.0,HIGH,2026-09-14 22:11:31.913657
AWB119231,BATCH-DUP,Kwikship,M-010,Mumbai,Tier-1,DUPLICATE_SETTLEMENT,1.0,2.0,1882.0,HIGH,2026-09-14 22:11:31.913657
AWB119232,BATCH-B,DTDC,M-006,Delhi,Tier-1,EXCESS_FORWARD_CHARGE,95.0,114.0,19.0,LOW,2026-09-14 22:11:32.127304
AWB119233,BATCH-C,Shiprocket,M-011,Jaipur,Tier-3,OVERDUE_REMITTANCE,14.0,21.0,895.0,MEDIUM,2026-09-14 22:11:31.791087
AWB119235,BATCH-B,DTDC,M-005,Jaipur,Tier-3,EXCESS_FORWARD_CHARGE,95.0,114.0,19.0,LOW,2026-09-14 22:11:32.127304
AWB119236,BATCH-B,DTDC,M-012,Lucknow,Tier-3,EXCESS_FORWARD_CHARGE,95.0,114.0,19.0,LOW,2026-09-14 22:11:32.127304
AWB119238,BATCH-D,DTDC,M-015,Indore,Tier-2,EXCESS_FORWARD_CHARGE,95.0,114.0,19.0,LOW,2026-09-14 22:11:32.127304
AWB119241,BATCH-D,Bluedart,M-018,Pune,Tier-2,PHANTOM_RTO_CHARGE,0.0,229.0,229.0,MEDIUM,2026-09-14 22:11:31.631484
AWB119245,BATCH-D,Bluedart,M-006,Indore,Tier-2,PHANTOM_RTO_CHARGE,0.0,209.0,209.0,MEDIUM,2026-09-14 22:11:31.631484
AWB119246,BATCH-B,Kwikship,M-011,Pune,Tier-2,PHANTOM_RTO_CHARGE,0.0,242.0,242.0,MEDIUM,2026-09-14 22:11:31.631484
AWB119256,BATCH-A,Delhivery,M-010,Mumbai,Tier-1,PHANTOM_RTO_CHARGE,0.0,175.0,175.0,MEDIUM,2026-09-14 22:11:31.631484
AWB119260,BATCH-B,Kwikship,M-019,Delhi,Tier-1,PHANTOM_RTO_CHARGE,0.0,178.0,178.0,MEDIUM,2026-09-14 22:11:31.631484
AWB119268,BATCH-D,Shiprocket,M-013,Jaipur,Tier-3,PHANTOM_RTO_CHARGE,0.0,171.0,171.0,MEDIUM,2026-09-14 22:11:31.631484
AWB119271,BATCH-B,Bluedart,M-017,Delhi,Tier-1,PHANTOM_RTO_CHARGE,0.0,104.0,104.0,MEDIUM,2026-09-14 22:11:31.631484
AWB119273,BATCH-B,Kwikship,M-020,Mumbai,Tier-1,PHANTOM_RTO_CHARGE,0.0,150.0,150.0,MEDIUM,2026-09-14 22:11:31.631484
AWB119287,BATCH-B,DTDC,M-009,Mumbai,Tier-1,EXCESS_FORWARD_CHARGE,95.0,114.0,19.0,LOW,2026-09-14 22:11:32.127304
AWB119293,BATCH-A,DTDC,M-006,Indore,Tier-2,EXCESS_FORWARD_CHARGE,95.0,114.0,19.0,LOW,2026-09-14 22:11:32.127304
AWB119294,BATCH-B,Bluedart,M-003,Jaipur,Tier-3,WEIGHT_DISPUTE,1.3,1.61,19.0,LOW,2026-09-14 22:11:31.453814
AWB119295,BATCH-C,Delhivery,M-007,Indore,Tier-2,COD_SHORT_REMITTANCE,3936.0,3665.0,271.0,MEDIUM,2026-09-14 22:10:12.726074
AWB119299,BATCH-D,Bluedart,M-004,Pune,Tier-2,PHANTOM_RTO_CHARGE,0.0,115.0,115.0,MEDIUM,2026-09-14 22:11:31.631484
AWB119304,BATCH-B,Kwikship,M-017,Jaipur,Tier-3,ETA_SLA_BREACH,72.0,113.6,0.0,LOW,2026-09-14 22:11:32.038362
AWB119319,BATCH-A,Bluedart,M-012,Jaipur,Tier-3,WEIGHT_DISPUTE,7.7,9.44,105.0,MEDIUM,2026-09-14 22:11:31.453814
AWB119332,BATCH-A,Bluedart,M-005,Pune,Tier-2,PHANTOM_RTO_CHARGE,0.0,110.0,110.0,MEDIUM,2026-09-14 22:11:31.631484
AWB119334,BATCH-B,Bluedart,M-014,Jaipur,Tier-3,WEIGHT_DISPUTE,1.21,1.56,21.0,LOW,2026-09-14 22:11:31.453814
AWB119346,BATCH-B,Delhivery,M-007,Mumbai,Tier-1,COD_SHORT_REMITTANCE,4395.0,4197.0,198.0,MEDIUM,2026-09-14 22:10:12.726074
AWB119347,BATCH-D,Shiprocket,M-010,Mumbai,Tier-1,DUPLICATE_SETTLEMENT,1.0,2.0,0.0,HIGH,2026-09-14 22:11:31.913657
AWB119347,BATCH-DUP,Shiprocket,M-010,Mumbai,Tier-1,DUPLICATE_SETTLEMENT,1.0,2.0,0.0,HIGH,2026-09-14 22:11:31.913657
AWB119356,BATCH-A,Delhivery,M-009,Indore,Tier-2,DUPLICATE_SETTLEMENT,1.0,2.0,0.0,HIGH,2026-09-14 22:11:31.913657
AWB119356,BATCH-DUP,Delhivery,M-009,Indore,Tier-2,DUPLICATE_SETTLEMENT,1.0,2.0,0.0,HIGH,2026-09-14 22:11:31.913657
AWB119367,BATCH-D,Bluedart,M-010,Lucknow,Tier-3,WEIGHT_DISPUTE,6.39,8.11,103.0,MEDIUM,2026-09-14 22:11:31.453814
AWB119370,BATCH-A,Bluedart,M-001,Lucknow,Tier-3,WEIGHT_DISPUTE,3.51,4.47,58.0,LOW,2026-09-14 22:11:31.453814
AWB119374,BATCH-B,Shiprocket,M-020,Delhi,Tier-1,OVERDUE_REMITTANCE,14.0,19.0,704.0,MEDIUM,2026-09-14 22:11:31.791087
AWB119374,BATCH-B,Shiprocket,M-020,Delhi,Tier-1,PHANTOM_RTO_CHARGE,0.0,146.0,146.0,MEDIUM,2026-09-14 22:11:31.631484
AWB119376,BATCH-D,DTDC,M-004,Indore,Tier-2,EXCESS_FORWARD_CHARGE,95.0,114.0,19.0,LOW,2026-09-14 22:11:32.127304
AWB119376,BATCH-D,DTDC,M-004,Indore,Tier-2,PHANTOM_RTO_CHARGE,0.0,233.0,233.0,MEDIUM,2026-09-14 22:11:31.631484
AWB119381,BATCH-D,DTDC,M-017,Delhi,Tier-1,EXCESS_FORWARD_CHARGE,95.0,114.0,19.0,LOW,2026-09-14 22:11:32.127304
AWB119385,BATCH-B,Bluedart,M-018,Lucknow,Tier-3,PHANTOM_RTO_CHARGE,0.0,216.0,216.0,MEDIUM,2026-09-14 22:11:31.631484
AWB119388,BATCH-A,Bluedart,M-020,Jaipur,Tier-3,WEIGHT_DISPUTE,6.77,8.63,112.0,MEDIUM,2026-09-14 22:11:31.453814
AWB119390,BATCH-A,DTDC,M-017,Indore,Tier-2,PHANTOM_RTO_CHARGE,0.0,124.0,124.0,MEDIUM,2026-09-14 22:11:31.631484
AWB119391,BATCH-B,Delhivery,M-006,Mumbai,Tier-1,COD_SHORT_REMITTANCE,5115.0,4821.0,294.0,MEDIUM,2026-09-14 22:10:12.726074
AWB119399,BATCH-B,Kwikship,M-003,Lucknow,Tier-3,ETA_SLA_BREACH,72.0,116.0,0.0,LOW,2026-09-14 22:11:32.038362
AWB119405,BATCH-D,Kwikship,M-004,Lucknow,Tier-3,ETA_SLA_BREACH,72.0,132.2,0.0,LOW,2026-09-14 22:11:32.038362
AWB119414,BATCH-A,Bluedart,M-001,Jaipur,Tier-3,WEIGHT_DISPUTE,0.74,0.9,10.0,LOW,2026-09-14 22:11:31.453814
AWB119419,BATCH-D,DTDC,M-008,Jaipur,Tier-3,EXCESS_FORWARD_CHARGE,42.0,50.0,8.0,LOW,2026-09-14 22:11:32.127304
AWB119420,BATCH-A,DTDC,M-010,Delhi,Tier-1,EXCESS_FORWARD_CHARGE,95.0,114.0,19.0,LOW,2026-09-14 22:11:32.127304
AWB119421,BATCH-D,Kwikship,M-008,Pune,Tier-2,DUPLICATE_SETTLEMENT,1.0,2.0,0.0,HIGH,2026-09-14 22:11:31.913657
AWB119421,BATCH-DUP,Kwikship,M-008,Pune,Tier-2,DUPLICATE_SETTLEMENT,1.0,2.0,0.0,HIGH,2026-09-14 22:11:31.913657
AWB119424,BATCH-D,DTDC,M-009,Lucknow,Tier-3,EXCESS_FORWARD_CHARGE,65.0,78.0,13.0,LOW,2026-09-14 22:11:32.127304
AWB119427,BATCH-C,DTDC,M-020,Pune,Tier-2,EXCESS_FORWARD_CHARGE,95.0,114.0,19.0,LOW,2026-09-14 22:11:32.127304
AWB119436,BATCH-B,Shiprocket,M-011,Mumbai,Tier-1,OVERDUE_REMITTANCE,14.0,20.0,5063.0,MEDIUM,2026-09-14 22:11:31.791087
AWB119437,BATCH-B,Bluedart,M-011,Lucknow,Tier-3,WEIGHT_DISPUTE,2.62,3.11,29.0,LOW,2026-09-14 22:11:31.453814
AWB119441,BATCH-A,Bluedart,M-008,Jaipur,Tier-3,WEIGHT_DISPUTE,8.07,10.32,135.0,MEDIUM,2026-09-14 22:11:31.453814
AWB119442,BATCH-C,Kwikship,M-006,Lucknow,Tier-3,ETA_SLA_BREACH,72.0,123.4,0.0,LOW,2026-09-14 22:11:32.038362
AWB119447,BATCH-A,Bluedart,M-020,Pune,Tier-2,PHANTOM_RTO_CHARGE,0.0,208.0,208.0,MEDIUM,2026-09-14 22:11:31.631484
AWB119448,BATCH-D,Delhivery,M-018,Jaipur,Tier-3,COD_SHORT_REMITTANCE,3623.0,3337.0,286.0,MEDIUM,2026-09-14 22:10:12.726074
AWB119457,BATCH-A,Shiprocket,M-013,Jaipur,Tier-3,PHANTOM_RTO_CHARGE,0.0,163.0,163.0,MEDIUM,2026-09-14 22:11:31.631484
AWB119469,BATCH-C,Bluedart,M-020,Jaipur,Tier-3,WEIGHT_DISPUTE,0.68,0.81,8.0,LOW,2026-09-14 22:11:31.453814
AWB119470,BATCH-D,Delhivery,M-018,Pune,Tier-2,COD_SHORT_REMITTANCE,4077.0,3927.0,150.0,MEDIUM,2026-09-14 22:10:12.726074
AWB119471,BATCH-D,DTDC,M-003,Pune,Tier-2,EXCESS_FORWARD_CHARGE,65.0,78.0,13.0,LOW,2026-09-14 22:11:32.127304
AWB119472,BATCH-C,DTDC,M-006,Delhi,Tier-1,EXCESS_FORWARD_CHARGE,65.0,78.0,13.0,LOW,2026-09-14 22:11:32.127304
AWB119473,BATCH-A,Kwikship,M-004,Jaipur,Tier-3,ETA_SLA_BREACH,72.0,129.0,0.0,LOW,2026-09-14 22:11:32.038362
AWB119473,BATCH-A,Kwikship,M-004,Jaipur,Tier-3,PHANTOM_RTO_CHARGE,0.0,111.0,111.0,MEDIUM,2026-09-14 22:11:31.631484
AWB119477,BATCH-A,Shiprocket,M-006,Jaipur,Tier-3,OVERDUE_REMITTANCE,14.0,23.0,0.0,MEDIUM,2026-09-14 22:11:31.791087
AWB119487,BATCH-A,Kwikship,M-004,Jaipur,Tier-3,ETA_SLA_BREACH,72.0,105.0,0.0,LOW,2026-09-14 22:11:32.038362
AWB119493,BATCH-A,DTDC,M-008,Pune,Tier-2,EXCESS_FORWARD_CHARGE,65.0,78.0,13.0,LOW,2026-09-14 22:11:32.127304
AWB119498,BATCH-B,Bluedart,M-005,Indore,Tier-2,PHANTOM_RTO_CHARGE,0.0,109.0,109.0,MEDIUM,2026-09-14 22:11:31.631484
AWB119499,BATCH-C,Bluedart,M-002,Lucknow,Tier-3,WEIGHT_DISPUTE,1.08,1.4,20.0,LOW,2026-09-14 22:11:31.453814
AWB119504,BATCH-A,Bluedart,M-010,Jaipur,Tier-3,WEIGHT_DISPUTE,7.62,9.37,105.0,MEDIUM,2026-09-14 22:11:31.453814
AWB119505,BATCH-B,Kwikship,M-016,Pune,Tier-2,PHANTOM_RTO_CHARGE,0.0,240.0,240.0,MEDIUM,2026-09-14 22:11:31.631484
AWB119507,BATCH-D,DTDC,M-015,Jaipur,Tier-3,EXCESS_FORWARD_CHARGE,65.0,78.0,13.0,LOW,2026-09-14 22:11:32.127304
AWB119509,BATCH-A,Shiprocket,M-003,Mumbai,Tier-1,OVERDUE_REMITTANCE,14.0,24.0,4126.0,MEDIUM,2026-09-14 22:11:31.791087
AWB119517,BATCH-C,DTDC,M-002,Indore,Tier-2,EXCESS_FORWARD_CHARGE,95.0,114.0,19.0,LOW,2026-09-14 22:11:32.127304
AWB119523,BATCH-A,Shiprocket,M-005,Jaipur,Tier-3,DUPLICATE_SETTLEMENT,1.0,2.0,0.0,HIGH,2026-09-14 22:11:31.913657
AWB119523,BATCH-DUP,Shiprocket,M-005,Jaipur,Tier-3,DUPLICATE_SETTLEMENT,1.0,2.0,0.0,HIGH,2026-09-14 22:11:31.913657
AWB119531,BATCH-A,Bluedart,M-012,Jaipur,Tier-3,WEIGHT_DISPUTE,5.78,7.46,101.0,MEDIUM,2026-09-14 22:11:31.453814
AWB119536,BATCH-D,Delhivery,M-004,Indore,Tier-2,COD_SHORT_REMITTANCE,4522.0,4265.0,257.0,MEDIUM,2026-09-14 22:10:12.726074
AWB119539,BATCH-D,Bluedart,M-008,Lucknow,Tier-3,WEIGHT_DISPUTE,6.1,7.98,113.0,MEDIUM,2026-09-14 22:11:31.453814
AWB119541,BATCH-B,DTDC,M-009,Delhi,Tier-1,EXCESS_FORWARD_CHARGE,42.0,50.0,8.0,LOW,2026-09-14 22:11:32.127304
AWB119547,BATCH-B,Kwikship,M-002,Indore,Tier-2,PHANTOM_RTO_CHARGE,0.0,228.0,228.0,MEDIUM,2026-09-14 22:11:31.631484
AWB119554,BATCH-C,Shiprocket,M-003,Indore,Tier-2,OVERDUE_REMITTANCE,14.0,23.0,0.0,MEDIUM,2026-09-14 22:11:31.791087
AWB119558,BATCH-A,Kwikship,M-007,Lucknow,Tier-3,ETA_SLA_BREACH,72.0,119.3,0.0,LOW,2026-09-14 22:11:32.038362
AWB119561,BATCH-B,Bluedart,M-007,Jaipur,Tier-3,WEIGHT_DISPUTE,6.1,7.51,85.0,LOW,2026-09-14 22:11:31.453814
AWB119569,BATCH-D,Bluedart,M-010,Lucknow,Tier-3,WEIGHT_DISPUTE,3.75,4.58,50.0,LOW,2026-09-14 22:11:31.453814
AWB119574,BATCH-C,DTDC,M-005,Lucknow,Tier-3,PHANTOM_RTO_CHARGE,0.0,121.0,121.0,MEDIUM,2026-09-14 22:11:31.631484
AWB119577,BATCH-A,DTDC,M-020,Delhi,Tier-1,EXCESS_FORWARD_CHARGE,95.0,114.0,19.0,LOW,2026-09-14 22:11:32.127304
AWB119583,BATCH-B,Delhivery,M-002,Mumbai,Tier-1,COD_SHORT_REMITTANCE,4194.0,4037.0,157.0,MEDIUM,2026-09-14 22:10:12.726074
AWB119584,BATCH-A,DTDC,M-015,Pune,Tier-2,EXCESS_FORWARD_CHARGE,95.0,114.0,19.0,LOW,2026-09-14 22:11:32.127304
AWB119585,BATCH-A,DTDC,M-020,Mumbai,Tier-1,PHANTOM_RTO_CHARGE,0.0,199.0,199.0,MEDIUM,2026-09-14 22:11:31.631484
AWB119592,BATCH-C,Bluedart,M-016,Mumbai,Tier-1,PHANTOM_RTO_CHARGE,0.0,214.0,214.0,MEDIUM,2026-09-14 22:11:31.631484
AWB119600,BATCH-D,DTDC,M-010,Delhi,Tier-1,EXCESS_FORWARD_CHARGE,65.0,78.0,13.0,LOW,2026-09-14 22:11:32.127304
AWB119624,BATCH-C,Delhivery,M-003,Lucknow,Tier-3,COD_SHORT_REMITTANCE,5272.0,5112.0,160.0,MEDIUM,2026-09-14 22:10:12.726074
AWB119627,BATCH-B,Delhivery,M-016,Mumbai,Tier-1,COD_SHORT_REMITTANCE,4864.0,4492.0,372.0,MEDIUM,2026-09-14 22:10:12.726074
AWB119628,BATCH-B,DTDC,M-008,Jaipur,Tier-3,EXCESS_FORWARD_CHARGE,65.0,78.0,13.0,LOW,2026-09-14 22:11:32.127304
AWB119629,BATCH-A,Kwikship,M-005,Jaipur,Tier-3,ETA_SLA_BREACH,72.0,114.2,0.0,LOW,2026-09-14 22:11:32.038362
AWB119635,BATCH-D,DTDC,M-017,Mumbai,Tier-1,EXCESS_FORWARD_CHARGE,65.0,78.0,13.0,LOW,2026-09-14 22:11:32.127304
AWB119643,BATCH-D,Kwikship,M-013,Jaipur,Tier-3,ETA_SLA_BREACH,72.0,125.8,0.0,LOW,2026-09-14 22:11:32.038362
AWB119644,BATCH-A,DTDC,M-010,Lucknow,Tier-3,EXCESS_FORWARD_CHARGE,65.0,78.0,13.0,LOW,2026-09-14 22:11:32.127304
AWB119646,BATCH-B,Delhivery,M-002,Lucknow,Tier-3,PHANTOM_RTO_CHARGE,0.0,245.0,245.0,MEDIUM,2026-09-14 22:11:31.631484
AWB119650,BATCH-A,Shiprocket,M-014,Mumbai,Tier-1,OVERDUE_REMITTANCE,14.0,27.0,2894.0,MEDIUM,2026-09-14 22:11:31.791087
AWB119656,BATCH-C,DTDC,M-007,Indore,Tier-2,EXCESS_FORWARD_CHARGE,95.0,114.0,19.0,LOW,2026-09-14 22:11:32.127304
AWB119657,BATCH-C,Delhivery,M-015,Lucknow,Tier-3,COD_SHORT_REMITTANCE,3551.0,3423.0,128.0,MEDIUM,2026-09-14 22:10:12.726074
AWB119658,BATCH-D,Delhivery,M-006,Lucknow,Tier-3,COD_SHORT_REMITTANCE,4122.0,3796.0,326.0,MEDIUM,2026-09-14 22:10:12.726074
AWB119661,BATCH-A,Kwikship,M-015,Pune,Tier-2,DUPLICATE_SETTLEMENT,1.0,2.0,0.0,HIGH,2026-09-14 22:11:31.913657
AWB119661,BATCH-DUP,Kwikship,M-015,Pune,Tier-2,DUPLICATE_SETTLEMENT,1.0,2.0,0.0,HIGH,2026-09-14 22:11:31.913657
AWB119662,BATCH-C,DTDC,M-020,Pune,Tier-2,EXCESS_FORWARD_CHARGE,65.0,78.0,13.0,LOW,2026-09-14 22:11:32.127304
AWB119666,BATCH-A,Bluedart,M-002,Jaipur,Tier-3,PHANTOM_RTO_CHARGE,0.0,165.0,165.0,MEDIUM,2026-09-14 22:11:31.631484
AWB119666,BATCH-A,Bluedart,M-002,Jaipur,Tier-3,WEIGHT_DISPUTE,0.84,1.02,11.0,LOW,2026-09-14 22:11:31.453814
AWB119673,BATCH-B,DTDC,M-006,Jaipur,Tier-3,EXCESS_FORWARD_CHARGE,65.0,78.0,13.0,LOW,2026-09-14 22:11:32.127304
AWB119674,BATCH-C,DTDC,M-001,Pune,Tier-2,PHANTOM_RTO_CHARGE,0.0,141.0,141.0,MEDIUM,2026-09-14 22:11:31.631484
AWB119682,BATCH-B,Shiprocket,M-002,Jaipur,Tier-3,OVERDUE_REMITTANCE,14.0,25.0,0.0,MEDIUM,2026-09-14 22:11:31.791087
AWB119686,BATCH-C,Shiprocket,M-002,Delhi,Tier-1,PHANTOM_RTO_CHARGE,0.0,218.0,218.0,MEDIUM,2026-09-14 22:11:31.631484
AWB119687,BATCH-D,DTDC,M-017,Lucknow,Tier-3,EXCESS_FORWARD_CHARGE,95.0,114.0,19.0,LOW,2026-09-14 22:11:32.127304
AWB119689,BATCH-A,DTDC,M-009,Mumbai,Tier-1,EXCESS_FORWARD_CHARGE,42.0,50.0,8.0,LOW,2026-09-14 22:11:32.127304
AWB119693,BATCH-A,DTDC,M-020,Delhi,Tier-1,EXCESS_FORWARD_CHARGE,95.0,114.0,19.0,LOW,2026-09-14 22:11:32.127304
AWB119696,BATCH-C,Shiprocket,M-009,Jaipur,Tier-3,PHANTOM_RTO_CHARGE,0.0,172.0,172.0,MEDIUM,2026-09-14 22:11:31.631484
AWB119701,BATCH-D,DTDC,M-009,Pune,Tier-2,EXCESS_FORWARD_CHARGE,95.0,114.0,19.0,LOW,2026-09-14 22:11:32.127304
AWB119706,BATCH-A,DTDC,M-002,Delhi,Tier-1,EXCESS_FORWARD_CHARGE,95.0,114.0,19.0,LOW,2026-09-14 22:11:32.127304
AWB119714,BATCH-B,DTDC,M-017,Lucknow,Tier-3,EXCESS_FORWARD_CHARGE,95.0,114.0,19.0,LOW,2026-09-14 22:11:32.127304
AWB119716,BATCH-A,Kwikship,M-001,Lucknow,Tier-3,ETA_SLA_BREACH,72.0,104.6,0.0,LOW,2026-09-14 22:11:32.038362
AWB119718,BATCH-A,Shiprocket,M-015,Lucknow,Tier-3,PHANTOM_RTO_CHARGE,0.0,203.0,203.0,MEDIUM,2026-09-14 22:11:31.631484
AWB119723,BATCH-C,DTDC,M-012,Mumbai,Tier-1,PHANTOM_RTO_CHARGE,0.0,102.0,102.0,MEDIUM,2026-09-14 22:11:31.631484
AWB119728,BATCH-B,Delhivery,M-020,Mumbai,Tier-1,PHANTOM_RTO_CHARGE,0.0,121.0,121.0,MEDIUM,2026-09-14 22:11:31.631484
AWB119737,BATCH-A,Shiprocket,M-007,Indore,Tier-2,OVERDUE_REMITTANCE,14.0,27.0,0.0,MEDIUM,2026-09-14 22:11:31.791087
AWB119743,BATCH-B,Delhivery,M-009,Delhi,Tier-1,PHANTOM_RTO_CHARGE,0.0,154.0,154.0,MEDIUM,2026-09-14 22:11:31.631484
AWB119749,BATCH-C,DTDC,M-012,Mumbai,Tier-1,EXCESS_FORWARD_CHARGE,95.0,114.0,19.0,LOW,2026-09-14 22:11:32.127304
AWB119749,BATCH-C,DTDC,M-012,Mumbai,Tier-1,PHANTOM_RTO_CHARGE,0.0,210.0,210.0,MEDIUM,2026-09-14 22:11:31.631484
AWB119751,BATCH-D,Bluedart,M-001,Jaipur,Tier-3,WEIGHT_DISPUTE,6.69,7.99,78.0,LOW,2026-09-14 22:11:31.453814
AWB119754,BATCH-C,Shiprocket,M-005,Pune,Tier-2,OVERDUE_REMITTANCE,14.0,22.0,0.0,MEDIUM,2026-09-14 22:11:31.791087
AWB119756,BATCH-C,Bluedart,M-010,Mumbai,Tier-1,DUPLICATE_SETTLEMENT,1.0,2.0,5668.0,HIGH,2026-09-14 22:11:31.913657
AWB119756,BATCH-DUP,Bluedart,M-010,Mumbai,Tier-1,DUPLICATE_SETTLEMENT,1.0,2.0,5668.0,HIGH,2026-09-14 22:11:31.913657
AWB119764,BATCH-B,Kwikship,M-009,Lucknow,Tier-3,ETA_SLA_BREACH,72.0,111.1,0.0,LOW,2026-09-14 22:11:32.038362
AWB119765,BATCH-C,Bluedart,M-019,Jaipur,Tier-3,WEIGHT_DISPUTE,6.24,7.74,90.0,LOW,2026-09-14 22:11:31.453814
AWB119769,BATCH-B,Shiprocket,M-011,Delhi,Tier-1,OVERDUE_REMITTANCE,14.0,23.0,0.0,MEDIUM,2026-09-14 22:11:31.791087
AWB119774,BATCH-A,Bluedart,M-017,Lucknow,Tier-3,WEIGHT_DISPUTE,3.7,4.67,58.0,LOW,2026-09-14 22:11:31.453814
AWB119775,BATCH-D,Kwikship,M-011,Jaipur,Tier-3,ETA_SLA_BREACH,72.0,117.5,0.0,LOW,2026-09-14 22:11:32.038362
AWB119776,BATCH-D,DTDC,M-016,Indore,Tier-2,EXCESS_FORWARD_CHARGE,65.0,78.0,13.0,LOW,2026-09-14 22:11:32.127304
AWB119799,BATCH-D,DTDC,M-004,Pune,Tier-2,EXCESS_FORWARD_CHARGE,65.0,78.0,13.0,LOW,2026-09-14 22:11:32.127304
AWB119802,BATCH-B,DTDC,M-007,Indore,Tier-2,PHANTOM_RTO_CHARGE,0.0,134.0,134.0,MEDIUM,2026-09-14 22:11:31.631484
AWB119805,BATCH-A,Kwikship,M-012,Pune,Tier-2,PHANTOM_RTO_CHARGE,0.0,242.0,242.0,MEDIUM,2026-09-14 22:11:31.631484
AWB119808,BATCH-C,Kwikship,M-019,Lucknow,Tier-3,DUPLICATE_SETTLEMENT,1.0,2.0,0.0,HIGH,2026-09-14 22:11:31.913657
AWB119808,BATCH-C,Kwikship,M-019,Lucknow,Tier-3,ETA_SLA_BREACH,72.0,112.3,0.0,LOW,2026-09-14 22:11:32.038362
AWB119808,BATCH-DUP,Kwikship,M-019,Lucknow,Tier-3,DUPLICATE_SETTLEMENT,1.0,2.0,0.0,HIGH,2026-09-14 22:11:31.913657
AWB119808,BATCH-DUP,Kwikship,M-019,Lucknow,Tier-3,ETA_SLA_BREACH,72.0,112.3,0.0,LOW,2026-09-14 22:11:32.038362
AWB119811,BATCH-C,Delhivery,M-012,Lucknow,Tier-3,COD_SHORT_REMITTANCE,3786.0,3548.0,238.0,MEDIUM,2026-09-14 22:10:12.726074
AWB119813,BATCH-A,Delhivery,M-002,Pune,Tier-2,COD_SHORT_REMITTANCE,3818.0,3674.0,144.0,MEDIUM,2026-09-14 22:10:12.726074
AWB119823,BATCH-A,Shiprocket,M-012,Mumbai,Tier-1,OVERDUE_REMITTANCE,14.0,26.0,2282.0,MEDIUM,2026-09-14 22:11:31.791087
AWB119826,BATCH-D,DTDC,M-011,Delhi,Tier-1,EXCESS_FORWARD_CHARGE,65.0,78.0,13.0,LOW,2026-09-14 22:11:32.127304
AWB119828,BATCH-B,DTDC,M-015,Pune,Tier-2,EXCESS_FORWARD_CHARGE,95.0,114.0,19.0,LOW,2026-09-14 22:11:32.127304
AWB119831,BATCH-A,Kwikship,M-019,Lucknow,Tier-3,ETA_SLA_BREACH,72.0,126.6,0.0,LOW,2026-09-14 22:11:32.038362
AWB119832,BATCH-C,Delhivery,M-012,Pune,Tier-2,COD_SHORT_REMITTANCE,5839.0,5503.0,336.0,MEDIUM,2026-09-14 22:10:12.726074
AWB119834,BATCH-B,DTDC,M-004,Lucknow,Tier-3,EXCESS_FORWARD_CHARGE,65.0,78.0,13.0,LOW,2026-09-14 22:11:32.127304
AWB119837,BATCH-C,Bluedart,M-006,Lucknow,Tier-3,WEIGHT_DISPUTE,3.86,4.93,64.0,LOW,2026-09-14 22:11:31.453814
AWB119843,BATCH-B,Kwikship,M-014,Indore,Tier-2,PHANTOM_RTO_CHARGE,0.0,223.0,223.0,MEDIUM,2026-09-14 22:11:31.631484
AWB119851,BATCH-C,Delhivery,M-011,Delhi,Tier-1,PHANTOM_RTO_CHARGE,0.0,249.0,249.0,MEDIUM,2026-09-14 22:11:31.631484
AWB119853,BATCH-C,DTDC,M-015,Indore,Tier-2,EXCESS_FORWARD_CHARGE,95.0,114.0,19.0,LOW,2026-09-14 22:11:32.127304
AWB119856,BATCH-D,DTDC,M-012,Delhi,Tier-1,EXCESS_FORWARD_CHARGE,65.0,78.0,13.0,LOW,2026-09-14 22:11:32.127304
AWB119868,BATCH-A,Shiprocket,M-005,Lucknow,Tier-3,OVERDUE_REMITTANCE,14.0,20.0,1890.0,MEDIUM,2026-09-14 22:11:31.791087
AWB119877,BATCH-B,DTDC,M-010,Pune,Tier-2,EXCESS_FORWARD_CHARGE,65.0,78.0,13.0,LOW,2026-09-14 22:11:32.127304
AWB119882,BATCH-A,DTDC,M-020,Mumbai,Tier-1,EXCESS_FORWARD_CHARGE,95.0,114.0,19.0,LOW,2026-09-14 22:11:32.127304
AWB119889,BATCH-C,Delhivery,M-010,Mumbai,Tier-1,COD_SHORT_REMITTANCE,4840.0,4566.0,274.0,MEDIUM,2026-09-14 22:10:12.726074
AWB119891,BATCH-D,DTDC,M-011,Mumbai,Tier-1,EXCESS_FORWARD_CHARGE,65.0,78.0,13.0,LOW,2026-09-14 22:11:32.127304
AWB119893,BATCH-A,DTDC,M-011,Delhi,Tier-1,EXCESS_FORWARD_CHARGE,95.0,114.0,19.0,LOW,2026-09-14 22:11:32.127304
AWB119896,BATCH-D,DTDC,M-015,Indore,Tier-2,EXCESS_FORWARD_CHARGE,65.0,78.0,13.0,LOW,2026-09-14 22:11:32.127304
AWB119898,BATCH-C,DTDC,M-016,Pune,Tier-2,EXCESS_FORWARD_CHARGE,95.0,114.0,19.0,LOW,2026-09-14 22:11:32.127304
AWB119902,BATCH-A,DTDC,M-019,Delhi,Tier-1,EXCESS_FORWARD_CHARGE,95.0,114.0,19.0,LOW,2026-09-14 22:11:32.127304
AWB119909,BATCH-D,DTDC,M-015,Indore,Tier-2,EXCESS_FORWARD_CHARGE,95.0,114.0,19.0,LOW,2026-09-14 22:11:32.127304
AWB119914,BATCH-C,Bluedart,M-011,Jaipur,Tier-3,WEIGHT_DISPUTE,4.63,6.11,89.0,LOW,2026-09-14 22:11:31.453814
AWB119915,BATCH-D,Kwikship,M-015,Lucknow,Tier-3,ETA_SLA_BREACH,72.0,108.1,0.0,LOW,2026-09-14 22:11:32.038362
AWB119918,BATCH-C,Kwikship,M-015,Indore,Tier-2,PHANTOM_RTO_CHARGE,0.0,207.0,207.0,MEDIUM,2026-09-14 22:11:31.631484
AWB119924,BATCH-C,DTDC,M-009,Pune,Tier-2,PHANTOM_RTO_CHARGE,0.0,177.0,177.0,MEDIUM,2026-09-14 22:11:31.631484
AWB119929,BATCH-A,Delhivery,M-020,Jaipur,Tier-3,PHANTOM_RTO_CHARGE,0.0,208.0,208.0,MEDIUM,2026-09-14 22:11:31.631484
AWB119936,BATCH-B,Delhivery,M-013,Delhi,Tier-1,PHANTOM_RTO_CHARGE,0.0,216.0,216.0,MEDIUM,2026-09-14 22:11:31.631484
AWB119943,BATCH-B,DTDC,M-009,Lucknow,Tier-3,EXCESS_FORWARD_CHARGE,95.0,114.0,19.0,LOW,2026-09-14 22:11:32.127304
AWB119946,BATCH-C,Shiprocket,M-019,Delhi,Tier-1,OVERDUE_REMITTANCE,14.0,22.0,3661.0,MEDIUM,2026-09-14 22:11:31.791087
AWB119950,BATCH-D,Bluedart,M-004,Jaipur,Tier-3,WEIGHT_DISPUTE,8.1,9.86,106.0,MEDIUM,2026-09-14 22:11:31.453814
AWB119953,BATCH-A,Delhivery,M-019,Indore,Tier-2,COD_SHORT_REMITTANCE,3692.0,3521.0,171.0,MEDIUM,2026-09-14 22:10:12.726074
AWB119955,BATCH-B,Bluedart,M-018,Delhi,Tier-1,PHANTOM_RTO_CHARGE,0.0,144.0,144.0,MEDIUM,2026-09-14 22:11:31.631484
AWB119963,BATCH-C,Kwikship,M-017,Pune,Tier-2,PHANTOM_RTO_CHARGE,0.0,135.0,135.0,MEDIUM,2026-09-14 22:11:31.631484
AWB119969,BATCH-A,DTDC,M-003,Mumbai,Tier-1,EXCESS_FORWARD_CHARGE,65.0,78.0,13.0,LOW,2026-09-14 22:11:32.127304
AWB119970,BATCH-B,Bluedart,M-013,Lucknow,Tier-3,WEIGHT_DISPUTE,4.46,5.33,52.0,LOW,2026-09-14 22:11:31.453814
AWB119984,BATCH-C,DTDC,M-014,Mumbai,Tier-1,EXCESS_FORWARD_CHARGE,65.0,78.0,13.0,LOW,2026-09-14 22:11:32.127304
AWB119986,BATCH-C,Bluedart,M-006,Lucknow,Tier-3,WEIGHT_DISPUTE,4.93,6.22,77.0,LOW,2026-09-14 22:11:31.453814
AWB119996,BATCH-D,Delhivery,M-002,Indore,Tier-2,COD_SHORT_REMITTANCE,5806.0,5420.0,386.0,MEDIUM,2026-09-14 22:10:12.726074
AWB120002,BATCH-A,DTDC,M-017,Jaipur,Tier-3,PHANTOM_RTO_CHARGE,0.0,224.0,224.0,MEDIUM,2026-09-14 22:11:31.631484
AWB120007,BATCH-A,DTDC,M-009,Indore,Tier-2,EXCESS_FORWARD_CHARGE,95.0,114.0,19.0,LOW,2026-09-14 22:11:32.127304
AWB120019,BATCH-D,DTDC,M-019,Lucknow,Tier-3,EXCESS_FORWARD_CHARGE,95.0,114.0,19.0,LOW,2026-09-14 22:11:32.127304
AWB120024,BATCH-A,Delhivery,M-016,Pune,Tier-2,COD_SHORT_REMITTANCE,4121.0,3855.0,266.0,MEDIUM,2026-09-14 22:10:12.726074
AWB120029,BATCH-B,Delhivery,M-012,Jaipur,Tier-3,COD_SHORT_REMITTANCE,5676.0,5265.0,411.0,MEDIUM,2026-09-14 22:10:12.726074
AWB120030,BATCH-A,DTDC,M-020,Delhi,Tier-1,EXCESS_FORWARD_CHARGE,95.0,114.0,19.0,LOW,2026-09-14 22:11:32.127304
AWB120036,BATCH-C,DTDC,M-002,Pune,Tier-2,EXCESS_FORWARD_CHARGE,65.0,78.0,13.0,LOW,2026-09-14 22:11:32.127304
AWB120037,BATCH-C,Bluedart,M-009,Lucknow,Tier-3,WEIGHT_DISPUTE,5.06,6.07,61.0,LOW,2026-09-14 22:11:31.453814
AWB120042,BATCH-C,Kwikship,M-009,Mumbai,Tier-1,PHANTOM_RTO_CHARGE,0.0,151.0,151.0,MEDIUM,2026-09-14 22:11:31.631484
AWB120044,BATCH-B,DTDC,M-005,Jaipur,Tier-3,EXCESS_FORWARD_CHARGE,95.0,114.0,19.0,LOW,2026-09-14 22:11:32.127304
AWB120047,BATCH-C,Shiprocket,M-007,Mumbai,Tier-1,OVERDUE_REMITTANCE,14.0,23.0,5746.0,MEDIUM,2026-09-14 22:11:31.791087
AWB120050,BATCH-C,Bluedart,M-003,Jaipur,Tier-3,PHANTOM_RTO_CHARGE,0.0,145.0,145.0,MEDIUM,2026-09-14 22:11:31.631484
AWB120050,BATCH-C,Bluedart,M-003,Jaipur,Tier-3,WEIGHT_DISPUTE,8.3,10.45,129.0,MEDIUM,2026-09-14 22:11:31.453814
AWB120052,BATCH-B,Shiprocket,M-013,Pune,Tier-2,PHANTOM_RTO_CHARGE,0.0,235.0,235.0,MEDIUM,2026-09-14 22:11:31.631484
AWB120054,BATCH-B,Delhivery,M-013,Mumbai,Tier-1,COD_SHORT_REMITTANCE,5858.0,5449.0,409.0,MEDIUM,2026-09-14 22:10:12.726074
AWB120055,BATCH-C,DTDC,M-013,Lucknow,Tier-3,EXCESS_FORWARD_CHARGE,65.0,78.0,13.0,LOW,2026-09-14 22:11:32.127304
AWB120062,BATCH-B,DTDC,M-011,Pune,Tier-2,EXCESS_FORWARD_CHARGE,42.0,50.0,8.0,LOW,2026-09-14 22:11:32.127304
AWB120062,BATCH-B,DTDC,M-011,Pune,Tier-2,PHANTOM_RTO_CHARGE,0.0,212.0,212.0,MEDIUM,2026-09-14 22:11:31.631484
AWB120063,BATCH-A,DTDC,M-018,Pune,Tier-2,EXCESS_FORWARD_CHARGE,95.0,114.0,19.0,LOW,2026-09-14 22:11:32.127304
AWB120072,BATCH-B,Bluedart,M-002,Jaipur,Tier-3,WEIGHT_DISPUTE,6.36,8.15,107.0,MEDIUM,2026-09-14 22:11:31.453814
AWB120075,BATCH-A,Delhivery,M-001,Jaipur,Tier-3,COD_SHORT_REMITTANCE,4458.0,4187.0,271.0,MEDIUM,2026-09-14 22:10:12.726074
AWB120077,BATCH-D,DTDC,M-003,Mumbai,Tier-1,EXCESS_FORWARD_CHARGE,95.0,114.0,19.0,LOW,2026-09-14 22:11:32.127304
AWB120078,BATCH-A,Shiprocket,M-014,Mumbai,Tier-1,OVERDUE_REMITTANCE,14.0,19.0,4525.0,MEDIUM,2026-09-14 22:11:31.791087
AWB120080,BATCH-A,DTDC,M-003,Jaipur,Tier-3,PHANTOM_RTO_CHARGE,0.0,179.0,179.0,MEDIUM,2026-09-14 22:11:31.631484
AWB120083,BATCH-C,Shiprocket,M-008,Indore,Tier-2,PHANTOM_RTO_CHARGE,0.0,155.0,155.0,MEDIUM,2026-09-14 22:11:31.631484
AWB120094,BATCH-A,DTDC,M-012,Jaipur,Tier-3,EXCESS_FORWARD_CHARGE,65.0,78.0,13.0,LOW,2026-09-14 22:11:32.127304
AWB120095,BATCH-B,Kwikship,M-009,Pune,Tier-2,PHANTOM_RTO_CHARGE,0.0,239.0,239.0,MEDIUM,2026-09-14 22:11:31.631484
AWB120098,BATCH-B,Bluedart,M-019,Mumbai,Tier-1,PHANTOM_RTO_CHARGE,0.0,165.0,165.0,MEDIUM,2026-09-14 22:11:31.631484
AWB120100,BATCH-A,Bluedart,M-014,Lucknow,Tier-3,WEIGHT_DISPUTE,3.53,4.63,66.0,LOW,2026-09-14 22:11:31.453814
AWB120105,BATCH-D,Delhivery,M-005,Indore,Tier-2,COD_SHORT_REMITTANCE,3003.0,2830.0,173.0,MEDIUM,2026-09-14 22:10:12.726074
AWB120106,BATCH-C,DTDC,M-003,Delhi,Tier-1,EXCESS_FORWARD_CHARGE,65.0,78.0,13.0,LOW,2026-09-14 22:11:32.127304
AWB120108,BATCH-B,Kwikship,M-004,Indore,Tier-2,PHANTOM_RTO_CHARGE,0.0,148.0,148.0,MEDIUM,2026-09-14 22:11:31.631484
AWB120113,BATCH-D,DTDC,M-002,Indore,Tier-2,EXCESS_FORWARD_CHARGE,95.0,114.0,19.0,LOW,2026-09-14 22:11:32.127304
AWB120115,BATCH-D,Delhivery,M-013,Jaipur,Tier-3,COD_SHORT_REMITTANCE,3949.0,3816.0,133.0,MEDIUM,2026-09-14 22:10:12.726074
AWB120117,BATCH-A,Kwikship,M-013,Jaipur,Tier-3,ETA_SLA_BREACH,72.0,123.3,0.0,LOW,2026-09-14 22:11:32.038362
AWB120117,BATCH-A,Kwikship,M-013,Jaipur,Tier-3,PHANTOM_RTO_CHARGE,0.0,108.0,108.0,MEDIUM,2026-09-14 22:11:31.631484
AWB120122,BATCH-D,Kwikship,M-015,Jaipur,Tier-3,PHANTOM_RTO_CHARGE,0.0,145.0,145.0,MEDIUM,2026-09-14 22:11:31.631484
AWB120136,BATCH-C,Shiprocket,M-007,Indore,Tier-2,OVERDUE_REMITTANCE,14.0,19.0,0.0,MEDIUM,2026-09-14 22:11:31.791087
AWB120138,BATCH-D,Kwikship,M-006,Indore,Tier-2,PHANTOM_RTO_CHARGE,0.0,155.0,155.0,MEDIUM,2026-09-14 22:11:31.631484
AWB120140,BATCH-A,DTDC,M-012,Pune,Tier-2,EXCESS_FORWARD_CHARGE,95.0,114.0,19.0,LOW,2026-09-14 22:11:32.127304
AWB120141,BATCH-B,Delhivery,M-010,Indore,Tier-2,COD_SHORT_REMITTANCE,4144.0,3991.0,153.0,MEDIUM,2026-09-14 22:10:12.726074
AWB120143,BATCH-C,Bluedart,M-020,Lucknow,Tier-3,WEIGHT_DISPUTE,2.29,2.81,31.0,LOW,2026-09-14 22:11:31.453814
AWB120144,BATCH-A,DTDC,M-017,Lucknow,Tier-3,EXCESS_FORWARD_CHARGE,95.0,114.0,19.0,LOW,2026-09-14 22:11:32.127304
AWB120145,BATCH-A,Shiprocket,M-018,Pune,Tier-2,DUPLICATE_SETTLEMENT,1.0,2.0,5202.0,HIGH,2026-09-14 22:11:31.913657
AWB120145,BATCH-DUP,Shiprocket,M-018,Pune,Tier-2,DUPLICATE_SETTLEMENT,1.0,2.0,5202.0,HIGH,2026-09-14 22:11:31.913657
AWB120149,BATCH-D,Delhivery,M-020,Delhi,Tier-1,PHANTOM_RTO_CHARGE,0.0,102.0,102.0,MEDIUM,2026-09-14 22:11:31.631484
AWB120152,BATCH-C,DTDC,M-001,Delhi,Tier-1,EXCESS_FORWARD_CHARGE,95.0,114.0,19.0,LOW,2026-09-14 22:11:32.127304
AWB120154,BATCH-D,Bluedart,M-008,Jaipur,Tier-3,PHANTOM_RTO_CHARGE,0.0,176.0,176.0,MEDIUM,2026-09-14 22:11:31.631484
AWB120154,BATCH-D,Bluedart,M-008,Jaipur,Tier-3,WEIGHT_DISPUTE,2.47,3.07,36.0,LOW,2026-09-14 22:11:31.453814
AWB120156,BATCH-B,DTDC,M-014,Delhi,Tier-1,EXCESS_FORWARD_CHARGE,95.0,114.0,19.0,LOW,2026-09-14 22:11:32.127304
AWB120158,BATCH-C,Kwikship,M-003,Indore,Tier-2,PHANTOM_RTO_CHARGE,0.0,134.0,134.0,MEDIUM,2026-09-14 22:11:31.631484
AWB120159,BATCH-D,DTDC,M-001,Delhi,Tier-1,EXCESS_FORWARD_CHARGE,65.0,78.0,13.0,LOW,2026-09-14 22:11:32.127304
AWB120163,BATCH-C,DTDC,M-009,Jaipur,Tier-3,EXCESS_FORWARD_CHARGE,95.0,114.0,19.0,LOW,2026-09-14 22:11:32.127304
AWB120163,BATCH-C,DTDC,M-009,Jaipur,Tier-3,PHANTOM_RTO_CHARGE,0.0,240.0,240.0,MEDIUM,2026-09-14 22:11:31.631484
AWB120165,BATCH-B,Shiprocket,M-017,Mumbai,Tier-1,OVERDUE_REMITTANCE,14.0,26.0,2098.0,MEDIUM,2026-09-14 22:11:31.791087
AWB120179,BATCH-C,Delhivery,M-013,Pune,Tier-2,COD_SHORT_REMITTANCE,5656.0,5314.0,342.0,MEDIUM,2026-09-14 22:10:12.726074
AWB120181,BATCH-A,Delhivery,M-004,Pune,Tier-2,COD_SHORT_REMITTANCE,4400.0,4252.0,148.0,MEDIUM,2026-09-14 22:10:12.726074
AWB120198,BATCH-A,DTDC,M-002,Pune,Tier-2,EXCESS_FORWARD_CHARGE,95.0,114.0,19.0,LOW,2026-09-14 22:11:32.127304
AWB120198,BATCH-A,DTDC,M-002,Pune,Tier-2,PHANTOM_RTO_CHARGE,0.0,223.0,223.0,MEDIUM,2026-09-14 22:11:31.631484
AWB120200,BATCH-D,Bluedart,M-013,Jaipur,Tier-3,WEIGHT_DISPUTE,6.65,8.57,115.0,MEDIUM,2026-09-14 22:11:31.453814
AWB120201,BATCH-C,Bluedart,M-004,Lucknow,Tier-3,DUPLICATE_SETTLEMENT,1.0,2.0,3607.0,HIGH,2026-09-14 22:11:31.913657
AWB120201,BATCH-C,Bluedart,M-004,Lucknow,Tier-3,WEIGHT_DISPUTE,2.49,3.13,38.0,LOW,2026-09-14 22:11:31.453814
AWB120201,BATCH-DUP,Bluedart,M-004,Lucknow,Tier-3,DUPLICATE_SETTLEMENT,1.0,2.0,3607.0,HIGH,2026-09-14 22:11:31.913657
AWB120201,BATCH-DUP,Bluedart,M-004,Lucknow,Tier-3,WEIGHT_DISPUTE,2.49,3.13,38.0,LOW,2026-09-14 22:11:31.453814
AWB120204,BATCH-C,DTDC,M-016,Pune,Tier-2,EXCESS_FORWARD_CHARGE,95.0,114.0,19.0,LOW,2026-09-14 22:11:32.127304
AWB120207,BATCH-C,Delhivery,M-011,Indore,Tier-2,PHANTOM_RTO_CHARGE,0.0,181.0,181.0,MEDIUM,2026-09-14 22:11:31.631484
AWB120209,BATCH-D,Delhivery,M-001,Pune,Tier-2,PHANTOM_RTO_CHARGE,0.0,223.0,223.0,MEDIUM,2026-09-14 22:11:31.631484
AWB120210,BATCH-B,DTDC,M-004,Lucknow,Tier-3,EXCESS_FORWARD_CHARGE,95.0,114.0,19.0,LOW,2026-09-14 22:11:32.127304
AWB120210,BATCH-B,DTDC,M-004,Lucknow,Tier-3,PHANTOM_RTO_CHARGE,0.0,180.0,180.0,MEDIUM,2026-09-14 22:11:31.631484
AWB120212,BATCH-A,Delhivery,M-003,Pune,Tier-2,COD_SHORT_REMITTANCE,3278.0,3093.0,185.0,MEDIUM,2026-09-14 22:10:12.726074
AWB120221,BATCH-C,Bluedart,M-004,Lucknow,Tier-3,WEIGHT_DISPUTE,3.9,4.76,52.0,LOW,2026-09-14 22:11:31.453814
AWB120223,BATCH-D,Shiprocket,M-020,Pune,Tier-2,OVERDUE_REMITTANCE,14.0,22.0,0.0,MEDIUM,2026-09-14 22:11:31.791087
AWB120225,BATCH-C,Delhivery,M-013,Indore,Tier-2,COD_SHORT_REMITTANCE,3163.0,2917.0,246.0,MEDIUM,2026-09-14 22:10:12.726074
AWB120225,BATCH-C,Delhivery,M-013,Indore,Tier-2,DUPLICATE_SETTLEMENT,1.0,2.0,2917.0,HIGH,2026-09-14 22:11:31.913657
AWB120225,BATCH-DUP,Delhivery,M-013,Indore,Tier-2,COD_SHORT_REMITTANCE,3163.0,2917.0,246.0,MEDIUM,2026-09-14 22:10:12.726074
AWB120225,BATCH-DUP,Delhivery,M-013,Indore,Tier-2,DUPLICATE_SETTLEMENT,1.0,2.0,2917.0,HIGH,2026-09-14 22:11:31.913657
AWB120230,BATCH-B,Delhivery,M-005,Pune,Tier-2,COD_SHORT_REMITTANCE,5071.0,4724.0,347.0,MEDIUM,2026-09-14 22:10:12.726074
AWB120242,BATCH-B,DTDC,M-006,Lucknow,Tier-3,EXCESS_FORWARD_CHARGE,95.0,114.0,19.0,LOW,2026-09-14 22:11:32.127304
AWB120243,BATCH-B,Bluedart,M-010,Lucknow,Tier-3,WEIGHT_DISPUTE,8.22,10.17,117.0,MEDIUM,2026-09-14 22:11:31.453814
AWB120246,BATCH-C,Delhivery,M-010,Jaipur,Tier-3,COD_SHORT_REMITTANCE,4099.0,3908.0,191.0,MEDIUM,2026-09-14 22:10:12.726074
AWB120250,BATCH-B,Delhivery,M-014,Delhi,Tier-1,COD_SHORT_REMITTANCE,3152.0,2989.0,163.0,MEDIUM,2026-09-14 22:10:12.726074
AWB120258,BATCH-C,Kwikship,M-011,Lucknow,Tier-3,ETA_SLA_BREACH,72.0,107.1,0.0,LOW,2026-09-14 22:11:32.038362
AWB120263,BATCH-C,DTDC,M-020,Lucknow,Tier-3,EXCESS_FORWARD_CHARGE,95.0,114.0,19.0,LOW,2026-09-14 22:11:32.127304
AWB120269,BATCH-A,Delhivery,M-010,Delhi,Tier-1,COD_SHORT_REMITTANCE,4440.0,4277.0,163.0,MEDIUM,2026-09-14 22:10:12.726074
AWB120273,BATCH-C,Shiprocket,M-008,Pune,Tier-2,OVERDUE_REMITTANCE,14.0,25.0,1603.0,MEDIUM,2026-09-14 22:11:31.791087
AWB120279,BATCH-C,DTDC,M-012,Delhi,Tier-1,EXCESS_FORWARD_CHARGE,65.0,78.0,13.0,LOW,2026-09-14 22:11:32.127304
AWB120283,BATCH-B,Bluedart,M-006,Jaipur,Tier-3,PHANTOM_RTO_CHARGE,0.0,116.0,116.0,MEDIUM,2026-09-14 22:11:31.631484
AWB120283,BATCH-B,Bluedart,M-006,Jaipur,Tier-3,WEIGHT_DISPUTE,5.64,7.02,83.0,LOW,2026-09-14 22:11:31.453814
AWB120291,BATCH-C,Shiprocket,M-006,Mumbai,Tier-1,OVERDUE_REMITTANCE,14.0,25.0,0.0,MEDIUM,2026-09-14 22:11:31.791087
AWB120293,BATCH-C,Bluedart,M-002,Lucknow,Tier-3,WEIGHT_DISPUTE,2.76,3.52,46.0,LOW,2026-09-14 22:11:31.453814
AWB120295,BATCH-C,DTDC,M-020,Delhi,Tier-1,EXCESS_FORWARD_CHARGE,95.0,114.0,19.0,LOW,2026-09-14 22:11:32.127304
AWB120298,BATCH-A,DTDC,M-020,Jaipur,Tier-3,EXCESS_FORWARD_CHARGE,95.0,114.0,19.0,LOW,2026-09-14 22:11:32.127304
AWB120303,BATCH-D,DTDC,M-007,Mumbai,Tier-1,PHANTOM_RTO_CHARGE,0.0,211.0,211.0,MEDIUM,2026-09-14 22:11:31.631484
AWB120310,BATCH-A,Bluedart,M-012,Mumbai,Tier-1,PHANTOM_RTO_CHARGE,0.0,120.0,120.0,MEDIUM,2026-09-14 22:11:31.631484
AWB120314,BATCH-B,Delhivery,M-017,Jaipur,Tier-3,COD_SHORT_REMITTANCE,3118.0,2994.0,124.0,MEDIUM,2026-09-14 22:10:12.726074
AWB120318,BATCH-A,Bluedart,M-009,Delhi,Tier-1,PHANTOM_RTO_CHARGE,0.0,163.0,163.0,MEDIUM,2026-09-14 22:11:31.631484
AWB120321,BATCH-C,DTDC,M-011,Pune,Tier-2,EXCESS_FORWARD_CHARGE,65.0,78.0,13.0,LOW,2026-09-14 22:11:32.127304
AWB120323,BATCH-C,DTDC,M-009,Pune,Tier-2,EXCESS_FORWARD_CHARGE,95.0,114.0,19.0,LOW,2026-09-14 22:11:32.127304
AWB120323,BATCH-C,DTDC,M-009,Pune,Tier-2,PHANTOM_RTO_CHARGE,0.0,188.0,188.0,MEDIUM,2026-09-14 22:11:31.631484
AWB120325,BATCH-A,Kwikship,M-003,Jaipur,Tier-3,ETA_SLA_BREACH,72.0,100.9,0.0,LOW,2026-09-14 22:11:32.038362
AWB120326,BATCH-C,Bluedart,M-006,Lucknow,Tier-3,WEIGHT_DISPUTE,5.59,7.09,90.0,LOW,2026-09-14 22:11:31.453814
AWB120327,BATCH-B,Kwikship,M-015,Delhi,Tier-1,PHANTOM_RTO_CHARGE,0.0,207.0,207.0,MEDIUM,2026-09-14 22:11:31.631484
AWB120343,BATCH-A,Delhivery,M-002,Jaipur,Tier-3,PHANTOM_RTO_CHARGE,0.0,228.0,228.0,MEDIUM,2026-09-14 22:11:31.631484
AWB120347,BATCH-B,Delhivery,M-009,Delhi,Tier-1,PHANTOM_RTO_CHARGE,0.0,179.0,179.0,MEDIUM,2026-09-14 22:11:31.631484
AWB120352,BATCH-C,Bluedart,M-014,Lucknow,Tier-3,WEIGHT_DISPUTE,5.47,7.2,103.0,MEDIUM,2026-09-14 22:11:31.453814
AWB120356,BATCH-C,Shiprocket,M-020,Indore,Tier-2,DUPLICATE_SETTLEMENT,1.0,2.0,1281.0,HIGH,2026-09-14 22:11:31.913657
AWB120356,BATCH-DUP,Shiprocket,M-020,Indore,Tier-2,DUPLICATE_SETTLEMENT,1.0,2.0,1281.0,HIGH,2026-09-14 22:11:31.913657
AWB120360,BATCH-D,Delhivery,M-001,Delhi,Tier-1,COD_SHORT_REMITTANCE,4322.0,3995.0,327.0,MEDIUM,2026-09-14 22:10:12.726074
AWB120360,BATCH-D,Delhivery,M-001,Delhi,Tier-1,PHANTOM_RTO_CHARGE,0.0,117.0,117.0,MEDIUM,2026-09-14 22:11:31.631484
AWB120368,BATCH-C,DTDC,M-020,Lucknow,Tier-3,EXCESS_FORWARD_CHARGE,95.0,114.0,19.0,LOW,2026-09-14 22:11:32.127304
AWB120369,BATCH-A,DTDC,M-009,Pune,Tier-2,EXCESS_FORWARD_CHARGE,95.0,114.0,19.0,LOW,2026-09-14 22:11:32.127304
AWB120370,BATCH-C,Bluedart,M-002,Lucknow,Tier-3,WEIGHT_DISPUTE,2.4,2.86,27.0,LOW,2026-09-14 22:11:31.453814
AWB120371,BATCH-D,Delhivery,M-006,Delhi,Tier-1,COD_SHORT_REMITTANCE,3698.0,3562.0,136.0,MEDIUM,2026-09-14 22:10:12.726074
AWB120371,BATCH-D,Delhivery,M-006,Delhi,Tier-1,PHANTOM_RTO_CHARGE,0.0,198.0,198.0,MEDIUM,2026-09-14 22:11:31.631484
AWB120375,BATCH-A,Shiprocket,M-015,Indore,Tier-2,PHANTOM_RTO_CHARGE,0.0,125.0,125.0,MEDIUM,2026-09-14 22:11:31.631484
AWB120388,BATCH-B,Delhivery,M-001,Delhi,Tier-1,DUPLICATE_SETTLEMENT,1.0,2.0,1614.0,HIGH,2026-09-14 22:11:31.913657
AWB120388,BATCH-DUP,Delhivery,M-001,Delhi,Tier-1,DUPLICATE_SETTLEMENT,1.0,2.0,1614.0,HIGH,2026-09-14 22:11:31.913657
AWB120392,BATCH-A,DTDC,M-019,Indore,Tier-2,EXCESS_FORWARD_CHARGE,42.0,50.0,8.0,LOW,2026-09-14 22:11:32.127304
AWB120394,BATCH-B,DTDC,M-015,Pune,Tier-2,EXCESS_FORWARD_CHARGE,65.0,78.0,13.0,LOW,2026-09-14 22:11:32.127304
AWB120397,BATCH-C,DTDC,M-017,Lucknow,Tier-3,EXCESS_FORWARD_CHARGE,65.0,78.0,13.0,LOW,2026-09-14 22:11:32.127304
AWB120406,BATCH-C,DTDC,M-011,Delhi,Tier-1,EXCESS_FORWARD_CHARGE,95.0,114.0,19.0,LOW,2026-09-14 22:11:32.127304
AWB120407,BATCH-A,DTDC,M-010,Indore,Tier-2,PHANTOM_RTO_CHARGE,0.0,154.0,154.0,MEDIUM,2026-09-14 22:11:31.631484
AWB120410,BATCH-B,Kwikship,M-006,Mumbai,Tier-1,PHANTOM_RTO_CHARGE,0.0,123.0,123.0,MEDIUM,2026-09-14 22:11:31.631484
AWB120414,BATCH-C,DTDC,M-012,Mumbai,Tier-1,EXCESS_FORWARD_CHARGE,95.0,114.0,19.0,LOW,2026-09-14 22:11:32.127304
AWB120427,BATCH-B,Bluedart,M-007,Jaipur,Tier-3,WEIGHT_DISPUTE,3.9,5.0,66.0,LOW,2026-09-14 22:11:31.453814
AWB120432,BATCH-A,Kwikship,M-010,Lucknow,Tier-3,ETA_SLA_BREACH,72.0,132.7,0.0,LOW,2026-09-14 22:11:32.038362
AWB120437,BATCH-A,Bluedart,M-016,Jaipur,Tier-3,WEIGHT_DISPUTE,2.01,2.38,22.0,LOW,2026-09-14 22:11:31.453814
AWB120442,BATCH-A,DTDC,M-011,Delhi,Tier-1,EXCESS_FORWARD_CHARGE,65.0,78.0,13.0,LOW,2026-09-14 22:11:32.127304
AWB120451,BATCH-B,DTDC,M-014,Jaipur,Tier-3,EXCESS_FORWARD_CHARGE,95.0,114.0,19.0,LOW,2026-09-14 22:11:32.127304
AWB120452,BATCH-C,DTDC,M-014,Lucknow,Tier-3,EXCESS_FORWARD_CHARGE,95.0,114.0,19.0,LOW,2026-09-14 22:11:32.127304
AWB120459,BATCH-D,Delhivery,M-002,Jaipur,Tier-3,COD_SHORT_REMITTANCE,4582.0,4401.0,181.0,MEDIUM,2026-09-14 22:10:12.726074
AWB120466,BATCH-A,DTDC,M-002,Pune,Tier-2,EXCESS_FORWARD_CHARGE,95.0,114.0,19.0,LOW,2026-09-14 22:11:32.127304
AWB120469,BATCH-A,Bluedart,M-006,Lucknow,Tier-3,WEIGHT_DISPUTE,5.9,7.69,107.0,MEDIUM,2026-09-14 22:11:31.453814
AWB120474,BATCH-C,DTDC,M-020,Pune,Tier-2,EXCESS_FORWARD_CHARGE,65.0,78.0,13.0,LOW,2026-09-14 22:11:32.127304
AWB120475,BATCH-C,Kwikship,M-009,Jaipur,Tier-3,ETA_SLA_BREACH,72.0,135.5,0.0,LOW,2026-09-14 22:11:32.038362
AWB120483,BATCH-D,DTDC,M-015,Pune,Tier-2,EXCESS_FORWARD_CHARGE,95.0,114.0,19.0,LOW,2026-09-14 22:11:32.127304
AWB120485,BATCH-D,Bluedart,M-015,Lucknow,Tier-3,WEIGHT_DISPUTE,4.32,5.57,75.0,LOW,2026-09-14 22:11:31.453814
AWB120489,BATCH-B,Kwikship,M-008,Lucknow,Tier-3,ETA_SLA_BREACH,72.0,119.4,0.0,LOW,2026-09-14 22:11:32.038362
AWB120491,BATCH-C,Shiprocket,M-014,Jaipur,Tier-3,PHANTOM_RTO_CHARGE,0.0,110.0,110.0,MEDIUM,2026-09-14 22:11:31.631484
AWB120495,BATCH-D,Delhivery,M-003,Lucknow,Tier-3,COD_SHORT_REMITTANCE,4215.0,3898.0,317.0,MEDIUM,2026-09-14 22:10:12.726074
AWB120495,BATCH-D,Delhivery,M-003,Lucknow,Tier-3,PHANTOM_RTO_CHARGE,0.0,241.0,241.0,MEDIUM,2026-09-14 22:11:31.631484
AWB120501,BATCH-A,Delhivery,M-006,Delhi,Tier-1,COD_SHORT_REMITTANCE,5515.0,5190.0,325.0,MEDIUM,2026-09-14 22:10:12.726074
AWB120510,BATCH-C,DTDC,M-001,Lucknow,Tier-3,EXCESS_FORWARD_CHARGE,95.0,114.0,19.0,LOW,2026-09-14 22:11:32.127304
AWB120515,BATCH-B,DTDC,M-016,Delhi,Tier-1,EXCESS_FORWARD_CHARGE,65.0,78.0,13.0,LOW,2026-09-14 22:11:32.127304
AWB120517,BATCH-A,Delhivery,M-012,Pune,Tier-2,PHANTOM_RTO_CHARGE,0.0,245.0,245.0,MEDIUM,2026-09-14 22:11:31.631484
AWB120518,BATCH-A,Shiprocket,M-007,Jaipur,Tier-3,DUPLICATE_SETTLEMENT,1.0,2.0,4730.0,HIGH,2026-09-14 22:11:31.913657
AWB120518,BATCH-DUP,Shiprocket,M-007,Jaipur,Tier-3,DUPLICATE_SETTLEMENT,1.0,2.0,4730.0,HIGH,2026-09-14 22:11:31.913657
AWB120522,BATCH-C,Kwikship,M-018,Lucknow,Tier-3,ETA_SLA_BREACH,72.0,129.1,0.0,LOW,2026-09-14 22:11:32.038362
AWB120525,BATCH-A,Shiprocket,M-005,Pune,Tier-2,PHANTOM_RTO_CHARGE,0.0,149.0,149.0,MEDIUM,2026-09-14 22:11:31.631484
AWB120526,BATCH-D,DTDC,M-010,Indore,Tier-2,EXCESS_FORWARD_CHARGE,95.0,114.0,19.0,LOW,2026-09-14 22:11:32.127304
AWB120530,BATCH-C,Bluedart,M-020,Lucknow,Tier-3,WEIGHT_DISPUTE,6.72,8.32,96.0,LOW,2026-09-14 22:11:31.453814
AWB120532,BATCH-B,DTDC,M-020,Mumbai,Tier-1,EXCESS_FORWARD_CHARGE,95.0,114.0,19.0,LOW,2026-09-14 22:11:32.127304
AWB120540,BATCH-A,Kwikship,M-017,Jaipur,Tier-3,ETA_SLA_BREACH,72.0,118.2,0.0,LOW,2026-09-14 22:11:32.038362
AWB120540,BATCH-A,Kwikship,M-017,Jaipur,Tier-3,PHANTOM_RTO_CHARGE,0.0,236.0,236.0,MEDIUM,2026-09-14 22:11:31.631484
AWB120542,BATCH-A,DTDC,M-002,Jaipur,Tier-3,EXCESS_FORWARD_CHARGE,95.0,114.0,19.0,LOW,2026-09-14 22:11:32.127304
AWB120548,BATCH-C,Kwikship,M-017,Jaipur,Tier-3,ETA_SLA_BREACH,72.0,103.9,0.0,LOW,2026-09-14 22:11:32.038362
AWB120552,BATCH-C,Delhivery,M-002,Delhi,Tier-1,PHANTOM_RTO_CHARGE,0.0,142.0,142.0,MEDIUM,2026-09-14 22:11:31.631484
AWB120554,BATCH-C,Shiprocket,M-016,Delhi,Tier-1,OVERDUE_REMITTANCE,14.0,25.0,3981.0,MEDIUM,2026-09-14 22:11:31.791087
AWB120555,BATCH-B,DTDC,M-012,Lucknow,Tier-3,EXCESS_FORWARD_CHARGE,95.0,114.0,19.0,LOW,2026-09-14 22:11:32.127304
AWB120556,BATCH-A,DTDC,M-017,Indore,Tier-2,PHANTOM_RTO_CHARGE,0.0,233.0,233.0,MEDIUM,2026-09-14 22:11:31.631484
AWB120580,BATCH-B,Kwikship,M-019,Mumbai,Tier-1,PHANTOM_RTO_CHARGE,0.0,179.0,179.0,MEDIUM,2026-09-14 22:11:31.631484
AWB120585,BATCH-B,Delhivery,M-005,Mumbai,Tier-1,COD_SHORT_REMITTANCE,5971.0,5685.0,286.0,MEDIUM,2026-09-14 22:10:12.726074
AWB120587,BATCH-A,DTDC,M-008,Delhi,Tier-1,EXCESS_FORWARD_CHARGE,95.0,114.0,19.0,LOW,2026-09-14 22:11:32.127304
AWB120591,BATCH-A,Bluedart,M-006,Lucknow,Tier-3,WEIGHT_DISPUTE,0.68,0.86,11.0,LOW,2026-09-14 22:11:31.453814
AWB120592,BATCH-C,Shiprocket,M-002,Jaipur,Tier-3,OVERDUE_REMITTANCE,14.0,26.0,5050.0,MEDIUM,2026-09-14 22:11:31.791087
AWB120593,BATCH-C,Bluedart,M-015,Lucknow,Tier-3,WEIGHT_DISPUTE,2.97,3.86,53.0,LOW,2026-09-14 22:11:31.453814
AWB120596,BATCH-C,DTDC,M-004,Delhi,Tier-1,EXCESS_FORWARD_CHARGE,95.0,114.0,19.0,LOW,2026-09-14 22:11:32.127304
AWB120599,BATCH-A,DTDC,M-011,Jaipur,Tier-3,PHANTOM_RTO_CHARGE,0.0,149.0,149.0,MEDIUM,2026-09-14 22:11:31.631484
AWB120602,BATCH-B,DTDC,M-018,Lucknow,Tier-3,EXCESS_FORWARD_CHARGE,95.0,114.0,19.0,LOW,2026-09-14 22:11:32.127304
AWB120604,BATCH-D,Bluedart,M-005,Lucknow,Tier-3,WEIGHT_DISPUTE,6.38,7.9,91.0,LOW,2026-09-14 22:11:31.453814
AWB120606,BATCH-D,DTDC,M-014,Lucknow,Tier-3,EXCESS_FORWARD_CHARGE,95.0,114.0,19.0,LOW,2026-09-14 22:11:32.127304
AWB120608,BATCH-C,Shiprocket,M-008,Indore,Tier-2,DUPLICATE_SETTLEMENT,1.0,2.0,2636.0,HIGH,2026-09-14 22:11:31.913657
AWB120608,BATCH-DUP,Shiprocket,M-008,Indore,Tier-2,DUPLICATE_SETTLEMENT,1.0,2.0,2636.0,HIGH,2026-09-14 22:11:31.913657
AWB120619,BATCH-A,Kwikship,M-012,Jaipur,Tier-3,PHANTOM_RTO_CHARGE,0.0,131.0,131.0,MEDIUM,2026-09-14 22:11:31.631484
AWB120625,BATCH-B,DTDC,M-011,Jaipur,Tier-3,EXCESS_FORWARD_CHARGE,65.0,78.0,13.0,LOW,2026-09-14 22:11:32.127304
AWB120630,BATCH-A,Bluedart,M-014,Jaipur,Tier-3,WEIGHT_DISPUTE,8.0,10.23,134.0,MEDIUM,2026-09-14 22:11:31.453814
AWB120631,BATCH-A,Kwikship,M-006,Jaipur,Tier-3,ETA_SLA_BREACH,72.0,136.2,0.0,LOW,2026-09-14 22:11:32.038362
AWB120633,BATCH-C,Shiprocket,M-009,Delhi,Tier-1,PHANTOM_RTO_CHARGE,0.0,238.0,238.0,MEDIUM,2026-09-14 22:11:31.631484
AWB120634,BATCH-D,Shiprocket,M-016,Delhi,Tier-1,PHANTOM_RTO_CHARGE,0.0,210.0,210.0,MEDIUM,2026-09-14 22:11:31.631484
AWB120646,BATCH-B,Kwikship,M-019,Indore,Tier-2,PHANTOM_RTO_CHARGE,0.0,194.0,194.0,MEDIUM,2026-09-14 22:11:31.631484
AWB120649,BATCH-B,Delhivery,M-011,Lucknow,Tier-3,COD_SHORT_REMITTANCE,5354.0,5037.0,317.0,MEDIUM,2026-09-14 22:10:12.726074
AWB120653,BATCH-C,Delhivery,M-011,Pune,Tier-2,COD_SHORT_REMITTANCE,5807.0,5442.0,365.0,MEDIUM,2026-09-14 22:10:12.726074
AWB120654,BATCH-D,Bluedart,M-004,Jaipur,Tier-3,WEIGHT_DISPUTE,2.56,3.27,43.0,LOW,2026-09-14 22:11:31.453814
AWB120659,BATCH-A,Bluedart,M-007,Pune,Tier-2,PHANTOM_RTO_CHARGE,0.0,229.0,229.0,MEDIUM,2026-09-14 22:11:31.631484
AWB120663,BATCH-B,DTDC,M-019,Lucknow,Tier-3,EXCESS_FORWARD_CHARGE,95.0,114.0,19.0,LOW,2026-09-14 22:11:32.127304
AWB120674,BATCH-C,Kwikship,M-002,Jaipur,Tier-3,ETA_SLA_BREACH,72.0,133.6,0.0,LOW,2026-09-14 22:11:32.038362
AWB120675,BATCH-D,Bluedart,M-010,Delhi,Tier-1,PHANTOM_RTO_CHARGE,0.0,205.0,205.0,MEDIUM,2026-09-14 22:11:31.631484
AWB120691,BATCH-C,Shiprocket,M-011,Delhi,Tier-1,OVERDUE_REMITTANCE,14.0,26.0,0.0,MEDIUM,2026-09-14 22:11:31.791087
AWB120695,BATCH-B,DTDC,M-003,Mumbai,Tier-1,PHANTOM_RTO_CHARGE,0.0,245.0,245.0,MEDIUM,2026-09-14 22:11:31.631484
AWB120698,BATCH-B,DTDC,M-012,Jaipur,Tier-3,EXCESS_FORWARD_CHARGE,65.0,78.0,13.0,LOW,2026-09-14 22:11:32.127304
AWB120699,BATCH-A,Kwikship,M-012,Jaipur,Tier-3,ETA_SLA_BREACH,72.0,132.3,0.0,LOW,2026-09-14 22:11:32.038362
AWB120701,BATCH-B,Shiprocket,M-015,Mumbai,Tier-1,OVERDUE_REMITTANCE,14.0,23.0,632.0,MEDIUM,2026-09-14 22:11:31.791087
AWB120702,BATCH-D,Kwikship,M-008,Jaipur,Tier-3,ETA_SLA_BREACH,72.0,106.2,0.0,LOW,2026-09-14 22:11:32.038362
AWB120703,BATCH-C,Bluedart,M-001,Lucknow,Tier-3,PHANTOM_RTO_CHARGE,0.0,221.0,221.0,MEDIUM,2026-09-14 22:11:31.631484
AWB120711,BATCH-B,Bluedart,M-019,Jaipur,Tier-3,WEIGHT_DISPUTE,2.14,2.68,33.0,LOW,2026-09-14 22:11:31.453814
AWB120718,BATCH-A,Bluedart,M-006,Lucknow,Tier-3,WEIGHT_DISPUTE,3.73,4.57,50.0,LOW,2026-09-14 22:11:31.453814
AWB120723,BATCH-B,DTDC,M-010,Mumbai,Tier-1,EXCESS_FORWARD_CHARGE,95.0,114.0,19.0,LOW,2026-09-14 22:11:32.127304
AWB120727,BATCH-A,Bluedart,M-015,Lucknow,Tier-3,WEIGHT_DISPUTE,6.96,9.07,126.0,MEDIUM,2026-09-14 22:11:31.453814
AWB120732,BATCH-D,Shiprocket,M-017,Mumbai,Tier-1,PHANTOM_RTO_CHARGE,0.0,220.0,220.0,MEDIUM,2026-09-14 22:11:31.631484
AWB120734,BATCH-D,Kwikship,M-004,Lucknow,Tier-3,ETA_SLA_BREACH,72.0,116.6,0.0,LOW,2026-09-14 22:11:32.038362
AWB120741,BATCH-A,DTDC,M-015,Jaipur,Tier-3,EXCESS_FORWARD_CHARGE,95.0,114.0,19.0,LOW,2026-09-14 22:11:32.127304
AWB120744,BATCH-D,Bluedart,M-018,Pune,Tier-2,PHANTOM_RTO_CHARGE,0.0,137.0,137.0,MEDIUM,2026-09-14 22:11:31.631484
AWB120753,BATCH-C,Kwikship,M-019,Jaipur,Tier-3,ETA_SLA_BREACH,72.0,103.7,0.0,LOW,2026-09-14 22:11:32.038362
AWB120756,BATCH-C,Bluedart,M-002,Lucknow,Tier-3,WEIGHT_DISPUTE,1.66,2.13,28.0,LOW,2026-09-14 22:11:31.453814
AWB120759,BATCH-B,Delhivery,M-017,Mumbai,Tier-1,PHANTOM_RTO_CHARGE,0.0,243.0,243.0,MEDIUM,2026-09-14 22:11:31.631484
AWB120760,BATCH-D,Shiprocket,M-007,Delhi,Tier-1,OVERDUE_REMITTANCE,14.0,25.0,794.0,MEDIUM,2026-09-14 22:11:31.791087
AWB120761,BATCH-A,Kwikship,M-016,Delhi,Tier-1,PHANTOM_RTO_CHARGE,0.0,148.0,148.0,MEDIUM,2026-09-14 22:11:31.631484
AWB120764,BATCH-B,DTDC,M-010,Lucknow,Tier-3,EXCESS_FORWARD_CHARGE,95.0,114.0,19.0,LOW,2026-09-14 22:11:32.127304
AWB120771,BATCH-D,Delhivery,M-017,Mumbai,Tier-1,COD_SHORT_REMITTANCE,3926.0,3704.0,222.0,MEDIUM,2026-09-14 22:10:12.726074
AWB120773,BATCH-D,DTDC,M-011,Lucknow,Tier-3,EXCESS_FORWARD_CHARGE,65.0,78.0,13.0,LOW,2026-09-14 22:11:32.127304
AWB120782,BATCH-B,Delhivery,M-012,Mumbai,Tier-1,PHANTOM_RTO_CHARGE,0.0,236.0,236.0,MEDIUM,2026-09-14 22:11:31.631484
AWB120783,BATCH-A,Bluedart,M-009,Pune,Tier-2,PHANTOM_RTO_CHARGE,0.0,243.0,243.0,MEDIUM,2026-09-14 22:11:31.631484
AWB120784,BATCH-C,Kwikship,M-002,Mumbai,Tier-1,PHANTOM_RTO_CHARGE,0.0,234.0,234.0,MEDIUM,2026-09-14 22:11:31.631484
AWB120787,BATCH-A,DTDC,M-012,Jaipur,Tier-3,EXCESS_FORWARD_CHARGE,42.0,50.0,8.0,LOW,2026-09-14 22:11:32.127304
AWB120796,BATCH-D,DTDC,M-008,Indore,Tier-2,EXCESS_FORWARD_CHARGE,65.0,78.0,13.0,LOW,2026-09-14 22:11:32.127304
AWB120797,BATCH-D,DTDC,M-020,Delhi,Tier-1,EXCESS_FORWARD_CHARGE,95.0,114.0,19.0,LOW,2026-09-14 22:11:32.127304
AWB120814,BATCH-C,Bluedart,M-003,Jaipur,Tier-3,WEIGHT_DISPUTE,1.93,2.29,22.0,LOW,2026-09-14 22:11:31.453814
AWB120816,BATCH-B,Kwikship,M-006,Pune,Tier-2,PHANTOM_RTO_CHARGE,0.0,187.0,187.0,MEDIUM,2026-09-14 22:11:31.631484
AWB120818,BATCH-B,Shiprocket,M-020,Delhi,Tier-1,PHANTOM_RTO_CHARGE,0.0,180.0,180.0,MEDIUM,2026-09-14 22:11:31.631484
AWB120819,BATCH-B,Kwikship,M-020,Lucknow,Tier-3,ETA_SLA_BREACH,72.0,104.8,0.0,LOW,2026-09-14 22:11:32.038362
AWB120826,BATCH-A,Bluedart,M-008,Lucknow,Tier-3,WEIGHT_DISPUTE,6.33,7.97,98.0,LOW,2026-09-14 22:11:31.453814
AWB120830,BATCH-B,Delhivery,M-002,Jaipur,Tier-3,COD_SHORT_REMITTANCE,5913.0,5523.0,390.0,MEDIUM,2026-09-14 22:10:12.726074
AWB120833,BATCH-C,Kwikship,M-016,Lucknow,Tier-3,ETA_SLA_BREACH,72.0,135.5,0.0,LOW,2026-09-14 22:11:32.038362
AWB120835,BATCH-D,DTDC,M-006,Indore,Tier-2,EXCESS_FORWARD_CHARGE,65.0,78.0,13.0,LOW,2026-09-14 22:11:32.127304
AWB120846,BATCH-C,Delhivery,M-013,Indore,Tier-2,COD_SHORT_REMITTANCE,4026.0,3882.0,144.0,MEDIUM,2026-09-14 22:10:12.726074
AWB120849,BATCH-C,DTDC,M-003,Mumbai,Tier-1,EXCESS_FORWARD_CHARGE,95.0,114.0,19.0,LOW,2026-09-14 22:11:32.127304
AWB120861,BATCH-B,DTDC,M-001,Jaipur,Tier-3,EXCESS_FORWARD_CHARGE,42.0,50.0,8.0,LOW,2026-09-14 22:11:32.127304
AWB120861,BATCH-B,DTDC,M-001,Jaipur,Tier-3,PHANTOM_RTO_CHARGE,0.0,195.0,195.0,MEDIUM,2026-09-14 22:11:31.631484
AWB120864,BATCH-B,Bluedart,M-011,Lucknow,Tier-3,WEIGHT_DISPUTE,6.05,7.81,105.0,MEDIUM,2026-09-14 22:11:31.453814
AWB120869,BATCH-C,Bluedart,M-017,Pune,Tier-2,PHANTOM_RTO_CHARGE,0.0,239.0,239.0,MEDIUM,2026-09-14 22:11:31.631484
AWB120875,BATCH-B,DTDC,M-005,Jaipur,Tier-3,EXCESS_FORWARD_CHARGE,65.0,78.0,13.0,LOW,2026-09-14 22:11:32.127304
AWB120878,BATCH-D,Shiprocket,M-015,Indore,Tier-2,OVERDUE_REMITTANCE,14.0,20.0,0.0,MEDIUM,2026-09-14 22:11:31.791087
AWB120883,BATCH-C,Kwikship,M-009,Lucknow,Tier-3,ETA_SLA_BREACH,72.0,135.4,0.0,LOW,2026-09-14 22:11:32.038362
AWB120889,BATCH-C,Bluedart,M-016,Delhi,Tier-1,PHANTOM_RTO_CHARGE,0.0,148.0,148.0,MEDIUM,2026-09-14 22:11:31.631484
AWB120898,BATCH-C,DTDC,M-001,Lucknow,Tier-3,EXCESS_FORWARD_CHARGE,95.0,114.0,19.0,LOW,2026-09-14 22:11:32.127304
AWB120902,BATCH-A,Kwikship,M-012,Jaipur,Tier-3,ETA_SLA_BREACH,72.0,141.1,0.0,LOW,2026-09-14 22:11:32.038362
AWB120904,BATCH-B,DTDC,M-007,Pune,Tier-2,DUPLICATE_SETTLEMENT,1.0,2.0,0.0,HIGH,2026-09-14 22:11:31.913657
AWB120904,BATCH-B,DTDC,M-007,Pune,Tier-2,EXCESS_FORWARD_CHARGE,65.0,78.0,13.0,LOW,2026-09-14 22:11:32.127304
AWB120904,BATCH-DUP,DTDC,M-007,Pune,Tier-2,DUPLICATE_SETTLEMENT,1.0,2.0,0.0,HIGH,2026-09-14 22:11:31.913657
AWB120904,BATCH-DUP,DTDC,M-007,Pune,Tier-2,EXCESS_FORWARD_CHARGE,65.0,78.0,13.0,LOW,2026-09-14 22:11:32.127304
AWB120907,BATCH-B,Bluedart,M-019,Jaipur,Tier-3,WEIGHT_DISPUTE,6.71,7.96,75.0,LOW,2026-09-14 22:11:31.453814
AWB120908,BATCH-D,DTDC,M-008,Pune,Tier-2,EXCESS_FORWARD_CHARGE,95.0,114.0,19.0,LOW,2026-09-14 22:11:32.127304
AWB120909,BATCH-D,DTDC,M-004,Lucknow,Tier-3,PHANTOM_RTO_CHARGE,0.0,122.0,122.0,MEDIUM,2026-09-14 22:11:31.631484
AWB120910,BATCH-D,DTDC,M-008,Indore,Tier-2,PHANTOM_RTO_CHARGE,0.0,182.0,182.0,MEDIUM,2026-09-14 22:11:31.631484
AWB120915,BATCH-B,Shiprocket,M-003,Lucknow,Tier-3,PHANTOM_RTO_CHARGE,0.0,226.0,226.0,MEDIUM,2026-09-14 22:11:31.631484
AWB120921,BATCH-C,Bluedart,M-006,Lucknow,Tier-3,WEIGHT_DISPUTE,2.99,3.78,47.0,LOW,2026-09-14 22:11:31.453814
AWB120924,BATCH-A,DTDC,M-013,Mumbai,Tier-1,EXCESS_FORWARD_CHARGE,65.0,78.0,13.0,LOW,2026-09-14 22:11:32.127304
AWB120924,BATCH-A,DTDC,M-013,Mumbai,Tier-1,PHANTOM_RTO_CHARGE,0.0,205.0,205.0,MEDIUM,2026-09-14 22:11:31.631484
AWB120926,BATCH-D,DTDC,M-010,Pune,Tier-2,EXCESS_FORWARD_CHARGE,95.0,114.0,19.0,LOW,2026-09-14 22:11:32.127304
AWB120927,BATCH-C,Kwikship,M-001,Indore,Tier-2,PHANTOM_RTO_CHARGE,0.0,162.0,162.0,MEDIUM,2026-09-14 22:11:31.631484
AWB120933,BATCH-A,Delhivery,M-005,Mumbai,Tier-1,DUPLICATE_SETTLEMENT,1.0,2.0,0.0,HIGH,2026-09-14 22:11:31.913657
AWB120933,BATCH-A,Delhivery,M-005,Mumbai,Tier-1,PHANTOM_RTO_CHARGE,0.0,168.0,168.0,MEDIUM,2026-09-14 22:11:31.631484
AWB120933,BATCH-DUP,Delhivery,M-005,Mumbai,Tier-1,DUPLICATE_SETTLEMENT,1.0,2.0,0.0,HIGH,2026-09-14 22:11:31.913657
AWB120933,BATCH-DUP,Delhivery,M-005,Mumbai,Tier-1,PHANTOM_RTO_CHARGE,0.0,168.0,168.0,MEDIUM,2026-09-14 22:11:31.631484
AWB120935,BATCH-D,DTDC,M-005,Lucknow,Tier-3,PHANTOM_RTO_CHARGE,0.0,205.0,205.0,MEDIUM,2026-09-14 22:11:31.631484
AWB120941,BATCH-D,Kwikship,M-002,Lucknow,Tier-3,ETA_SLA_BREACH,72.0,136.9,0.0,LOW,2026-09-14 22:11:32.038362
AWB120946,BATCH-A,Shiprocket,M-005,Jaipur,Tier-3,DUPLICATE_SETTLEMENT,1.0,2.0,0.0,HIGH,2026-09-14 22:11:31.913657
AWB120946,BATCH-DUP,Shiprocket,M-005,Jaipur,Tier-3,DUPLICATE_SETTLEMENT,1.0,2.0,0.0,HIGH,2026-09-14 22:11:31.913657
AWB120947,BATCH-D,DTDC,M-001,Lucknow,Tier-3,EXCESS_FORWARD_CHARGE,65.0,78.0,13.0,LOW,2026-09-14 22:11:32.127304
AWB120948,BATCH-C,DTDC,M-006,Mumbai,Tier-1,EXCESS_FORWARD_CHARGE,65.0,78.0,13.0,LOW,2026-09-14 22:11:32.127304
AWB120950,BATCH-A,Kwikship,M-010,Jaipur,Tier-3,ETA_SLA_BREACH,72.0,122.4,0.0,LOW,2026-09-14 22:11:32.038362
AWB120960,BATCH-B,DTDC,M-018,Lucknow,Tier-3,EXCESS_FORWARD_CHARGE,95.0,114.0,19.0,LOW,2026-09-14 22:11:32.127304
AWB120962,BATCH-B,Delhivery,M-005,Jaipur,Tier-3,COD_SHORT_REMITTANCE,5631.0,5412.0,219.0,MEDIUM,2026-09-14 22:10:12.726074
AWB120964,BATCH-D,DTDC,M-007,Pune,Tier-2,EXCESS_FORWARD_CHARGE,95.0,114.0,19.0,LOW,2026-09-14 22:11:32.127304
AWB120965,BATCH-C,Delhivery,M-005,Lucknow,Tier-3,COD_SHORT_REMITTANCE,5555.0,5323.0,232.0,MEDIUM,2026-09-14 22:10:12.726074
AWB120966,BATCH-A,Shiprocket,M-001,Mumbai,Tier-1,OVERDUE_REMITTANCE,14.0,20.0,0.0,MEDIUM,2026-09-14 22:11:31.791087
AWB120968,BATCH-C,Kwikship,M-001,Pune,Tier-2,PHANTOM_RTO_CHARGE,0.0,219.0,219.0,MEDIUM,2026-09-14 22:11:31.631484
AWB120969,BATCH-A,Kwikship,M-005,Pune,Tier-2,DUPLICATE_SETTLEMENT,1.0,2.0,0.0,HIGH,2026-09-14 22:11:31.913657
AWB120969,BATCH-DUP,Kwikship,M-005,Pune,Tier-2,DUPLICATE_SETTLEMENT,1.0,2.0,0.0,HIGH,2026-09-14 22:11:31.913657
AWB120973,BATCH-A,Kwikship,M-005,Jaipur,Tier-3,ETA_SLA_BREACH,72.0,118.2,0.0,LOW,2026-09-14 22:11:32.038362
AWB120973,BATCH-A,Kwikship,M-005,Jaipur,Tier-3,PHANTOM_RTO_CHARGE,0.0,221.0,221.0,MEDIUM,2026-09-14 22:11:31.631484
AWB120977,BATCH-B,Bluedart,M-012,Lucknow,Tier-3,WEIGHT_DISPUTE,2.6,3.27,41.0,LOW,2026-09-14 22:11:31.453814
AWB120989,BATCH-B,DTDC,M-015,Pune,Tier-2,EXCESS_FORWARD_CHARGE,95.0,114.0,19.0,LOW,2026-09-14 22:11:32.127304
AWB120996,BATCH-B,Delhivery,M-002,Jaipur,Tier-3,PHANTOM_RTO_CHARGE,0.0,130.0,130.0,MEDIUM,2026-09-14 22:11:31.631484
AWB121001,BATCH-A,Shiprocket,M-006,Mumbai,Tier-1,OVERDUE_REMITTANCE,14.0,25.0,0.0,MEDIUM,2026-09-14 22:11:31.791087
AWB121003,BATCH-B,DTDC,M-010,Indore,Tier-2,EXCESS_FORWARD_CHARGE,65.0,78.0,13.0,LOW,2026-09-14 22:11:32.127304
AWB121004,BATCH-C,Kwikship,M-020,Pune,Tier-2,PHANTOM_RTO_CHARGE,0.0,108.0,108.0,MEDIUM,2026-09-14 22:11:31.631484
AWB121009,BATCH-B,DTDC,M-003,Indore,Tier-2,PHANTOM_RTO_CHARGE,0.0,131.0,131.0,MEDIUM,2026-09-14 22:11:31.631484
AWB121010,BATCH-D,Delhivery,M-019,Mumbai,Tier-1,COD_SHORT_REMITTANCE,5767.0,5455.0,312.0,MEDIUM,2026-09-14 22:10:12.726074
AWB121012,BATCH-D,DTDC,M-018,Jaipur,Tier-3,EXCESS_FORWARD_CHARGE,65.0,78.0,13.0,LOW,2026-09-14 22:11:32.127304
AWB121013,BATCH-A,Delhivery,M-018,Mumbai,Tier-1,PHANTOM_RTO_CHARGE,0.0,183.0,183.0,MEDIUM,2026-09-14 22:11:31.631484
AWB121020,BATCH-B,Delhivery,M-019,Pune,Tier-2,PHANTOM_RTO_CHARGE,0.0,134.0,134.0,MEDIUM,2026-09-14 22:11:31.631484
AWB121021,BATCH-D,DTDC,M-010,Mumbai,Tier-1,PHANTOM_RTO_CHARGE,0.0,194.0,194.0,MEDIUM,2026-09-14 22:11:31.631484
AWB121026,BATCH-D,Kwikship,M-008,Jaipur,Tier-3,ETA_SLA_BREACH,72.0,116.6,0.0,LOW,2026-09-14 22:11:32.038362
AWB121033,BATCH-C,Kwikship,M-008,Jaipur,Tier-3,ETA_SLA_BREACH,72.0,106.1,0.0,LOW,2026-09-14 22:11:32.038362
AWB121036,BATCH-D,DTDC,M-001,Lucknow,Tier-3,EXCESS_FORWARD_CHARGE,95.0,114.0,19.0,LOW,2026-09-14 22:11:32.127304
AWB121038,BATCH-B,Delhivery,M-018,Indore,Tier-2,PHANTOM_RTO_CHARGE,0.0,248.0,248.0,MEDIUM,2026-09-14 22:11:31.631484
AWB121044,BATCH-D,Shiprocket,M-012,Indore,Tier-2,PHANTOM_RTO_CHARGE,0.0,118.0,118.0,MEDIUM,2026-09-14 22:11:31.631484
AWB121048,BATCH-B,Delhivery,M-007,Indore,Tier-2,COD_SHORT_REMITTANCE,5322.0,5100.0,222.0,MEDIUM,2026-09-14 22:10:12.726074
AWB121058,BATCH-C,DTDC,M-020,Indore,Tier-2,EXCESS_FORWARD_CHARGE,65.0,78.0,13.0,LOW,2026-09-14 22:11:32.127304
AWB121060,BATCH-D,Delhivery,M-002,Jaipur,Tier-3,COD_SHORT_REMITTANCE,5664.0,5394.0,270.0,MEDIUM,2026-09-14 22:10:12.726074
AWB121061,BATCH-A,DTDC,M-004,Pune,Tier-2,EXCESS_FORWARD_CHARGE,95.0,114.0,19.0,LOW,2026-09-14 22:11:32.127304
AWB121070,BATCH-D,Shiprocket,M-018,Mumbai,Tier-1,DUPLICATE_SETTLEMENT,1.0,2.0,1429.0,HIGH,2026-09-14 22:11:31.913657
AWB121070,BATCH-DUP,Shiprocket,M-018,Mumbai,Tier-1,DUPLICATE_SETTLEMENT,1.0,2.0,1429.0,HIGH,2026-09-14 22:11:31.913657
AWB121071,BATCH-D,Delhivery,M-006,Mumbai,Tier-1,COD_SHORT_REMITTANCE,5140.0,4853.0,287.0,MEDIUM,2026-09-14 22:10:12.726074
AWB121073,BATCH-B,DTDC,M-001,Lucknow,Tier-3,EXCESS_FORWARD_CHARGE,95.0,114.0,19.0,LOW,2026-09-14 22:11:32.127304
AWB121077,BATCH-D,Shiprocket,M-020,Indore,Tier-2,PHANTOM_RTO_CHARGE,0.0,137.0,137.0,MEDIUM,2026-09-14 22:11:31.631484
AWB121079,BATCH-B,Bluedart,M-011,Jaipur,Tier-3,WEIGHT_DISPUTE,5.31,6.28,58.0,LOW,2026-09-14 22:11:31.453814
AWB121086,BATCH-A,Delhivery,M-004,Pune,Tier-2,COD_SHORT_REMITTANCE,3501.0,3380.0,121.0,MEDIUM,2026-09-14 22:10:12.726074
AWB121088,BATCH-C,DTDC,M-005,Pune,Tier-2,EXCESS_FORWARD_CHARGE,95.0,114.0,19.0,LOW,2026-09-14 22:11:32.127304
AWB121095,BATCH-B,Kwikship,M-007,Lucknow,Tier-3,ETA_SLA_BREACH,72.0,126.6,0.0,LOW,2026-09-14 22:11:32.038362
AWB121096,BATCH-B,DTDC,M-002,Jaipur,Tier-3,EXCESS_FORWARD_CHARGE,95.0,114.0,19.0,LOW,2026-09-14 22:11:32.127304
AWB121098,BATCH-A,Delhivery,M-017,Delhi,Tier-1,COD_SHORT_REMITTANCE,4166.0,4000.0,166.0,MEDIUM,2026-09-14 22:10:12.726074
AWB121109,BATCH-A,DTDC,M-004,Lucknow,Tier-3,EXCESS_FORWARD_CHARGE,95.0,114.0,19.0,LOW,2026-09-14 22:11:32.127304
AWB121114,BATCH-B,Bluedart,M-009,Pune,Tier-2,PHANTOM_RTO_CHARGE,0.0,127.0,127.0,MEDIUM,2026-09-14 22:11:31.631484
AWB121126,BATCH-C,Delhivery,M-009,Delhi,Tier-1,PHANTOM_RTO_CHARGE,0.0,194.0,194.0,MEDIUM,2026-09-14 22:11:31.631484
AWB121130,BATCH-B,DTDC,M-017,Pune,Tier-2,PHANTOM_RTO_CHARGE,0.0,210.0,210.0,MEDIUM,2026-09-14 22:11:31.631484
AWB121132,BATCH-C,DTDC,M-002,Jaipur,Tier-3,EXCESS_FORWARD_CHARGE,65.0,78.0,13.0,LOW,2026-09-14 22:11:32.127304
AWB121133,BATCH-D,Bluedart,M-004,Lucknow,Tier-3,WEIGHT_DISPUTE,0.8,1.03,14.0,LOW,2026-09-14 22:11:31.453814
AWB121134,BATCH-D,Shiprocket,M-018,Jaipur,Tier-3,OVERDUE_REMITTANCE,14.0,25.0,0.0,MEDIUM,2026-09-14 22:11:31.791087
AWB121135,BATCH-C,Delhivery,M-005,Pune,Tier-2,COD_SHORT_REMITTANCE,5105.0,4930.0,175.0,MEDIUM,2026-09-14 22:10:12.726074
AWB121139,BATCH-A,Kwikship,M-015,Indore,Tier-2,DUPLICATE_SETTLEMENT,1.0,2.0,2675.0,HIGH,2026-09-14 22:11:31.913657
AWB121139,BATCH-DUP,Kwikship,M-015,Indore,Tier-2,DUPLICATE_SETTLEMENT,1.0,2.0,2675.0,HIGH,2026-09-14 22:11:31.913657
AWB121144,BATCH-A,Kwikship,M-010,Lucknow,Tier-3,ETA_SLA_BREACH,72.0,101.7,0.0,LOW,2026-09-14 22:11:32.038362
AWB121149,BATCH-B,Bluedart,M-007,Lucknow,Tier-3,WEIGHT_DISPUTE,0.52,0.67,9.0,LOW,2026-09-14 22:11:31.453814
AWB121151,BATCH-D,Bluedart,M-002,Jaipur,Tier-3,WEIGHT_DISPUTE,6.01,7.61,96.0,LOW,2026-09-14 22:11:31.453814
AWB121155,BATCH-D,Delhivery,M-009,Mumbai,Tier-1,COD_SHORT_REMITTANCE,4007.0,3820.0,187.0,MEDIUM,2026-09-14 22:10:12.726074
AWB121156,BATCH-C,Shiprocket,M-012,Jaipur,Tier-3,OVERDUE_REMITTANCE,14.0,24.0,0.0,MEDIUM,2026-09-14 22:11:31.791087
AWB121161,BATCH-B,DTDC,M-003,Jaipur,Tier-3,EXCESS_FORWARD_CHARGE,95.0,114.0,19.0,LOW,2026-09-14 22:11:32.127304
AWB121174,BATCH-C,Shiprocket,M-019,Pune,Tier-2,PHANTOM_RTO_CHARGE,0.0,223.0,223.0,MEDIUM,2026-09-14 22:11:31.631484
AWB121178,BATCH-B,DTDC,M-012,Pune,Tier-2,EXCESS_FORWARD_CHARGE,95.0,114.0,19.0,LOW,2026-09-14 22:11:32.127304
AWB121183,BATCH-A,Bluedart,M-004,Pune,Tier-2,PHANTOM_RTO_CHARGE,0.0,208.0,208.0,MEDIUM,2026-09-14 22:11:31.631484
AWB121186,BATCH-D,DTDC,M-013,Delhi,Tier-1,EXCESS_FORWARD_CHARGE,95.0,114.0,19.0,LOW,2026-09-14 22:11:32.127304
AWB121192,BATCH-A,Bluedart,M-013,Lucknow,Tier-3,WEIGHT_DISPUTE,6.86,8.47,97.0,LOW,2026-09-14 22:11:31.453814
AWB121198,BATCH-C,Delhivery,M-010,Indore,Tier-2,COD_SHORT_REMITTANCE,3256.0,3010.0,246.0,MEDIUM,2026-09-14 22:10:12.726074
AWB121200,BATCH-D,DTDC,M-003,Lucknow,Tier-3,PHANTOM_RTO_CHARGE,0.0,213.0,213.0,MEDIUM,2026-09-14 22:11:31.631484
AWB121213,BATCH-B,DTDC,M-003,Delhi,Tier-1,PHANTOM_RTO_CHARGE,0.0,165.0,165.0,MEDIUM,2026-09-14 22:11:31.631484
AWB121216,BATCH-A,Delhivery,M-013,Mumbai,Tier-1,PHANTOM_RTO_CHARGE,0.0,157.0,157.0,MEDIUM,2026-09-14 22:11:31.631484
AWB121217,BATCH-A,DTDC,M-020,Delhi,Tier-1,EXCESS_FORWARD_CHARGE,65.0,78.0,13.0,LOW,2026-09-14 22:11:32.127304
AWB121219,BATCH-C,Bluedart,M-001,Jaipur,Tier-3,WEIGHT_DISPUTE,2.91,3.84,56.0,LOW,2026-09-14 22:11:31.453814
AWB121221,BATCH-A,Delhivery,M-020,Delhi,Tier-1,COD_SHORT_REMITTANCE,5568.0,5210.0,358.0,MEDIUM,2026-09-14 22:10:12.726074
AWB121227,BATCH-C,Kwikship,M-010,Jaipur,Tier-3,ETA_SLA_BREACH,72.0,110.8,0.0,LOW,2026-09-14 22:11:32.038362
AWB121229,BATCH-B,Shiprocket,M-002,Jaipur,Tier-3,DUPLICATE_SETTLEMENT,1.0,2.0,2753.0,HIGH,2026-09-14 22:11:31.913657
AWB121229,BATCH-DUP,Shiprocket,M-002,Jaipur,Tier-3,DUPLICATE_SETTLEMENT,1.0,2.0,2753.0,HIGH,2026-09-14 22:11:31.913657
AWB121236,BATCH-B,DTDC,M-008,Delhi,Tier-1,EXCESS_FORWARD_CHARGE,95.0,114.0,19.0,LOW,2026-09-14 22:11:32.127304
AWB121236,BATCH-B,DTDC,M-008,Delhi,Tier-1,PHANTOM_RTO_CHARGE,0.0,195.0,195.0,MEDIUM,2026-09-14 22:11:31.631484
AWB121239,BATCH-D,Kwikship,M-011,Lucknow,Tier-3,ETA_SLA_BREACH,72.0,126.8,0.0,LOW,2026-09-14 22:11:32.038362
AWB121240,BATCH-A,Delhivery,M-014,Indore,Tier-2,PHANTOM_RTO_CHARGE,0.0,178.0,178.0,MEDIUM,2026-09-14 22:11:31.631484
AWB121253,BATCH-B,Bluedart,M-011,Lucknow,Tier-3,WEIGHT_DISPUTE,3.47,4.48,61.0,LOW,2026-09-14 22:11:31.453814
AWB121256,BATCH-A,Bluedart,M-011,Indore,Tier-2,DUPLICATE_SETTLEMENT,1.0,2.0,0.0,HIGH,2026-09-14 22:11:31.913657
AWB121256,BATCH-DUP,Bluedart,M-011,Indore,Tier-2,DUPLICATE_SETTLEMENT,1.0,2.0,0.0,HIGH,2026-09-14 22:11:31.913657
AWB121257,BATCH-C,Kwikship,M-005,Indore,Tier-2,PHANTOM_RTO_CHARGE,0.0,137.0,137.0,MEDIUM,2026-09-14 22:11:31.631484
AWB121258,BATCH-A,Bluedart,M-016,Lucknow,Tier-3,WEIGHT_DISPUTE,6.66,8.04,83.0,LOW,2026-09-14 22:11:31.453814
AWB121264,BATCH-A,Bluedart,M-002,Mumbai,Tier-1,PHANTOM_RTO_CHARGE,0.0,156.0,156.0,MEDIUM,2026-09-14 22:11:31.631484
AWB121268,BATCH-D,Shiprocket,M-016,Pune,Tier-2,OVERDUE_REMITTANCE,14.0,26.0,3559.0,MEDIUM,2026-09-14 22:11:31.791087
AWB121268,BATCH-D,Shiprocket,M-016,Pune,Tier-2,PHANTOM_RTO_CHARGE,0.0,105.0,105.0,MEDIUM,2026-09-14 22:11:31.631484
AWB121272,BATCH-A,Bluedart,M-007,Jaipur,Tier-3,WEIGHT_DISPUTE,2.08,2.73,39.0,LOW,2026-09-14 22:11:31.453814
AWB121276,BATCH-D,DTDC,M-010,Pune,Tier-2,EXCESS_FORWARD_CHARGE,95.0,114.0,19.0,LOW,2026-09-14 22:11:32.127304
AWB121286,BATCH-C,DTDC,M-013,Jaipur,Tier-3,EXCESS_FORWARD_CHARGE,65.0,78.0,13.0,LOW,2026-09-14 22:11:32.127304
AWB121299,BATCH-B,Kwikship,M-018,Jaipur,Tier-3,ETA_SLA_BREACH,72.0,124.5,0.0,LOW,2026-09-14 22:11:32.038362
AWB121301,BATCH-B,Bluedart,M-011,Delhi,Tier-1,PHANTOM_RTO_CHARGE,0.0,153.0,153.0,MEDIUM,2026-09-14 22:11:31.631484
AWB121304,BATCH-A,DTDC,M-003,Pune,Tier-2,PHANTOM_RTO_CHARGE,0.0,127.0,127.0,MEDIUM,2026-09-14 22:11:31.631484
AWB121312,BATCH-C,Shiprocket,M-017,Pune,Tier-2,OVERDUE_REMITTANCE,14.0,23.0,0.0,MEDIUM,2026-09-14 22:11:31.791087
AWB121322,BATCH-C,Shiprocket,M-008,Mumbai,Tier-1,PHANTOM_RTO_CHARGE,0.0,107.0,107.0,MEDIUM,2026-09-14 22:11:31.631484
AWB121331,BATCH-C,DTDC,M-017,Lucknow,Tier-3,PHANTOM_RTO_CHARGE,0.0,114.0,114.0,MEDIUM,2026-09-14 22:11:31.631484
AWB121335,BATCH-C,Shiprocket,M-003,Delhi,Tier-1,OVERDUE_REMITTANCE,14.0,19.0,1093.0,MEDIUM,2026-09-14 22:11:31.791087
AWB121338,BATCH-A,Kwikship,M-018,Jaipur,Tier-3,ETA_SLA_BREACH,72.0,128.3,0.0,LOW,2026-09-14 22:11:32.038362
AWB121339,BATCH-B,Shiprocket,M-020,Indore,Tier-2,OVERDUE_REMITTANCE,14.0,26.0,0.0,MEDIUM,2026-09-14 22:11:31.791087
AWB121344,BATCH-C,DTDC,M-011,Indore,Tier-2,EXCESS_FORWARD_CHARGE,95.0,114.0,19.0,LOW,2026-09-14 22:11:32.127304
AWB121349,BATCH-B,DTDC,M-015,Jaipur,Tier-3,EXCESS_FORWARD_CHARGE,95.0,114.0,19.0,LOW,2026-09-14 22:11:32.127304
AWB121351,BATCH-D,DTDC,M-004,Jaipur,Tier-3,EXCESS_FORWARD_CHARGE,65.0,78.0,13.0,LOW,2026-09-14 22:11:32.127304
AWB121352,BATCH-A,DTDC,M-001,Mumbai,Tier-1,EXCESS_FORWARD_CHARGE,95.0,114.0,19.0,LOW,2026-09-14 22:11:32.127304
AWB121355,BATCH-B,Kwikship,M-019,Lucknow,Tier-3,ETA_SLA_BREACH,72.0,131.8,0.0,LOW,2026-09-14 22:11:32.038362
AWB121357,BATCH-B,Delhivery,M-010,Indore,Tier-2,PHANTOM_RTO_CHARGE,0.0,124.0,124.0,MEDIUM,2026-09-14 22:11:31.631484
AWB121363,BATCH-A,DTDC,M-005,Lucknow,Tier-3,EXCESS_FORWARD_CHARGE,65.0,78.0,13.0,LOW,2026-09-14 22:11:32.127304
AWB121370,BATCH-D,Bluedart,M-017,Lucknow,Tier-3,WEIGHT_DISPUTE,5.48,6.63,69.0,LOW,2026-09-14 22:11:31.453814
AWB121375,BATCH-B,Kwikship,M-005,Indore,Tier-2,PHANTOM_RTO_CHARGE,0.0,122.0,122.0,MEDIUM,2026-09-14 22:11:31.631484
AWB121381,BATCH-A,Kwikship,M-011,Pune,Tier-2,PHANTOM_RTO_CHARGE,0.0,186.0,186.0,MEDIUM,2026-09-14 22:11:31.631484
AWB121385,BATCH-D,Bluedart,M-003,Mumbai,Tier-1,PHANTOM_RTO_CHARGE,0.0,193.0,193.0,MEDIUM,2026-09-14 22:11:31.631484
AWB121386,BATCH-C,DTDC,M-013,Pune,Tier-2,EXCESS_FORWARD_CHARGE,95.0,114.0,19.0,LOW,2026-09-14 22:11:32.127304
AWB121387,BATCH-B,Shiprocket,M-003,Lucknow,Tier-3,DUPLICATE_SETTLEMENT,1.0,2.0,0.0,HIGH,2026-09-14 22:11:31.913657
AWB121387,BATCH-DUP,Shiprocket,M-003,Lucknow,Tier-3,DUPLICATE_SETTLEMENT,1.0,2.0,0.0,HIGH,2026-09-14 22:11:31.913657
AWB121388,BATCH-D,Bluedart,M-009,Jaipur,Tier-3,DUPLICATE_SETTLEMENT,1.0,2.0,5704.0,HIGH,2026-09-14 22:11:31.913657
AWB121388,BATCH-D,Bluedart,M-009,Jaipur,Tier-3,WEIGHT_DISPUTE,6.4,8.2,108.0,MEDIUM,2026-09-14 22:11:31.453814
AWB121388,BATCH-DUP,Bluedart,M-009,Jaipur,Tier-3,DUPLICATE_SETTLEMENT,1.0,2.0,5704.0,HIGH,2026-09-14 22:11:31.913657
AWB121388,BATCH-DUP,Bluedart,M-009,Jaipur,Tier-3,WEIGHT_DISPUTE,6.4,8.2,108.0,MEDIUM,2026-09-14 22:11:31.453814
AWB121389,BATCH-C,Bluedart,M-010,Lucknow,Tier-3,WEIGHT_DISPUTE,5.35,6.35,60.0,LOW,2026-09-14 22:11:31.453814
AWB121390,BATCH-B,Bluedart,M-009,Jaipur,Tier-3,WEIGHT_DISPUTE,0.99,1.21,13.0,LOW,2026-09-14 22:11:31.453814
AWB121391,BATCH-C,DTDC,M-013,Indore,Tier-2,PHANTOM_RTO_CHARGE,0.0,132.0,132.0,MEDIUM,2026-09-14 22:11:31.631484
AWB121398,BATCH-B,Delhivery,M-016,Jaipur,Tier-3,PHANTOM_RTO_CHARGE,0.0,198.0,198.0,MEDIUM,2026-09-14 22:11:31.631484
AWB121399,BATCH-D,Delhivery,M-016,Pune,Tier-2,COD_SHORT_REMITTANCE,5636.0,5307.0,329.0,MEDIUM,2026-09-14 22:10:12.726074
AWB121401,BATCH-D,Shiprocket,M-015,Delhi,Tier-1,PHANTOM_RTO_CHARGE,0.0,217.0,217.0,MEDIUM,2026-09-14 22:11:31.631484
AWB121412,BATCH-A,DTDC,M-018,Jaipur,Tier-3,EXCESS_FORWARD_CHARGE,95.0,114.0,19.0,LOW,2026-09-14 22:11:32.127304
AWB121420,BATCH-D,Bluedart,M-006,Jaipur,Tier-3,WEIGHT_DISPUTE,3.51,4.38,52.0,LOW,2026-09-14 22:11:31.453814
AWB121426,BATCH-D,DTDC,M-013,Delhi,Tier-1,EXCESS_FORWARD_CHARGE,95.0,114.0,19.0,LOW,2026-09-14 22:11:32.127304
AWB121441,BATCH-C,Delhivery,M-001,Pune,Tier-2,COD_SHORT_REMITTANCE,3002.0,2825.0,177.0,MEDIUM,2026-09-14 22:10:12.726074
AWB121443,BATCH-D,Shiprocket,M-006,Jaipur,Tier-3,PHANTOM_RTO_CHARGE,0.0,172.0,172.0,MEDIUM,2026-09-14 22:11:31.631484
AWB121459,BATCH-A,Bluedart,M-018,Jaipur,Tier-3,WEIGHT_DISPUTE,0.94,1.15,13.0,LOW,2026-09-14 22:11:31.453814
AWB121466,BATCH-B,Delhivery,M-009,Indore,Tier-2,PHANTOM_RTO_CHARGE,0.0,119.0,119.0,MEDIUM,2026-09-14 22:11:31.631484
AWB121469,BATCH-C,DTDC,M-008,Mumbai,Tier-1,EXCESS_FORWARD_CHARGE,95.0,114.0,19.0,LOW,2026-09-14 22:11:32.127304
AWB121470,BATCH-C,DTDC,M-019,Pune,Tier-2,EXCESS_FORWARD_CHARGE,42.0,50.0,8.0,LOW,2026-09-14 22:11:32.127304
AWB121475,BATCH-A,Shiprocket,M-017,Mumbai,Tier-1,PHANTOM_RTO_CHARGE,0.0,225.0,225.0,MEDIUM,2026-09-14 22:11:31.631484
AWB121477,BATCH-D,Delhivery,M-008,Lucknow,Tier-3,DUPLICATE_SETTLEMENT,1.0,2.0,0.0,HIGH,2026-09-14 22:11:31.913657
AWB121477,BATCH-DUP,Delhivery,M-008,Lucknow,Tier-3,DUPLICATE_SETTLEMENT,1.0,2.0,0.0,HIGH,2026-09-14 22:11:31.913657
AWB121478,BATCH-B,Shiprocket,M-010,Indore,Tier-2,PHANTOM_RTO_CHARGE,0.0,243.0,243.0,MEDIUM,2026-09-14 22:11:31.631484
AWB121479,BATCH-B,DTDC,M-003,Delhi,Tier-1,EXCESS_FORWARD_CHARGE,65.0,78.0,13.0,LOW,2026-09-14 22:11:32.127304
AWB121481,BATCH-B,DTDC,M-011,Pune,Tier-2,EXCESS_FORWARD_CHARGE,95.0,114.0,19.0,LOW,2026-09-14 22:11:32.127304
AWB121483,BATCH-C,Bluedart,M-004,Jaipur,Tier-3,WEIGHT_DISPUTE,1.77,2.31,32.0,LOW,2026-09-14 22:11:31.453814
AWB121484,BATCH-A,Kwikship,M-002,Lucknow,Tier-3,ETA_SLA_BREACH,72.0,142.7,0.0,LOW,2026-09-14 22:11:32.038362
AWB121485,BATCH-C,Shiprocket,M-019,Indore,Tier-2,PHANTOM_RTO_CHARGE,0.0,243.0,243.0,MEDIUM,2026-09-14 22:11:31.631484
AWB121486,BATCH-B,DTDC,M-015,Mumbai,Tier-1,EXCESS_FORWARD_CHARGE,65.0,78.0,13.0,LOW,2026-09-14 22:11:32.127304
AWB121488,BATCH-B,DTDC,M-014,Indore,Tier-2,EXCESS_FORWARD_CHARGE,65.0,78.0,13.0,LOW,2026-09-14 22:11:32.127304
AWB121489,BATCH-B,DTDC,M-017,Lucknow,Tier-3,EXCESS_FORWARD_CHARGE,95.0,114.0,19.0,LOW,2026-09-14 22:11:32.127304
AWB121494,BATCH-B,Bluedart,M-016,Jaipur,Tier-3,WEIGHT_DISPUTE,7.41,8.78,82.0,LOW,2026-09-14 22:11:31.453814
AWB121501,BATCH-B,Bluedart,M-004,Jaipur,Tier-3,WEIGHT_DISPUTE,2.69,3.22,32.0,LOW,2026-09-14 22:11:31.453814
AWB121511,BATCH-C,Shiprocket,M-014,Pune,Tier-2,PHANTOM_RTO_CHARGE,0.0,232.0,232.0,MEDIUM,2026-09-14 22:11:31.631484
AWB121514,BATCH-A,Bluedart,M-010,Lucknow,Tier-3,WEIGHT_DISPUTE,7.58,9.19,96.0,LOW,2026-09-14 22:11:31.453814
AWB121519,BATCH-A,Kwikship,M-007,Jaipur,Tier-3,ETA_SLA_BREACH,72.0,101.6,0.0,LOW,2026-09-14 22:11:32.038362
AWB121520,BATCH-C,Kwikship,M-008,Indore,Tier-2,PHANTOM_RTO_CHARGE,0.0,187.0,187.0,MEDIUM,2026-09-14 22:11:31.631484
AWB121521,BATCH-C,Shiprocket,M-013,Jaipur,Tier-3,OVERDUE_REMITTANCE,14.0,21.0,0.0,MEDIUM,2026-09-14 22:11:31.791087
AWB121522,BATCH-C,Shiprocket,M-004,Mumbai,Tier-1,OVERDUE_REMITTANCE,14.0,26.0,0.0,MEDIUM,2026-09-14 22:11:31.791087
AWB121525,BATCH-D,Shiprocket,M-015,Jaipur,Tier-3,OVERDUE_REMITTANCE,14.0,26.0,1536.0,MEDIUM,2026-09-14 22:11:31.791087
AWB121528,BATCH-B,Bluedart,M-004,Jaipur,Tier-3,WEIGHT_DISPUTE,5.22,6.67,87.0,LOW,2026-09-14 22:11:31.453814
AWB121539,BATCH-B,Bluedart,M-015,Mumbai,Tier-1,DUPLICATE_SETTLEMENT,1.0,2.0,1115.0,HIGH,2026-09-14 22:11:31.913657
AWB121539,BATCH-DUP,Bluedart,M-015,Mumbai,Tier-1,DUPLICATE_SETTLEMENT,1.0,2.0,1115.0,HIGH,2026-09-14 22:11:31.913657
AWB121545,BATCH-A,DTDC,M-016,Jaipur,Tier-3,EXCESS_FORWARD_CHARGE,95.0,114.0,19.0,LOW,2026-09-14 22:11:32.127304
AWB121545,BATCH-A,DTDC,M-016,Jaipur,Tier-3,PHANTOM_RTO_CHARGE,0.0,241.0,241.0,MEDIUM,2026-09-14 22:11:31.631484
AWB121547,BATCH-C,DTDC,M-017,Indore,Tier-2,EXCESS_FORWARD_CHARGE,95.0,114.0,19.0,LOW,2026-09-14 22:11:32.127304
AWB121559,BATCH-D,Delhivery,M-010,Mumbai,Tier-1,PHANTOM_RTO_CHARGE,0.0,135.0,135.0,MEDIUM,2026-09-14 22:11:31.631484
AWB121571,BATCH-B,Bluedart,M-004,Delhi,Tier-1,PHANTOM_RTO_CHARGE,0.0,205.0,205.0,MEDIUM,2026-09-14 22:11:31.631484
AWB121573,BATCH-B,DTDC,M-015,Jaipur,Tier-3,EXCESS_FORWARD_CHARGE,65.0,78.0,13.0,LOW,2026-09-14 22:11:32.127304
AWB121576,BATCH-C,Delhivery,M-002,Lucknow,Tier-3,COD_SHORT_REMITTANCE,3662.0,3378.0,284.0,MEDIUM,2026-09-14 22:10:12.726074
AWB121577,BATCH-A,Bluedart,M-003,Jaipur,Tier-3,WEIGHT_DISPUTE,3.26,3.94,41.0,LOW,2026-09-14 22:11:31.453814
AWB121586,BATCH-B,Bluedart,M-001,Jaipur,Tier-3,WEIGHT_DISPUTE,7.7,9.21,91.0,LOW,2026-09-14 22:11:31.453814
AWB121589,BATCH-C,Delhivery,M-017,Jaipur,Tier-3,COD_SHORT_REMITTANCE,5712.0,5315.0,397.0,MEDIUM,2026-09-14 22:10:12.726074
AWB121593,BATCH-C,DTDC,M-010,Mumbai,Tier-1,EXCESS_FORWARD_CHARGE,65.0,78.0,13.0,LOW,2026-09-14 22:11:32.127304
AWB121598,BATCH-A,DTDC,M-012,Pune,Tier-2,EXCESS_FORWARD_CHARGE,95.0,114.0,19.0,LOW,2026-09-14 22:11:32.127304
AWB121601,BATCH-B,Bluedart,M-006,Jaipur,Tier-3,PHANTOM_RTO_CHARGE,0.0,224.0,224.0,MEDIUM,2026-09-14 22:11:31.631484
AWB121601,BATCH-B,Bluedart,M-006,Jaipur,Tier-3,WEIGHT_DISPUTE,0.57,0.7,8.0,LOW,2026-09-14 22:11:31.453814
AWB121620,BATCH-C,DTDC,M-004,Mumbai,Tier-1,EXCESS_FORWARD_CHARGE,95.0,114.0,19.0,LOW,2026-09-14 22:11:32.127304
AWB121620,BATCH-C,DTDC,M-004,Mumbai,Tier-1,PHANTOM_RTO_CHARGE,0.0,231.0,231.0,MEDIUM,2026-09-14 22:11:31.631484
AWB121630,BATCH-D,Shiprocket,M-004,Delhi,Tier-1,OVERDUE_REMITTANCE,14.0,24.0,4448.0,MEDIUM,2026-09-14 22:11:31.791087
AWB121632,BATCH-B,Delhivery,M-007,Indore,Tier-2,COD_SHORT_REMITTANCE,3026.0,2856.0,170.0,MEDIUM,2026-09-14 22:10:12.726074
AWB121642,BATCH-A,DTDC,M-006,Lucknow,Tier-3,EXCESS_FORWARD_CHARGE,42.0,50.0,8.0,LOW,2026-09-14 22:11:32.127304
AWB121643,BATCH-C,Delhivery,M-002,Pune,Tier-2,DUPLICATE_SETTLEMENT,1.0,2.0,0.0,HIGH,2026-09-14 22:11:31.913657
AWB121643,BATCH-DUP,Delhivery,M-002,Pune,Tier-2,DUPLICATE_SETTLEMENT,1.0,2.0,0.0,HIGH,2026-09-14 22:11:31.913657
AWB121644,BATCH-C,Kwikship,M-001,Jaipur,Tier-3,ETA_SLA_BREACH,72.0,112.3,0.0,LOW,2026-09-14 22:11:32.038362
AWB121649,BATCH-B,DTDC,M-004,Indore,Tier-2,EXCESS_FORWARD_CHARGE,65.0,78.0,13.0,LOW,2026-09-14 22:11:32.127304
AWB121651,BATCH-C,Kwikship,M-011,Mumbai,Tier-1,PHANTOM_RTO_CHARGE,0.0,171.0,171.0,MEDIUM,2026-09-14 22:11:31.631484
AWB121654,BATCH-C,DTDC,M-015,Delhi,Tier-1,EXCESS_FORWARD_CHARGE,65.0,78.0,13.0,LOW,2026-09-14 22:11:32.127304
AWB121666,BATCH-D,Bluedart,M-008,Lucknow,Tier-3,WEIGHT_DISPUTE,8.12,10.65,152.0,MEDIUM,2026-09-14 22:11:31.453814
AWB121675,BATCH-A,DTDC,M-012,Lucknow,Tier-3,EXCESS_FORWARD_CHARGE,95.0,114.0,19.0,LOW,2026-09-14 22:11:32.127304
AWB121679,BATCH-D,Delhivery,M-012,Indore,Tier-2,COD_SHORT_REMITTANCE,3928.0,3731.0,197.0,MEDIUM,2026-09-14 22:10:12.726074
AWB121688,BATCH-B,Delhivery,M-003,Delhi,Tier-1,COD_SHORT_REMITTANCE,5915.0,5725.0,190.0,MEDIUM,2026-09-14 22:10:12.726074
AWB121691,BATCH-C,Kwikship,M-010,Lucknow,Tier-3,ETA_SLA_BREACH,72.0,140.3,0.0,LOW,2026-09-14 22:11:32.038362
AWB121696,BATCH-A,Kwikship,M-017,Jaipur,Tier-3,ETA_SLA_BREACH,72.0,107.0,0.0,LOW,2026-09-14 22:11:32.038362
AWB121696,BATCH-A,Kwikship,M-017,Jaipur,Tier-3,PHANTOM_RTO_CHARGE,0.0,232.0,232.0,MEDIUM,2026-09-14 22:11:31.631484
AWB121701,BATCH-B,DTDC,M-017,Delhi,Tier-1,EXCESS_FORWARD_CHARGE,95.0,114.0,19.0,LOW,2026-09-14 22:11:32.127304
AWB121702,BATCH-C,DTDC,M-003,Pune,Tier-2,EXCESS_FORWARD_CHARGE,95.0,114.0,19.0,LOW,2026-09-14 22:11:32.127304
AWB121705,BATCH-C,DTDC,M-004,Delhi,Tier-1,EXCESS_FORWARD_CHARGE,95.0,114.0,19.0,LOW,2026-09-14 22:11:32.127304
AWB121709,BATCH-A,Kwikship,M-007,Jaipur,Tier-3,ETA_SLA_BREACH,72.0,111.2,0.0,LOW,2026-09-14 22:11:32.038362
AWB121709,BATCH-A,Kwikship,M-007,Jaipur,Tier-3,PHANTOM_RTO_CHARGE,0.0,117.0,117.0,MEDIUM,2026-09-14 22:11:31.631484
AWB121710,BATCH-D,Kwikship,M-003,Lucknow,Tier-3,ETA_SLA_BREACH,72.0,114.8,0.0,LOW,2026-09-14 22:11:32.038362
AWB121712,BATCH-B,Shiprocket,M-003,Pune,Tier-2,PHANTOM_RTO_CHARGE,0.0,197.0,197.0,MEDIUM,2026-09-14 22:11:31.631484
AWB121715,BATCH-A,Shiprocket,M-020,Lucknow,Tier-3,OVERDUE_REMITTANCE,14.0,23.0,637.0,MEDIUM,2026-09-14 22:11:31.791087
AWB121716,BATCH-C,DTDC,M-016,Indore,Tier-2,EXCESS_FORWARD_CHARGE,95.0,114.0,19.0,LOW,2026-09-14 22:11:32.127304
AWB121717,BATCH-C,Delhivery,M-018,Jaipur,Tier-3,PHANTOM_RTO_CHARGE,0.0,185.0,185.0,MEDIUM,2026-09-14 22:11:31.631484
AWB121723,BATCH-C,Bluedart,M-001,Delhi,Tier-1,DUPLICATE_SETTLEMENT,1.0,2.0,0.0,HIGH,2026-09-14 22:11:31.913657
AWB121723,BATCH-DUP,Bluedart,M-001,Delhi,Tier-1,DUPLICATE_SETTLEMENT,1.0,2.0,0.0,HIGH,2026-09-14 22:11:31.913657
AWB121726,BATCH-D,Delhivery,M-002,Pune,Tier-2,COD_SHORT_REMITTANCE,4048.0,3762.0,286.0,MEDIUM,2026-09-14 22:10:12.726074
AWB121728,BATCH-A,DTDC,M-017,Pune,Tier-2,EXCESS_FORWARD_CHARGE,95.0,114.0,19.0,LOW,2026-09-14 22:11:32.127304
AWB121729,BATCH-C,DTDC,M-013,Delhi,Tier-1,EXCESS_FORWARD_CHARGE,95.0,114.0,19.0,LOW,2026-09-14 22:11:32.127304
AWB121735,BATCH-C,DTDC,M-006,Mumbai,Tier-1,EXCESS_FORWARD_CHARGE,95.0,114.0,19.0,LOW,2026-09-14 22:11:32.127304
AWB121746,BATCH-A,Shiprocket,M-006,Mumbai,Tier-1,OVERDUE_REMITTANCE,14.0,19.0,1002.0,MEDIUM,2026-09-14 22:11:31.791087
AWB121747,BATCH-D,Bluedart,M-011,Lucknow,Tier-3,WEIGHT_DISPUTE,3.84,4.72,53.0,LOW,2026-09-14 22:11:31.453814
AWB121750,BATCH-C,Bluedart,M-016,Lucknow,Tier-3,WEIGHT_DISPUTE,6.45,8.43,119.0,MEDIUM,2026-09-14 22:11:31.453814
AWB121752,BATCH-D,Bluedart,M-004,Lucknow,Tier-3,WEIGHT_DISPUTE,0.41,0.5,5.0,LOW,2026-09-14 22:11:31.453814
AWB121755,BATCH-B,Bluedart,M-011,Jaipur,Tier-3,WEIGHT_DISPUTE,4.02,5.02,60.0,LOW,2026-09-14 22:11:31.453814
AWB121761,BATCH-A,DTDC,M-008,Delhi,Tier-1,EXCESS_FORWARD_CHARGE,42.0,50.0,8.0,LOW,2026-09-14 22:11:32.127304
AWB121763,BATCH-A,DTDC,M-011,Delhi,Tier-1,EXCESS_FORWARD_CHARGE,42.0,50.0,8.0,LOW,2026-09-14 22:11:32.127304
AWB121787,BATCH-B,Bluedart,M-020,Indore,Tier-2,DUPLICATE_SETTLEMENT,1.0,2.0,1630.0,HIGH,2026-09-14 22:11:31.913657
AWB121787,BATCH-DUP,Bluedart,M-020,Indore,Tier-2,DUPLICATE_SETTLEMENT,1.0,2.0,1630.0,HIGH,2026-09-14 22:11:31.913657
AWB121788,BATCH-C,Bluedart,M-009,Jaipur,Tier-3,WEIGHT_DISPUTE,7.72,9.25,92.0,LOW,2026-09-14 22:11:31.453814
AWB121789,BATCH-B,Bluedart,M-008,Delhi,Tier-1,PHANTOM_RTO_CHARGE,0.0,124.0,124.0,MEDIUM,2026-09-14 22:11:31.631484
AWB121793,BATCH-C,Delhivery,M-013,Mumbai,Tier-1,PHANTOM_RTO_CHARGE,0.0,156.0,156.0,MEDIUM,2026-09-14 22:11:31.631484
AWB121803,BATCH-C,Shiprocket,M-001,Indore,Tier-2,PHANTOM_RTO_CHARGE,0.0,201.0,201.0,MEDIUM,2026-09-14 22:11:31.631484
AWB121804,BATCH-B,Bluedart,M-019,Jaipur,Tier-3,WEIGHT_DISPUTE,2.31,2.91,36.0,LOW,2026-09-14 22:11:31.453814
AWB121810,BATCH-B,DTDC,M-004,Lucknow,Tier-3,EXCESS_FORWARD_CHARGE,95.0,114.0,19.0,LOW,2026-09-14 22:11:32.127304
AWB121811,BATCH-B,DTDC,M-017,Pune,Tier-2,EXCESS_FORWARD_CHARGE,95.0,114.0,19.0,LOW,2026-09-14 22:11:32.127304
AWB121812,BATCH-D,Kwikship,M-015,Lucknow,Tier-3,ETA_SLA_BREACH,72.0,106.5,0.0,LOW,2026-09-14 22:11:32.038362
AWB121815,BATCH-B,Bluedart,M-005,Jaipur,Tier-3,WEIGHT_DISPUTE,3.3,4.23,56.0,LOW,2026-09-14 22:11:31.453814
AWB121819,BATCH-C,DTDC,M-012,Indore,Tier-2,EXCESS_FORWARD_CHARGE,95.0,114.0,19.0,LOW,2026-09-14 22:11:32.127304
AWB121821,BATCH-A,Kwikship,M-006,Lucknow,Tier-3,ETA_SLA_BREACH,72.0,130.2,0.0,LOW,2026-09-14 22:11:32.038362
AWB121823,BATCH-C,Delhivery,M-004,Jaipur,Tier-3,COD_SHORT_REMITTANCE,5375.0,5186.0,189.0,MEDIUM,2026-09-14 22:10:12.726074
AWB121833,BATCH-D,DTDC,M-002,Mumbai,Tier-1,EXCESS_FORWARD_CHARGE,95.0,114.0,19.0,LOW,2026-09-14 22:11:32.127304
AWB121834,BATCH-A,Bluedart,M-019,Jaipur,Tier-3,WEIGHT_DISPUTE,7.31,8.79,89.0,LOW,2026-09-14 22:11:31.453814
AWB121836,BATCH-A,Kwikship,M-013,Lucknow,Tier-3,DUPLICATE_SETTLEMENT,1.0,2.0,5100.0,HIGH,2026-09-14 22:11:31.913657
AWB121836,BATCH-A,Kwikship,M-013,Lucknow,Tier-3,ETA_SLA_BREACH,72.0,130.3,0.0,LOW,2026-09-14 22:11:32.038362
AWB121836,BATCH-DUP,Kwikship,M-013,Lucknow,Tier-3,DUPLICATE_SETTLEMENT,1.0,2.0,5100.0,HIGH,2026-09-14 22:11:31.913657
AWB121836,BATCH-DUP,Kwikship,M-013,Lucknow,Tier-3,ETA_SLA_BREACH,72.0,130.3,0.0,LOW,2026-09-14 22:11:32.038362
AWB121837,BATCH-D,Bluedart,M-019,Lucknow,Tier-3,WEIGHT_DISPUTE,7.2,9.32,127.0,MEDIUM,2026-09-14 22:11:31.453814
AWB121841,BATCH-B,DTDC,M-001,Jaipur,Tier-3,EXCESS_FORWARD_CHARGE,95.0,114.0,19.0,LOW,2026-09-14 22:11:32.127304
AWB121846,BATCH-D,Shiprocket,M-005,Delhi,Tier-1,OVERDUE_REMITTANCE,14.0,18.0,3860.0,MEDIUM,2026-09-14 22:11:31.791087
AWB121853,BATCH-A,DTDC,M-007,Lucknow,Tier-3,EXCESS_FORWARD_CHARGE,65.0,78.0,13.0,LOW,2026-09-14 22:11:32.127304
AWB121861,BATCH-C,DTDC,M-016,Pune,Tier-2,EXCESS_FORWARD_CHARGE,95.0,114.0,19.0,LOW,2026-09-14 22:11:32.127304
AWB121870,BATCH-C,Kwikship,M-018,Lucknow,Tier-3,ETA_SLA_BREACH,72.0,142.0,0.0,LOW,2026-09-14 22:11:32.038362
AWB121871,BATCH-D,DTDC,M-019,Delhi,Tier-1,EXCESS_FORWARD_CHARGE,95.0,114.0,19.0,LOW,2026-09-14 22:11:32.127304
AWB121872,BATCH-D,DTDC,M-016,Indore,Tier-2,EXCESS_FORWARD_CHARGE,65.0,78.0,13.0,LOW,2026-09-14 22:11:32.127304
AWB121873,BATCH-D,DTDC,M-015,Jaipur,Tier-3,EXCESS_FORWARD_CHARGE,95.0,114.0,19.0,LOW,2026-09-14 22:11:32.127304
AWB121878,BATCH-A,DTDC,M-017,Pune,Tier-2,EXCESS_FORWARD_CHARGE,95.0,114.0,19.0,LOW,2026-09-14 22:11:32.127304
AWB121879,BATCH-C,DTDC,M-019,Jaipur,Tier-3,EXCESS_FORWARD_CHARGE,65.0,78.0,13.0,LOW,2026-09-14 22:11:32.127304
AWB121880,BATCH-D,DTDC,M-016,Delhi,Tier-1,EXCESS_FORWARD_CHARGE,65.0,78.0,13.0,LOW,2026-09-14 22:11:32.127304
AWB121885,BATCH-B,DTDC,M-009,Mumbai,Tier-1,EXCESS_FORWARD_CHARGE,95.0,114.0,19.0,LOW,2026-09-14 22:11:32.127304
AWB121887,BATCH-B,DTDC,M-002,Indore,Tier-2,EXCESS_FORWARD_CHARGE,95.0,114.0,19.0,LOW,2026-09-14 22:11:32.127304
AWB121892,BATCH-B,DTDC,M-004,Mumbai,Tier-1,EXCESS_FORWARD_CHARGE,95.0,114.0,19.0,LOW,2026-09-14 22:11:32.127304
AWB121894,BATCH-B,Kwikship,M-008,Indore,Tier-2,PHANTOM_RTO_CHARGE,0.0,220.0,220.0,MEDIUM,2026-09-14 22:11:31.631484
AWB121903,BATCH-A,Shiprocket,M-006,Lucknow,Tier-3,PHANTOM_RTO_CHARGE,0.0,130.0,130.0,MEDIUM,2026-09-14 22:11:31.631484
AWB121909,BATCH-D,Bluedart,M-009,Lucknow,Tier-3,PHANTOM_RTO_CHARGE,0.0,172.0,172.0,MEDIUM,2026-09-14 22:11:31.631484
AWB121921,BATCH-A,Kwikship,M-020,Lucknow,Tier-3,ETA_SLA_BREACH,72.0,119.5,0.0,LOW,2026-09-14 22:11:32.038362
AWB121923,BATCH-B,Delhivery,M-002,Indore,Tier-2,PHANTOM_RTO_CHARGE,0.0,166.0,166.0,MEDIUM,2026-09-14 22:11:31.631484
AWB121925,BATCH-B,Kwikship,M-009,Lucknow,Tier-3,ETA_SLA_BREACH,72.0,128.9,0.0,LOW,2026-09-14 22:11:32.038362
AWB121934,BATCH-B,Kwikship,M-015,Lucknow,Tier-3,PHANTOM_RTO_CHARGE,0.0,139.0,139.0,MEDIUM,2026-09-14 22:11:31.631484
AWB121935,BATCH-D,Kwikship,M-014,Jaipur,Tier-3,ETA_SLA_BREACH,72.0,107.7,0.0,LOW,2026-09-14 22:11:32.038362
AWB121939,BATCH-D,Delhivery,M-017,Indore,Tier-2,COD_SHORT_REMITTANCE,3161.0,2922.0,239.0,MEDIUM,2026-09-14 22:10:12.726074
AWB121946,BATCH-B,Shiprocket,M-020,Jaipur,Tier-3,PHANTOM_RTO_CHARGE,0.0,127.0,127.0,MEDIUM,2026-09-14 22:11:31.631484
AWB121947,BATCH-C,DTDC,M-008,Indore,Tier-2,EXCESS_FORWARD_CHARGE,95.0,114.0,19.0,LOW,2026-09-14 22:11:32.127304
AWB121950,BATCH-A,DTDC,M-019,Mumbai,Tier-1,EXCESS_FORWARD_CHARGE,65.0,78.0,13.0,LOW,2026-09-14 22:11:32.127304
AWB121953,BATCH-C,Shiprocket,M-016,Mumbai,Tier-1,PHANTOM_RTO_CHARGE,0.0,122.0,122.0,MEDIUM,2026-09-14 22:11:31.631484
AWB121954,BATCH-D,Bluedart,M-019,Lucknow,Tier-3,WEIGHT_DISPUTE,5.23,6.36,68.0,LOW,2026-09-14 22:11:31.453814
AWB121960,BATCH-A,DTDC,M-011,Lucknow,Tier-3,PHANTOM_RTO_CHARGE,0.0,133.0,133.0,MEDIUM,2026-09-14 22:11:31.631484
AWB121971,BATCH-B,Bluedart,M-008,Jaipur,Tier-3,WEIGHT_DISPUTE,1.58,2.05,28.0,LOW,2026-09-14 22:11:31.453814
AWB121987,BATCH-A,Shiprocket,M-019,Lucknow,Tier-3,PHANTOM_RTO_CHARGE,0.0,149.0,149.0,MEDIUM,2026-09-14 22:11:31.631484
AWB121988,BATCH-B,Shiprocket,M-009,Jaipur,Tier-3,PHANTOM_RTO_CHARGE,0.0,218.0,218.0,MEDIUM,2026-09-14 22:11:31.631484
AWB121990,BATCH-C,DTDC,M-009,Indore,Tier-2,EXCESS_FORWARD_CHARGE,95.0,114.0,19.0,LOW,2026-09-14 22:11:32.127304
AWB121998,BATCH-B,DTDC,M-001,Indore,Tier-2,DUPLICATE_SETTLEMENT,1.0,2.0,2596.0,HIGH,2026-09-14 22:11:31.913657
AWB121998,BATCH-DUP,DTDC,M-001,Indore,Tier-2,DUPLICATE_SETTLEMENT,1.0,2.0,2596.0,HIGH,2026-09-14 22:11:31.913657
AWB122006,BATCH-B,Bluedart,M-010,Lucknow,Tier-3,WEIGHT_DISPUTE,0.83,0.99,10.0,LOW,2026-09-14 22:11:31.453814
AWB122008,BATCH-B,Shiprocket,M-010,Indore,Tier-2,PHANTOM_RTO_CHARGE,0.0,188.0,188.0,MEDIUM,2026-09-14 22:11:31.631484
AWB122012,BATCH-B,Delhivery,M-013,Indore,Tier-2,COD_SHORT_REMITTANCE,3319.0,3215.0,104.0,MEDIUM,2026-09-14 22:10:12.726074
AWB122016,BATCH-B,Delhivery,M-005,Delhi,Tier-1,COD_SHORT_REMITTANCE,4465.0,4203.0,262.0,MEDIUM,2026-09-14 22:10:12.726074
AWB122017,BATCH-A,Shiprocket,M-003,Mumbai,Tier-1,OVERDUE_REMITTANCE,14.0,27.0,0.0,MEDIUM,2026-09-14 22:11:31.791087
AWB122019,BATCH-D,Kwikship,M-013,Lucknow,Tier-3,ETA_SLA_BREACH,72.0,107.3,0.0,LOW,2026-09-14 22:11:32.038362
AWB122021,BATCH-A,Shiprocket,M-002,Jaipur,Tier-3,PHANTOM_RTO_CHARGE,0.0,228.0,228.0,MEDIUM,2026-09-14 22:11:31.631484
AWB122026,BATCH-C,Delhivery,M-004,Jaipur,Tier-3,PHANTOM_RTO_CHARGE,0.0,175.0,175.0,MEDIUM,2026-09-14 22:11:31.631484
AWB122032,BATCH-A,Delhivery,M-011,Jaipur,Tier-3,COD_SHORT_REMITTANCE,3804.0,3656.0,148.0,MEDIUM,2026-09-14 22:10:12.726074
AWB122034,BATCH-A,Shiprocket,M-012,Lucknow,Tier-3,PHANTOM_RTO_CHARGE,0.0,202.0,202.0,MEDIUM,2026-09-14 22:11:31.631484
AWB122039,BATCH-B,DTDC,M-001,Jaipur,Tier-3,EXCESS_FORWARD_CHARGE,95.0,114.0,19.0,LOW,2026-09-14 22:11:32.127304
AWB122041,BATCH-B,Delhivery,M-010,Delhi,Tier-1,COD_SHORT_REMITTANCE,3232.0,2999.0,233.0,MEDIUM,2026-09-14 22:10:12.726074
AWB122049,BATCH-C,DTDC,M-019,Pune,Tier-2,EXCESS_FORWARD_CHARGE,95.0,114.0,19.0,LOW,2026-09-14 22:11:32.127304
AWB122051,BATCH-A,DTDC,M-017,Jaipur,Tier-3,EXCESS_FORWARD_CHARGE,42.0,50.0,8.0,LOW,2026-09-14 22:11:32.127304
AWB122053,BATCH-D,DTDC,M-020,Mumbai,Tier-1,EXCESS_FORWARD_CHARGE,42.0,50.0,8.0,LOW,2026-09-14 22:11:32.127304
AWB122057,BATCH-D,Shiprocket,M-004,Lucknow,Tier-3,PHANTOM_RTO_CHARGE,0.0,210.0,210.0,MEDIUM,2026-09-14 22:11:31.631484
AWB122059,BATCH-A,Bluedart,M-008,Jaipur,Tier-3,WEIGHT_DISPUTE,1.19,1.49,18.0,LOW,2026-09-14 22:11:31.453814
AWB122065,BATCH-D,DTDC,M-006,Mumbai,Tier-1,EXCESS_FORWARD_CHARGE,95.0,114.0,19.0,LOW,2026-09-14 22:11:32.127304
AWB122074,BATCH-D,DTDC,M-018,Indore,Tier-2,EXCESS_FORWARD_CHARGE,65.0,78.0,13.0,LOW,2026-09-14 22:11:32.127304
AWB122091,BATCH-C,DTDC,M-002,Indore,Tier-2,EXCESS_FORWARD_CHARGE,95.0,114.0,19.0,LOW,2026-09-14 22:11:32.127304
AWB122092,BATCH-C,DTDC,M-015,Indore,Tier-2,EXCESS_FORWARD_CHARGE,95.0,114.0,19.0,LOW,2026-09-14 22:11:32.127304
AWB122103,BATCH-B,Delhivery,M-008,Pune,Tier-2,COD_SHORT_REMITTANCE,5744.0,5356.0,388.0,MEDIUM,2026-09-14 22:10:12.726074
AWB122108,BATCH-C,DTDC,M-003,Pune,Tier-2,EXCESS_FORWARD_CHARGE,42.0,50.0,8.0,LOW,2026-09-14 22:11:32.127304
AWB122111,BATCH-D,Bluedart,M-013,Lucknow,Tier-3,WEIGHT_DISPUTE,8.09,10.19,126.0,MEDIUM,2026-09-14 22:11:31.453814
AWB122113,BATCH-D,Bluedart,M-016,Jaipur,Tier-3,WEIGHT_DISPUTE,5.78,7.15,83.0,LOW,2026-09-14 22:11:31.453814
AWB122115,BATCH-B,DTDC,M-012,Mumbai,Tier-1,EXCESS_FORWARD_CHARGE,95.0,114.0,19.0,LOW,2026-09-14 22:11:32.127304
AWB122119,BATCH-B,Kwikship,M-009,Delhi,Tier-1,PHANTOM_RTO_CHARGE,0.0,128.0,128.0,MEDIUM,2026-09-14 22:11:31.631484
AWB122128,BATCH-A,Kwikship,M-003,Lucknow,Tier-3,ETA_SLA_BREACH,72.0,103.3,0.0,LOW,2026-09-14 22:11:32.038362
AWB122137,BATCH-A,Bluedart,M-005,Jaipur,Tier-3,WEIGHT_DISPUTE,3.73,4.8,65.0,LOW,2026-09-14 22:11:31.453814
AWB122138,BATCH-C,Bluedart,M-008,Jaipur,Tier-3,WEIGHT_DISPUTE,5.01,6.49,88.0,LOW,2026-09-14 22:11:31.453814
AWB122140,BATCH-A,Kwikship,M-019,Indore,Tier-2,PHANTOM_RTO_CHARGE,0.0,233.0,233.0,MEDIUM,2026-09-14 22:11:31.631484
AWB122141,BATCH-A,DTDC,M-011,Mumbai,Tier-1,EXCESS_FORWARD_CHARGE,95.0,114.0,19.0,LOW,2026-09-14 22:11:32.127304
AWB122143,BATCH-D,DTDC,M-019,Mumbai,Tier-1,EXCESS_FORWARD_CHARGE,95.0,114.0,19.0,LOW,2026-09-14 22:11:32.127304
AWB122148,BATCH-C,Kwikship,M-019,Jaipur,Tier-3,ETA_SLA_BREACH,72.0,138.1,0.0,LOW,2026-09-14 22:11:32.038362
AWB122151,BATCH-B,DTDC,M-016,Lucknow,Tier-3,EXCESS_FORWARD_CHARGE,95.0,114.0,19.0,LOW,2026-09-14 22:11:32.127304
AWB122152,BATCH-B,Delhivery,M-004,Jaipur,Tier-3,PHANTOM_RTO_CHARGE,0.0,238.0,238.0,MEDIUM,2026-09-14 22:11:31.631484
AWB122155,BATCH-D,DTDC,M-010,Indore,Tier-2,EXCESS_FORWARD_CHARGE,95.0,114.0,19.0,LOW,2026-09-14 22:11:32.127304
AWB122157,BATCH-D,Delhivery,M-012,Jaipur,Tier-3,COD_SHORT_REMITTANCE,5919.0,5581.0,338.0,MEDIUM,2026-09-14 22:10:12.726074
AWB122164,BATCH-D,Delhivery,M-012,Jaipur,Tier-3,COD_SHORT_REMITTANCE,5215.0,4978.0,237.0,MEDIUM,2026-09-14 22:10:12.726074
AWB122171,BATCH-B,Delhivery,M-020,Indore,Tier-2,COD_SHORT_REMITTANCE,5425.0,5178.0,247.0,MEDIUM,2026-09-14 22:10:12.726074
AWB122173,BATCH-A,Shiprocket,M-017,Indore,Tier-2,OVERDUE_REMITTANCE,14.0,25.0,3909.0,MEDIUM,2026-09-14 22:11:31.791087
AWB122177,BATCH-A,Bluedart,M-017,Indore,Tier-2,PHANTOM_RTO_CHARGE,0.0,206.0,206.0,MEDIUM,2026-09-14 22:11:31.631484
AWB122180,BATCH-A,DTDC,M-012,Mumbai,Tier-1,EXCESS_FORWARD_CHARGE,95.0,114.0,19.0,LOW,2026-09-14 22:11:32.127304
AWB122185,BATCH-D,DTDC,M-003,Delhi,Tier-1,EXCESS_FORWARD_CHARGE,95.0,114.0,19.0,LOW,2026-09-14 22:11:32.127304
AWB122192,BATCH-D,DTDC,M-005,Jaipur,Tier-3,EXCESS_FORWARD_CHARGE,95.0,114.0,19.0,LOW,2026-09-14 22:11:32.127304
AWB122192,BATCH-D,DTDC,M-005,Jaipur,Tier-3,PHANTOM_RTO_CHARGE,0.0,135.0,135.0,MEDIUM,2026-09-14 22:11:31.631484
AWB122195,BATCH-B,Shiprocket,M-004,Lucknow,Tier-3,OVERDUE_REMITTANCE,14.0,27.0,438.0,MEDIUM,2026-09-14 22:11:31.791087
AWB122198,BATCH-B,Shiprocket,M-011,Pune,Tier-2,OVERDUE_REMITTANCE,14.0,27.0,0.0,MEDIUM,2026-09-14 22:11:31.791087
AWB122205,BATCH-A,DTDC,M-006,Pune,Tier-2,EXCESS_FORWARD_CHARGE,95.0,114.0,19.0,LOW,2026-09-14 22:11:32.127304
AWB122206,BATCH-C,Shiprocket,M-020,Indore,Tier-2,DUPLICATE_SETTLEMENT,1.0,2.0,4651.0,HIGH,2026-09-14 22:11:31.913657
AWB122206,BATCH-DUP,Shiprocket,M-020,Indore,Tier-2,DUPLICATE_SETTLEMENT,1.0,2.0,4651.0,HIGH,2026-09-14 22:11:31.913657
AWB122209,BATCH-B,DTDC,M-008,Delhi,Tier-1,EXCESS_FORWARD_CHARGE,42.0,50.0,8.0,LOW,2026-09-14 22:11:32.127304
AWB122209,BATCH-B,DTDC,M-008,Delhi,Tier-1,PHANTOM_RTO_CHARGE,0.0,249.0,249.0,MEDIUM,2026-09-14 22:11:31.631484
AWB122212,BATCH-D,DTDC,M-003,Pune,Tier-2,EXCESS_FORWARD_CHARGE,95.0,114.0,19.0,LOW,2026-09-14 22:11:32.127304
AWB122215,BATCH-B,Shiprocket,M-014,Indore,Tier-2,PHANTOM_RTO_CHARGE,0.0,207.0,207.0,MEDIUM,2026-09-14 22:11:31.631484
AWB122220,BATCH-D,Bluedart,M-001,Jaipur,Tier-3,WEIGHT_DISPUTE,2.97,3.54,34.0,LOW,2026-09-14 22:11:31.453814
AWB122221,BATCH-A,Bluedart,M-007,Lucknow,Tier-3,WEIGHT_DISPUTE,2.09,2.68,35.0,LOW,2026-09-14 22:11:31.453814
AWB122233,BATCH-B,Shiprocket,M-018,Jaipur,Tier-3,OVERDUE_REMITTANCE,14.0,18.0,2489.0,MEDIUM,2026-09-14 22:11:31.791087
AWB122240,BATCH-C,Bluedart,M-003,Jaipur,Tier-3,WEIGHT_DISPUTE,3.52,4.18,39.0,LOW,2026-09-14 22:11:31.453814
AWB122241,BATCH-B,Bluedart,M-002,Jaipur,Tier-3,WEIGHT_DISPUTE,5.66,6.8,68.0,LOW,2026-09-14 22:11:31.453814
AWB122247,BATCH-A,DTDC,M-001,Mumbai,Tier-1,PHANTOM_RTO_CHARGE,0.0,217.0,217.0,MEDIUM,2026-09-14 22:11:31.631484
AWB122250,BATCH-C,Bluedart,M-009,Indore,Tier-2,PHANTOM_RTO_CHARGE,0.0,121.0,121.0,MEDIUM,2026-09-14 22:11:31.631484
AWB122251,BATCH-D,DTDC,M-005,Lucknow,Tier-3,EXCESS_FORWARD_CHARGE,95.0,114.0,19.0,LOW,2026-09-14 22:11:32.127304
AWB122251,BATCH-D,DTDC,M-005,Lucknow,Tier-3,PHANTOM_RTO_CHARGE,0.0,211.0,211.0,MEDIUM,2026-09-14 22:11:31.631484
AWB122252,BATCH-A,Bluedart,M-003,Indore,Tier-2,DUPLICATE_SETTLEMENT,1.0,2.0,1105.0,HIGH,2026-09-14 22:11:31.913657
AWB122252,BATCH-DUP,Bluedart,M-003,Indore,Tier-2,DUPLICATE_SETTLEMENT,1.0,2.0,1105.0,HIGH,2026-09-14 22:11:31.913657
AWB122256,BATCH-D,Shiprocket,M-012,Pune,Tier-2,PHANTOM_RTO_CHARGE,0.0,106.0,106.0,MEDIUM,2026-09-14 22:11:31.631484
AWB122261,BATCH-A,Kwikship,M-014,Jaipur,Tier-3,ETA_SLA_BREACH,72.0,133.0,0.0,LOW,2026-09-14 22:11:32.038362
AWB122262,BATCH-A,Delhivery,M-007,Indore,Tier-2,PHANTOM_RTO_CHARGE,0.0,164.0,164.0,MEDIUM,2026-09-14 22:11:31.631484
AWB122263,BATCH-D,DTDC,M-016,Indore,Tier-2,EXCESS_FORWARD_CHARGE,95.0,114.0,19.0,LOW,2026-09-14 22:11:32.127304
AWB122264,BATCH-B,Kwikship,M-007,Jaipur,Tier-3,ETA_SLA_BREACH,72.0,140.8,0.0,LOW,2026-09-14 22:11:32.038362
AWB122268,BATCH-A,DTDC,M-020,Pune,Tier-2,EXCESS_FORWARD_CHARGE,95.0,114.0,19.0,LOW,2026-09-14 22:11:32.127304
AWB122275,BATCH-C,Shiprocket,M-005,Jaipur,Tier-3,PHANTOM_RTO_CHARGE,0.0,199.0,199.0,MEDIUM,2026-09-14 22:11:31.631484
AWB122277,BATCH-C,DTDC,M-006,Indore,Tier-2,EXCESS_FORWARD_CHARGE,95.0,114.0,19.0,LOW,2026-09-14 22:11:32.127304
AWB122278,BATCH-D,DTDC,M-011,Jaipur,Tier-3,EXCESS_FORWARD_CHARGE,95.0,114.0,19.0,LOW,2026-09-14 22:11:32.127304
AWB122281,BATCH-A,DTDC,M-020,Indore,Tier-2,EXCESS_FORWARD_CHARGE,65.0,78.0,13.0,LOW,2026-09-14 22:11:32.127304
AWB122288,BATCH-A,Delhivery,M-013,Mumbai,Tier-1,COD_SHORT_REMITTANCE,4892.0,4602.0,290.0,MEDIUM,2026-09-14 22:10:12.726074
AWB122289,BATCH-B,Kwikship,M-014,Pune,Tier-2,PHANTOM_RTO_CHARGE,0.0,212.0,212.0,MEDIUM,2026-09-14 22:11:31.631484
AWB122290,BATCH-D,DTDC,M-008,Indore,Tier-2,EXCESS_FORWARD_CHARGE,95.0,114.0,19.0,LOW,2026-09-14 22:11:32.127304
AWB122296,BATCH-B,DTDC,M-017,Pune,Tier-2,EXCESS_FORWARD_CHARGE,42.0,50.0,8.0,LOW,2026-09-14 22:11:32.127304
AWB122298,BATCH-C,DTDC,M-018,Pune,Tier-2,DUPLICATE_SETTLEMENT,1.0,2.0,669.0,HIGH,2026-09-14 22:11:31.913657
AWB122298,BATCH-DUP,DTDC,M-018,Pune,Tier-2,DUPLICATE_SETTLEMENT,1.0,2.0,669.0,HIGH,2026-09-14 22:11:31.913657
AWB122313,BATCH-A,Delhivery,M-006,Mumbai,Tier-1,COD_SHORT_REMITTANCE,5119.0,4856.0,263.0,MEDIUM,2026-09-14 22:10:12.726074
AWB122318,BATCH-C,Kwikship,M-012,Pune,Tier-2,PHANTOM_RTO_CHARGE,0.0,107.0,107.0,MEDIUM,2026-09-14 22:11:31.631484
AWB122335,BATCH-A,Bluedart,M-006,Jaipur,Tier-3,PHANTOM_RTO_CHARGE,0.0,221.0,221.0,MEDIUM,2026-09-14 22:11:31.631484
AWB122336,BATCH-D,Bluedart,M-018,Indore,Tier-2,PHANTOM_RTO_CHARGE,0.0,140.0,140.0,MEDIUM,2026-09-14 22:11:31.631484
AWB122346,BATCH-D,Bluedart,M-006,Jaipur,Tier-3,WEIGHT_DISPUTE,3.49,4.38,54.0,LOW,2026-09-14 22:11:31.453814
AWB122349,BATCH-A,Delhivery,M-009,Indore,Tier-2,COD_SHORT_REMITTANCE,5054.0,4782.0,272.0,MEDIUM,2026-09-14 22:10:12.726074
AWB122349,BATCH-A,Delhivery,M-009,Indore,Tier-2,PHANTOM_RTO_CHARGE,0.0,149.0,149.0,MEDIUM,2026-09-14 22:11:31.631484
AWB122351,BATCH-A,Delhivery,M-016,Lucknow,Tier-3,COD_SHORT_REMITTANCE,5393.0,5171.0,222.0,MEDIUM,2026-09-14 22:10:12.726074
AWB122354,BATCH-A,DTDC,M-020,Pune,Tier-2,EXCESS_FORWARD_CHARGE,95.0,114.0,19.0,LOW,2026-09-14 22:11:32.127304
AWB122366,BATCH-C,Bluedart,M-011,Lucknow,Tier-3,WEIGHT_DISPUTE,1.09,1.41,19.0,LOW,2026-09-14 22:11:31.453814
AWB122368,BATCH-C,DTDC,M-001,Lucknow,Tier-3,EXCESS_FORWARD_CHARGE,95.0,114.0,19.0,LOW,2026-09-14 22:11:32.127304
AWB122370,BATCH-A,Delhivery,M-018,Lucknow,Tier-3,COD_SHORT_REMITTANCE,5430.0,5229.0,201.0,MEDIUM,2026-09-14 22:10:12.726074
AWB122372,BATCH-C,Shiprocket,M-017,Mumbai,Tier-1,OVERDUE_REMITTANCE,14.0,20.0,0.0,MEDIUM,2026-09-14 22:11:31.791087
AWB122375,BATCH-B,Bluedart,M-003,Lucknow,Tier-3,WEIGHT_DISPUTE,3.4,4.23,50.0,LOW,2026-09-14 22:11:31.453814
AWB122378,BATCH-D,DTDC,M-013,Jaipur,Tier-3,EXCESS_FORWARD_CHARGE,95.0,114.0,19.0,LOW,2026-09-14 22:11:32.127304
AWB122381,BATCH-D,Kwikship,M-002,Indore,Tier-2,PHANTOM_RTO_CHARGE,0.0,136.0,136.0,MEDIUM,2026-09-14 22:11:31.631484
AWB122383,BATCH-C,Delhivery,M-015,Mumbai,Tier-1,COD_SHORT_REMITTANCE,5465.0,5191.0,274.0,MEDIUM,2026-09-14 22:10:12.726074
AWB122385,BATCH-D,DTDC,M-019,Indore,Tier-2,EXCESS_FORWARD_CHARGE,95.0,114.0,19.0,LOW,2026-09-14 22:11:32.127304
AWB122389,BATCH-B,DTDC,M-005,Mumbai,Tier-1,EXCESS_FORWARD_CHARGE,65.0,78.0,13.0,LOW,2026-09-14 22:11:32.127304
AWB122392,BATCH-A,DTDC,M-012,Jaipur,Tier-3,EXCESS_FORWARD_CHARGE,95.0,114.0,19.0,LOW,2026-09-14 22:11:32.127304
AWB122393,BATCH-A,DTDC,M-004,Indore,Tier-2,EXCESS_FORWARD_CHARGE,65.0,78.0,13.0,LOW,2026-09-14 22:11:32.127304
AWB122394,BATCH-C,Bluedart,M-016,Mumbai,Tier-1,DUPLICATE_SETTLEMENT,1.0,2.0,3043.0,HIGH,2026-09-14 22:11:31.913657
AWB122394,BATCH-DUP,Bluedart,M-016,Mumbai,Tier-1,DUPLICATE_SETTLEMENT,1.0,2.0,3043.0,HIGH,2026-09-14 22:11:31.913657
AWB122395,BATCH-D,DTDC,M-012,Jaipur,Tier-3,EXCESS_FORWARD_CHARGE,95.0,114.0,19.0,LOW,2026-09-14 22:11:32.127304
AWB122403,BATCH-C,Bluedart,M-009,Lucknow,Tier-3,WEIGHT_DISPUTE,3.68,4.86,70.0,LOW,2026-09-14 22:11:31.453814
AWB122405,BATCH-A,DTDC,M-019,Jaipur,Tier-3,EXCESS_FORWARD_CHARGE,95.0,114.0,19.0,LOW,2026-09-14 22:11:32.127304
AWB122420,BATCH-D,Bluedart,M-020,Indore,Tier-2,PHANTOM_RTO_CHARGE,0.0,217.0,217.0,MEDIUM,2026-09-14 22:11:31.631484
AWB122435,BATCH-D,Delhivery,M-018,Indore,Tier-2,COD_SHORT_REMITTANCE,4868.0,4523.0,345.0,MEDIUM,2026-09-14 22:10:12.726074
AWB122436,BATCH-A,Shiprocket,M-001,Indore,Tier-2,PHANTOM_RTO_CHARGE,0.0,206.0,206.0,MEDIUM,2026-09-14 22:11:31.631484
AWB122443,BATCH-A,Kwikship,M-011,Jaipur,Tier-3,ETA_SLA_BREACH,72.0,115.7,0.0,LOW,2026-09-14 22:11:32.038362
AWB122447,BATCH-C,DTDC,M-020,Indore,Tier-2,EXCESS_FORWARD_CHARGE,95.0,114.0,19.0,LOW,2026-09-14 22:11:32.127304
AWB122449,BATCH-C,Delhivery,M-006,Jaipur,Tier-3,COD_SHORT_REMITTANCE,4549.0,4210.0,339.0,MEDIUM,2026-09-14 22:10:12.726074
AWB122452,BATCH-C,Delhivery,M-012,Lucknow,Tier-3,PHANTOM_RTO_CHARGE,0.0,124.0,124.0,MEDIUM,2026-09-14 22:11:31.631484
AWB122458,BATCH-A,Bluedart,M-019,Lucknow,Tier-3,WEIGHT_DISPUTE,4.3,5.57,76.0,LOW,2026-09-14 22:11:31.453814
AWB122463,BATCH-A,DTDC,M-014,Mumbai,Tier-1,EXCESS_FORWARD_CHARGE,95.0,114.0,19.0,LOW,2026-09-14 22:11:32.127304
AWB122469,BATCH-C,Kwikship,M-012,Lucknow,Tier-3,ETA_SLA_BREACH,72.0,134.9,0.0,LOW,2026-09-14 22:11:32.038362
AWB122474,BATCH-A,DTDC,M-016,Indore,Tier-2,EXCESS_FORWARD_CHARGE,65.0,78.0,13.0,LOW,2026-09-14 22:11:32.127304
AWB122488,BATCH-B,DTDC,M-012,Jaipur,Tier-3,EXCESS_FORWARD_CHARGE,95.0,114.0,19.0,LOW,2026-09-14 22:11:32.127304
AWB122489,BATCH-B,DTDC,M-014,Pune,Tier-2,PHANTOM_RTO_CHARGE,0.0,164.0,164.0,MEDIUM,2026-09-14 22:11:31.631484
AWB122490,BATCH-D,DTDC,M-005,Indore,Tier-2,EXCESS_FORWARD_CHARGE,65.0,78.0,13.0,LOW,2026-09-14 22:11:32.127304
AWB122490,BATCH-D,DTDC,M-005,Indore,Tier-2,PHANTOM_RTO_CHARGE,0.0,216.0,216.0,MEDIUM,2026-09-14 22:11:31.631484
AWB122491,BATCH-A,Kwikship,M-011,Lucknow,Tier-3,ETA_SLA_BREACH,72.0,139.3,0.0,LOW,2026-09-14 22:11:32.038362
AWB122492,BATCH-B,DTDC,M-007,Mumbai,Tier-1,EXCESS_FORWARD_CHARGE,95.0,114.0,19.0,LOW,2026-09-14 22:11:32.127304
AWB122493,BATCH-B,DTDC,M-016,Lucknow,Tier-3,EXCESS_FORWARD_CHARGE,65.0,78.0,13.0,LOW,2026-09-14 22:11:32.127304
AWB122495,BATCH-D,Delhivery,M-003,Indore,Tier-2,COD_SHORT_REMITTANCE,3284.0,3028.0,256.0,MEDIUM,2026-09-14 22:10:12.726074
AWB122497,BATCH-D,Bluedart,M-001,Jaipur,Tier-3,WEIGHT_DISPUTE,3.26,3.97,43.0,LOW,2026-09-14 22:11:31.453814
AWB122502,BATCH-C,DTDC,M-005,Mumbai,Tier-1,EXCESS_FORWARD_CHARGE,95.0,114.0,19.0,LOW,2026-09-14 22:11:32.127304
AWB122504,BATCH-A,Kwikship,M-009,Lucknow,Tier-3,PHANTOM_RTO_CHARGE,0.0,146.0,146.0,MEDIUM,2026-09-14 22:11:31.631484
AWB122507,BATCH-D,Bluedart,M-012,Jaipur,Tier-3,DUPLICATE_SETTLEMENT,1.0,2.0,4760.0,HIGH,2026-09-14 22:11:31.913657
AWB122507,BATCH-D,Bluedart,M-012,Jaipur,Tier-3,WEIGHT_DISPUTE,3.2,4.15,57.0,LOW,2026-09-14 22:11:31.453814
AWB122507,BATCH-DUP,Bluedart,M-012,Jaipur,Tier-3,DUPLICATE_SETTLEMENT,1.0,2.0,4760.0,HIGH,2026-09-14 22:11:31.913657
AWB122507,BATCH-DUP,Bluedart,M-012,Jaipur,Tier-3,WEIGHT_DISPUTE,3.2,4.15,57.0,LOW,2026-09-14 22:11:31.453814
AWB122510,BATCH-B,Delhivery,M-017,Lucknow,Tier-3,PHANTOM_RTO_CHARGE,0.0,238.0,238.0,MEDIUM,2026-09-14 22:11:31.631484
AWB122516,BATCH-D,DTDC,M-016,Pune,Tier-2,PHANTOM_RTO_CHARGE,0.0,159.0,159.0,MEDIUM,2026-09-14 22:11:31.631484
AWB122519,BATCH-A,Shiprocket,M-014,Pune,Tier-2,OVERDUE_REMITTANCE,14.0,22.0,0.0,MEDIUM,2026-09-14 22:11:31.791087
AWB122519,BATCH-A,Shiprocket,M-014,Pune,Tier-2,PHANTOM_RTO_CHARGE,0.0,184.0,184.0,MEDIUM,2026-09-14 22:11:31.631484
AWB122525,BATCH-D,Bluedart,M-005,Lucknow,Tier-3,WEIGHT_DISPUTE,6.41,8.37,118.0,MEDIUM,2026-09-14 22:11:31.453814
AWB122528,BATCH-A,DTDC,M-015,Pune,Tier-2,DUPLICATE_SETTLEMENT,1.0,2.0,0.0,HIGH,2026-09-14 22:11:31.913657
AWB122528,BATCH-DUP,DTDC,M-015,Pune,Tier-2,DUPLICATE_SETTLEMENT,1.0,2.0,0.0,HIGH,2026-09-14 22:11:31.913657
AWB122529,BATCH-B,Shiprocket,M-014,Indore,Tier-2,PHANTOM_RTO_CHARGE,0.0,134.0,134.0,MEDIUM,2026-09-14 22:11:31.631484
AWB122533,BATCH-A,DTDC,M-017,Mumbai,Tier-1,EXCESS_FORWARD_CHARGE,95.0,114.0,19.0,LOW,2026-09-14 22:11:32.127304
AWB122540,BATCH-A,Bluedart,M-005,Lucknow,Tier-3,WEIGHT_DISPUTE,4.65,5.53,53.0,LOW,2026-09-14 22:11:31.453814
AWB122543,BATCH-D,Delhivery,M-015,Lucknow,Tier-3,PHANTOM_RTO_CHARGE,0.0,199.0,199.0,MEDIUM,2026-09-14 22:11:31.631484
AWB122545,BATCH-D,DTDC,M-010,Mumbai,Tier-1,EXCESS_FORWARD_CHARGE,95.0,114.0,19.0,LOW,2026-09-14 22:11:32.127304
AWB122549,BATCH-A,DTDC,M-004,Jaipur,Tier-3,EXCESS_FORWARD_CHARGE,95.0,114.0,19.0,LOW,2026-09-14 22:11:32.127304
AWB122550,BATCH-D,Bluedart,M-001,Jaipur,Tier-3,WEIGHT_DISPUTE,3.28,4.11,50.0,LOW,2026-09-14 22:11:31.453814
AWB122555,BATCH-B,Delhivery,M-014,Lucknow,Tier-3,COD_SHORT_REMITTANCE,4678.0,4471.0,207.0,MEDIUM,2026-09-14 22:10:12.726074
AWB122557,BATCH-C,DTDC,M-008,Pune,Tier-2,EXCESS_FORWARD_CHARGE,95.0,114.0,19.0,LOW,2026-09-14 22:11:32.127304
AWB122562,BATCH-D,Delhivery,M-010,Indore,Tier-2,COD_SHORT_REMITTANCE,3093.0,2871.0,222.0,MEDIUM,2026-09-14 22:10:12.726074
AWB122563,BATCH-A,DTDC,M-005,Lucknow,Tier-3,EXCESS_FORWARD_CHARGE,95.0,114.0,19.0,LOW,2026-09-14 22:11:32.127304
AWB122568,BATCH-B,Delhivery,M-020,Delhi,Tier-1,COD_SHORT_REMITTANCE,3045.0,2898.0,147.0,MEDIUM,2026-09-14 22:10:12.726074
AWB122573,BATCH-A,Shiprocket,M-014,Pune,Tier-2,PHANTOM_RTO_CHARGE,0.0,196.0,196.0,MEDIUM,2026-09-14 22:11:31.631484
AWB122574,BATCH-C,Bluedart,M-010,Jaipur,Tier-3,WEIGHT_DISPUTE,2.6,3.25,39.0,LOW,2026-09-14 22:11:31.453814
AWB122576,BATCH-B,Delhivery,M-012,Delhi,Tier-1,COD_SHORT_REMITTANCE,3758.0,3510.0,248.0,MEDIUM,2026-09-14 22:10:12.726074
AWB122578,BATCH-A,Kwikship,M-020,Delhi,Tier-1,PHANTOM_RTO_CHARGE,0.0,141.0,141.0,MEDIUM,2026-09-14 22:11:31.631484
AWB122579,BATCH-D,DTDC,M-013,Delhi,Tier-1,PHANTOM_RTO_CHARGE,0.0,161.0,161.0,MEDIUM,2026-09-14 22:11:31.631484
AWB122585,BATCH-D,Delhivery,M-004,Indore,Tier-2,COD_SHORT_REMITTANCE,5359.0,5169.0,190.0,MEDIUM,2026-09-14 22:10:12.726074
AWB122586,BATCH-B,Kwikship,M-016,Jaipur,Tier-3,ETA_SLA_BREACH,72.0,139.3,0.0,LOW,2026-09-14 22:11:32.038362
AWB122593,BATCH-C,Delhivery,M-007,Indore,Tier-2,COD_SHORT_REMITTANCE,3419.0,3234.0,185.0,MEDIUM,2026-09-14 22:10:12.726074
AWB122596,BATCH-A,Bluedart,M-007,Indore,Tier-2,PHANTOM_RTO_CHARGE,0.0,125.0,125.0,MEDIUM,2026-09-14 22:11:31.631484
AWB122604,BATCH-B,DTDC,M-017,Delhi,Tier-1,EXCESS_FORWARD_CHARGE,95.0,114.0,19.0,LOW,2026-09-14 22:11:32.127304
AWB122641,BATCH-A,Delhivery,M-002,Indore,Tier-2,COD_SHORT_REMITTANCE,4667.0,4519.0,148.0,MEDIUM,2026-09-14 22:10:12.726074
AWB122648,BATCH-D,DTDC,M-013,Pune,Tier-2,EXCESS_FORWARD_CHARGE,95.0,114.0,19.0,LOW,2026-09-14 22:11:32.127304
AWB122650,BATCH-A,Shiprocket,M-004,Mumbai,Tier-1,PHANTOM_RTO_CHARGE,0.0,206.0,206.0,MEDIUM,2026-09-14 22:11:31.631484
AWB122655,BATCH-D,Shiprocket,M-004,Mumbai,Tier-1,PHANTOM_RTO_CHARGE,0.0,236.0,236.0,MEDIUM,2026-09-14 22:11:31.631484
AWB122667,BATCH-A,Delhivery,M-012,Pune,Tier-2,COD_SHORT_REMITTANCE,5851.0,5594.0,257.0,MEDIUM,2026-09-14 22:10:12.726074
AWB122668,BATCH-A,DTDC,M-002,Pune,Tier-2,EXCESS_FORWARD_CHARGE,42.0,50.0,8.0,LOW,2026-09-14 22:11:32.127304
AWB122675,BATCH-D,Kwikship,M-002,Jaipur,Tier-3,ETA_SLA_BREACH,72.0,101.0,0.0,LOW,2026-09-14 22:11:32.038362
AWB122687,BATCH-D,Bluedart,M-003,Lucknow,Tier-3,WEIGHT_DISPUTE,3.02,3.59,34.0,LOW,2026-09-14 22:11:31.453814
AWB122696,BATCH-A,Bluedart,M-016,Lucknow,Tier-3,WEIGHT_DISPUTE,4.11,5.38,76.0,LOW,2026-09-14 22:11:31.453814
AWB122705,BATCH-B,Bluedart,M-008,Mumbai,Tier-1,PHANTOM_RTO_CHARGE,0.0,234.0,234.0,MEDIUM,2026-09-14 22:11:31.631484
AWB122706,BATCH-C,Delhivery,M-011,Indore,Tier-2,COD_SHORT_REMITTANCE,5805.0,5535.0,270.0,MEDIUM,2026-09-14 22:10:12.726074
AWB122710,BATCH-B,Kwikship,M-002,Jaipur,Tier-3,PHANTOM_RTO_CHARGE,0.0,124.0,124.0,MEDIUM,2026-09-14 22:11:31.631484
AWB122714,BATCH-B,Delhivery,M-007,Pune,Tier-2,COD_SHORT_REMITTANCE,4214.0,4057.0,157.0,MEDIUM,2026-09-14 22:10:12.726074
AWB122719,BATCH-D,DTDC,M-007,Jaipur,Tier-3,EXCESS_FORWARD_CHARGE,95.0,114.0,19.0,LOW,2026-09-14 22:11:32.127304
AWB122725,BATCH-D,DTDC,M-015,Indore,Tier-2,EXCESS_FORWARD_CHARGE,95.0,114.0,19.0,LOW,2026-09-14 22:11:32.127304
AWB122727,BATCH-C,DTDC,M-020,Lucknow,Tier-3,EXCESS_FORWARD_CHARGE,65.0,78.0,13.0,LOW,2026-09-14 22:11:32.127304
AWB122733,BATCH-B,DTDC,M-005,Delhi,Tier-1,EXCESS_FORWARD_CHARGE,42.0,50.0,8.0,LOW,2026-09-14 22:11:32.127304
AWB122737,BATCH-C,DTDC,M-003,Pune,Tier-2,EXCESS_FORWARD_CHARGE,95.0,114.0,19.0,LOW,2026-09-14 22:11:32.127304
AWB122739,BATCH-B,Bluedart,M-008,Lucknow,Tier-3,WEIGHT_DISPUTE,2.84,3.54,42.0,LOW,2026-09-14 22:11:31.453814
AWB122740,BATCH-A,Delhivery,M-008,Pune,Tier-2,COD_SHORT_REMITTANCE,4741.0,4492.0,249.0,MEDIUM,2026-09-14 22:10:12.726074
AWB122742,BATCH-B,Shiprocket,M-014,Mumbai,Tier-1,PHANTOM_RTO_CHARGE,0.0,189.0,189.0,MEDIUM,2026-09-14 22:11:31.631484
AWB122745,BATCH-A,Bluedart,M-012,Jaipur,Tier-3,WEIGHT_DISPUTE,1.25,1.65,24.0,LOW,2026-09-14 22:11:31.453814
AWB122749,BATCH-C,DTDC,M-018,Mumbai,Tier-1,EXCESS_FORWARD_CHARGE,95.0,114.0,19.0,LOW,2026-09-14 22:11:32.127304
AWB122752,BATCH-B,Bluedart,M-014,Lucknow,Tier-3,WEIGHT_DISPUTE,4.61,5.65,63.0,LOW,2026-09-14 22:11:31.453814
AWB122758,BATCH-D,Shiprocket,M-009,Mumbai,Tier-1,OVERDUE_REMITTANCE,14.0,22.0,0.0,MEDIUM,2026-09-14 22:11:31.791087
AWB122761,BATCH-D,Bluedart,M-001,Jaipur,Tier-3,WEIGHT_DISPUTE,7.31,9.63,139.0,MEDIUM,2026-09-14 22:11:31.453814
AWB122763,BATCH-A,DTDC,M-007,Pune,Tier-2,PHANTOM_RTO_CHARGE,0.0,240.0,240.0,MEDIUM,2026-09-14 22:11:31.631484
AWB122768,BATCH-A,Shiprocket,M-012,Jaipur,Tier-3,DUPLICATE_SETTLEMENT,1.0,2.0,525.0,HIGH,2026-09-14 22:11:31.913657
AWB122768,BATCH-DUP,Shiprocket,M-012,Jaipur,Tier-3,DUPLICATE_SETTLEMENT,1.0,2.0,525.0,HIGH,2026-09-14 22:11:31.913657
AWB122769,BATCH-C,DTDC,M-020,Delhi,Tier-1,EXCESS_FORWARD_CHARGE,95.0,114.0,19.0,LOW,2026-09-14 22:11:32.127304
AWB122776,BATCH-B,DTDC,M-007,Pune,Tier-2,EXCESS_FORWARD_CHARGE,95.0,114.0,19.0,LOW,2026-09-14 22:11:32.127304
AWB122780,BATCH-B,Shiprocket,M-013,Jaipur,Tier-3,OVERDUE_REMITTANCE,14.0,24.0,0.0,MEDIUM,2026-09-14 22:11:31.791087
AWB122787,BATCH-A,DTDC,M-019,Delhi,Tier-1,EXCESS_FORWARD_CHARGE,95.0,114.0,19.0,LOW,2026-09-14 22:11:32.127304
AWB122788,BATCH-B,Kwikship,M-017,Indore,Tier-2,PHANTOM_RTO_CHARGE,0.0,214.0,214.0,MEDIUM,2026-09-14 22:11:31.631484
AWB122789,BATCH-B,DTDC,M-012,Indore,Tier-2,EXCESS_FORWARD_CHARGE,65.0,78.0,13.0,LOW,2026-09-14 22:11:32.127304
AWB122801,BATCH-A,DTDC,M-018,Indore,Tier-2,EXCESS_FORWARD_CHARGE,95.0,114.0,19.0,LOW,2026-09-14 22:11:32.127304
AWB122809,BATCH-A,Kwikship,M-006,Indore,Tier-2,PHANTOM_RTO_CHARGE,0.0,166.0,166.0,MEDIUM,2026-09-14 22:11:31.631484
AWB122810,BATCH-D,DTDC,M-013,Pune,Tier-2,EXCESS_FORWARD_CHARGE,95.0,114.0,19.0,LOW,2026-09-14 22:11:32.127304
AWB122820,BATCH-B,DTDC,M-013,Pune,Tier-2,EXCESS_FORWARD_CHARGE,95.0,114.0,19.0,LOW,2026-09-14 22:11:32.127304
AWB122827,BATCH-A,DTDC,M-002,Mumbai,Tier-1,DUPLICATE_SETTLEMENT,1.0,2.0,0.0,HIGH,2026-09-14 22:11:31.913657
AWB122827,BATCH-A,DTDC,M-002,Mumbai,Tier-1,EXCESS_FORWARD_CHARGE,95.0,114.0,19.0,LOW,2026-09-14 22:11:32.127304
AWB122827,BATCH-DUP,DTDC,M-002,Mumbai,Tier-1,DUPLICATE_SETTLEMENT,1.0,2.0,0.0,HIGH,2026-09-14 22:11:31.913657
AWB122827,BATCH-DUP,DTDC,M-002,Mumbai,Tier-1,EXCESS_FORWARD_CHARGE,95.0,114.0,19.0,LOW,2026-09-14 22:11:32.127304
AWB122828,BATCH-C,Kwikship,M-018,Jaipur,Tier-3,ETA_SLA_BREACH,72.0,116.6,0.0,LOW,2026-09-14 22:11:32.038362
AWB122835,BATCH-B,DTDC,M-014,Mumbai,Tier-1,EXCESS_FORWARD_CHARGE,65.0,78.0,13.0,LOW,2026-09-14 22:11:32.127304
AWB122841,BATCH-A,DTDC,M-012,Jaipur,Tier-3,EXCESS_FORWARD_CHARGE,95.0,114.0,19.0,LOW,2026-09-14 22:11:32.127304
AWB122846,BATCH-A,DTDC,M-016,Delhi,Tier-1,EXCESS_FORWARD_CHARGE,42.0,50.0,8.0,LOW,2026-09-14 22:11:32.127304
AWB122847,BATCH-C,Delhivery,M-004,Pune,Tier-2,PHANTOM_RTO_CHARGE,0.0,221.0,221.0,MEDIUM,2026-09-14 22:11:31.631484
AWB122851,BATCH-C,Bluedart,M-019,Lucknow,Tier-3,WEIGHT_DISPUTE,3.5,4.47,58.0,LOW,2026-09-14 22:11:31.453814
AWB122852,BATCH-B,Bluedart,M-006,Jaipur,Tier-3,WEIGHT_DISPUTE,6.42,8.46,123.0,MEDIUM,2026-09-14 22:11:31.453814
AWB122854,BATCH-D,Shiprocket,M-005,Indore,Tier-2,OVERDUE_REMITTANCE,14.0,27.0,5623.0,MEDIUM,2026-09-14 22:11:31.791087
AWB122855,BATCH-B,Delhivery,M-008,Mumbai,Tier-1,DUPLICATE_SETTLEMENT,1.0,2.0,0.0,HIGH,2026-09-14 22:11:31.913657
AWB122855,BATCH-DUP,Delhivery,M-008,Mumbai,Tier-1,DUPLICATE_SETTLEMENT,1.0,2.0,0.0,HIGH,2026-09-14 22:11:31.913657
AWB122858,BATCH-A,Shiprocket,M-020,Mumbai,Tier-1,PHANTOM_RTO_CHARGE,0.0,238.0,238.0,MEDIUM,2026-09-14 22:11:31.631484
AWB122863,BATCH-C,Bluedart,M-005,Lucknow,Tier-3,WEIGHT_DISPUTE,6.2,8.06,111.0,MEDIUM,2026-09-14 22:11:31.453814
AWB122864,BATCH-B,DTDC,M-009,Jaipur,Tier-3,EXCESS_FORWARD_CHARGE,95.0,114.0,19.0,LOW,2026-09-14 22:11:32.127304
AWB122866,BATCH-C,DTDC,M-020,Pune,Tier-2,DUPLICATE_SETTLEMENT,1.0,2.0,0.0,HIGH,2026-09-14 22:11:31.913657
AWB122866,BATCH-DUP,DTDC,M-020,Pune,Tier-2,DUPLICATE_SETTLEMENT,1.0,2.0,0.0,HIGH,2026-09-14 22:11:31.913657
AWB122870,BATCH-B,Bluedart,M-014,Indore,Tier-2,PHANTOM_RTO_CHARGE,0.0,164.0,164.0,MEDIUM,2026-09-14 22:11:31.631484
AWB122873,BATCH-C,DTDC,M-010,Pune,Tier-2,EXCESS_FORWARD_CHARGE,95.0,114.0,19.0,LOW,2026-09-14 22:11:32.127304
AWB122881,BATCH-B,Shiprocket,M-013,Delhi,Tier-1,PHANTOM_RTO_CHARGE,0.0,227.0,227.0,MEDIUM,2026-09-14 22:11:31.631484
AWB122882,BATCH-B,Shiprocket,M-009,Pune,Tier-2,OVERDUE_REMITTANCE,14.0,22.0,4889.0,MEDIUM,2026-09-14 22:11:31.791087
AWB122886,BATCH-C,Kwikship,M-006,Jaipur,Tier-3,ETA_SLA_BREACH,72.0,132.1,0.0,LOW,2026-09-14 22:11:32.038362
AWB122892,BATCH-C,Delhivery,M-018,Pune,Tier-2,PHANTOM_RTO_CHARGE,0.0,222.0,222.0,MEDIUM,2026-09-14 22:11:31.631484
AWB122894,BATCH-B,DTDC,M-005,Jaipur,Tier-3,EXCESS_FORWARD_CHARGE,65.0,78.0,13.0,LOW,2026-09-14 22:11:32.127304
AWB122894,BATCH-B,DTDC,M-005,Jaipur,Tier-3,PHANTOM_RTO_CHARGE,0.0,101.0,101.0,MEDIUM,2026-09-14 22:11:31.631484
AWB122896,BATCH-B,Delhivery,M-009,Mumbai,Tier-1,COD_SHORT_REMITTANCE,5779.0,5601.0,178.0,MEDIUM,2026-09-14 22:10:12.726074
AWB122902,BATCH-D,DTDC,M-002,Pune,Tier-2,EXCESS_FORWARD_CHARGE,65.0,78.0,13.0,LOW,2026-09-14 22:11:32.127304
AWB122907,BATCH-A,Bluedart,M-009,Lucknow,Tier-3,WEIGHT_DISPUTE,0.75,0.95,12.0,LOW,2026-09-14 22:11:31.453814
AWB122908,BATCH-C,Kwikship,M-017,Jaipur,Tier-3,ETA_SLA_BREACH,72.0,116.4,0.0,LOW,2026-09-14 22:11:32.038362
AWB122913,BATCH-B,DTDC,M-003,Pune,Tier-2,EXCESS_FORWARD_CHARGE,95.0,114.0,19.0,LOW,2026-09-14 22:11:32.127304
AWB122915,BATCH-D,DTDC,M-018,Lucknow,Tier-3,EXCESS_FORWARD_CHARGE,65.0,78.0,13.0,LOW,2026-09-14 22:11:32.127304
AWB122919,BATCH-A,Shiprocket,M-016,Pune,Tier-2,OVERDUE_REMITTANCE,14.0,24.0,745.0,MEDIUM,2026-09-14 22:11:31.791087
AWB122920,BATCH-A,Bluedart,M-007,Jaipur,Tier-3,WEIGHT_DISPUTE,5.06,6.6,92.0,LOW,2026-09-14 22:11:31.453814
AWB122925,BATCH-A,Bluedart,M-015,Lucknow,Tier-3,PHANTOM_RTO_CHARGE,0.0,150.0,150.0,MEDIUM,2026-09-14 22:11:31.631484
AWB122936,BATCH-B,DTDC,M-005,Indore,Tier-2,EXCESS_FORWARD_CHARGE,95.0,114.0,19.0,LOW,2026-09-14 22:11:32.127304
AWB122937,BATCH-B,Delhivery,M-001,Lucknow,Tier-3,COD_SHORT_REMITTANCE,3196.0,3078.0,118.0,MEDIUM,2026-09-14 22:10:12.726074
AWB122937,BATCH-B,Delhivery,M-001,Lucknow,Tier-3,PHANTOM_RTO_CHARGE,0.0,120.0,120.0,MEDIUM,2026-09-14 22:11:31.631484
AWB122944,BATCH-D,DTDC,M-001,Pune,Tier-2,EXCESS_FORWARD_CHARGE,95.0,114.0,19.0,LOW,2026-09-14 22:11:32.127304
AWB122948,BATCH-A,Bluedart,M-014,Jaipur,Tier-3,PHANTOM_RTO_CHARGE,0.0,109.0,109.0,MEDIUM,2026-09-14 22:11:31.631484
AWB122948,BATCH-A,Bluedart,M-014,Jaipur,Tier-3,WEIGHT_DISPUTE,2.88,3.69,49.0,LOW,2026-09-14 22:11:31.453814
AWB122952,BATCH-C,Delhivery,M-001,Jaipur,Tier-3,COD_SHORT_REMITTANCE,3728.0,3449.0,279.0,MEDIUM,2026-09-14 22:10:12.726074
AWB122963,BATCH-D,Shiprocket,M-002,Lucknow,Tier-3,OVERDUE_REMITTANCE,14.0,26.0,0.0,MEDIUM,2026-09-14 22:11:31.791087
AWB122976,BATCH-B,DTDC,M-001,Lucknow,Tier-3,EXCESS_FORWARD_CHARGE,95.0,114.0,19.0,LOW,2026-09-14 22:11:32.127304
AWB122980,BATCH-B,Kwikship,M-009,Lucknow,Tier-3,ETA_SLA_BREACH,72.0,128.0,0.0,LOW,2026-09-14 22:11:32.038362
AWB122981,BATCH-D,Kwikship,M-005,Mumbai,Tier-1,PHANTOM_RTO_CHARGE,0.0,210.0,210.0,MEDIUM,2026-09-14 22:11:31.631484
AWB122982,BATCH-C,DTDC,M-015,Pune,Tier-2,EXCESS_FORWARD_CHARGE,95.0,114.0,19.0,LOW,2026-09-14 22:11:32.127304
AWB122996,BATCH-A,Kwikship,M-015,Pune,Tier-2,PHANTOM_RTO_CHARGE,0.0,229.0,229.0,MEDIUM,2026-09-14 22:11:31.631484
AWB122998,BATCH-B,Delhivery,M-006,Indore,Tier-2,PHANTOM_RTO_CHARGE,0.0,122.0,122.0,MEDIUM,2026-09-14 22:11:31.631484
AWB123004,BATCH-B,Delhivery,M-013,Mumbai,Tier-1,PHANTOM_RTO_CHARGE,0.0,113.0,113.0,MEDIUM,2026-09-14 22:11:31.631484
AWB123006,BATCH-A,DTDC,M-010,Delhi,Tier-1,EXCESS_FORWARD_CHARGE,95.0,114.0,19.0,LOW,2026-09-14 22:11:32.127304
AWB123006,BATCH-A,DTDC,M-010,Delhi,Tier-1,PHANTOM_RTO_CHARGE,0.0,115.0,115.0,MEDIUM,2026-09-14 22:11:31.631484
AWB123014,BATCH-B,Delhivery,M-009,Mumbai,Tier-1,COD_SHORT_REMITTANCE,5383.0,5069.0,314.0,MEDIUM,2026-09-14 22:10:12.726074
AWB123024,BATCH-B,DTDC,M-016,Jaipur,Tier-3,EXCESS_FORWARD_CHARGE,65.0,78.0,13.0,LOW,2026-09-14 22:11:32.127304
AWB123026,BATCH-B,DTDC,M-008,Indore,Tier-2,EXCESS_FORWARD_CHARGE,95.0,114.0,19.0,LOW,2026-09-14 22:11:32.127304
AWB123029,BATCH-A,DTDC,M-018,Jaipur,Tier-3,EXCESS_FORWARD_CHARGE,65.0,78.0,13.0,LOW,2026-09-14 22:11:32.127304
AWB123031,BATCH-C,DTDC,M-007,Indore,Tier-2,EXCESS_FORWARD_CHARGE,95.0,114.0,19.0,LOW,2026-09-14 22:11:32.127304
AWB123035,BATCH-B,Kwikship,M-020,Lucknow,Tier-3,ETA_SLA_BREACH,72.0,102.3,0.0,LOW,2026-09-14 22:11:32.038362
AWB123037,BATCH-D,Bluedart,M-014,Jaipur,Tier-3,WEIGHT_DISPUTE,5.62,7.15,92.0,LOW,2026-09-14 22:11:31.453814
AWB123038,BATCH-A,Kwikship,M-010,Indore,Tier-2,PHANTOM_RTO_CHARGE,0.0,200.0,200.0,MEDIUM,2026-09-14 22:11:31.631484
AWB123045,BATCH-B,Shiprocket,M-001,Pune,Tier-2,PHANTOM_RTO_CHARGE,0.0,232.0,232.0,MEDIUM,2026-09-14 22:11:31.631484
AWB123046,BATCH-A,Delhivery,M-003,Pune,Tier-2,COD_SHORT_REMITTANCE,3147.0,2935.0,212.0,MEDIUM,2026-09-14 22:10:12.726074
AWB123052,BATCH-A,Delhivery,M-017,Lucknow,Tier-3,COD_SHORT_REMITTANCE,4115.0,3975.0,140.0,MEDIUM,2026-09-14 22:10:12.726074
AWB123055,BATCH-D,Bluedart,M-011,Lucknow,Tier-3,WEIGHT_DISPUTE,2.36,3.07,43.0,LOW,2026-09-14 22:11:31.453814
AWB123058,BATCH-C,DTDC,M-006,Jaipur,Tier-3,EXCESS_FORWARD_CHARGE,65.0,78.0,13.0,LOW,2026-09-14 22:11:32.127304
AWB123060,BATCH-A,Kwikship,M-004,Mumbai,Tier-1,PHANTOM_RTO_CHARGE,0.0,167.0,167.0,MEDIUM,2026-09-14 22:11:31.631484
AWB123064,BATCH-B,Kwikship,M-011,Mumbai,Tier-1,PHANTOM_RTO_CHARGE,0.0,102.0,102.0,MEDIUM,2026-09-14 22:11:31.631484
AWB123065,BATCH-C,DTDC,M-013,Indore,Tier-2,EXCESS_FORWARD_CHARGE,65.0,78.0,13.0,LOW,2026-09-14 22:11:32.127304
AWB123065,BATCH-C,DTDC,M-013,Indore,Tier-2,PHANTOM_RTO_CHARGE,0.0,197.0,197.0,MEDIUM,2026-09-14 22:11:31.631484
AWB123066,BATCH-C,DTDC,M-001,Pune,Tier-2,EXCESS_FORWARD_CHARGE,95.0,114.0,19.0,LOW,2026-09-14 22:11:32.127304
AWB123070,BATCH-C,Bluedart,M-018,Lucknow,Tier-3,WEIGHT_DISPUTE,5.7,7.27,94.0,LOW,2026-09-14 22:11:31.453814
AWB123072,BATCH-B,Delhivery,M-010,Pune,Tier-2,COD_SHORT_REMITTANCE,3548.0,3428.0,120.0,MEDIUM,2026-09-14 22:10:12.726074
AWB123076,BATCH-D,Bluedart,M-018,Lucknow,Tier-3,WEIGHT_DISPUTE,2.06,2.53,28.0,LOW,2026-09-14 22:11:31.453814
AWB123093,BATCH-D,Bluedart,M-011,Lucknow,Tier-3,WEIGHT_DISPUTE,5.49,6.56,64.0,LOW,2026-09-14 22:11:31.453814
AWB123095,BATCH-C,DTDC,M-011,Indore,Tier-2,EXCESS_FORWARD_CHARGE,65.0,78.0,13.0,LOW,2026-09-14 22:11:32.127304
AWB123098,BATCH-C,DTDC,M-013,Mumbai,Tier-1,EXCESS_FORWARD_CHARGE,95.0,114.0,19.0,LOW,2026-09-14 22:11:32.127304
AWB123099,BATCH-D,Delhivery,M-014,Lucknow,Tier-3,DUPLICATE_SETTLEMENT,1.0,2.0,0.0,HIGH,2026-09-14 22:11:31.913657
AWB123099,BATCH-DUP,Delhivery,M-014,Lucknow,Tier-3,DUPLICATE_SETTLEMENT,1.0,2.0,0.0,HIGH,2026-09-14 22:11:31.913657
AWB123100,BATCH-B,DTDC,M-005,Pune,Tier-2,EXCESS_FORWARD_CHARGE,95.0,114.0,19.0,LOW,2026-09-14 22:11:32.127304
AWB123103,BATCH-A,DTDC,M-015,Mumbai,Tier-1,EXCESS_FORWARD_CHARGE,95.0,114.0,19.0,LOW,2026-09-14 22:11:32.127304
AWB123108,BATCH-D,Delhivery,M-013,Pune,Tier-2,COD_SHORT_REMITTANCE,5161.0,4801.0,360.0,MEDIUM,2026-09-14 22:10:12.726074
AWB123113,BATCH-C,Kwikship,M-005,Lucknow,Tier-3,ETA_SLA_BREACH,72.0,143.1,0.0,LOW,2026-09-14 22:11:32.038362
AWB123114,BATCH-C,Shiprocket,M-003,Jaipur,Tier-3,PHANTOM_RTO_CHARGE,0.0,142.0,142.0,MEDIUM,2026-09-14 22:11:31.631484
AWB123117,BATCH-C,Delhivery,M-015,Indore,Tier-2,COD_SHORT_REMITTANCE,4096.0,3877.0,219.0,MEDIUM,2026-09-14 22:10:12.726074
AWB123120,BATCH-A,DTDC,M-014,Indore,Tier-2,EXCESS_FORWARD_CHARGE,95.0,114.0,19.0,LOW,2026-09-14 22:11:32.127304
AWB123120,BATCH-A,DTDC,M-014,Indore,Tier-2,PHANTOM_RTO_CHARGE,0.0,119.0,119.0,MEDIUM,2026-09-14 22:11:31.631484
AWB123121,BATCH-B,DTDC,M-010,Lucknow,Tier-3,EXCESS_FORWARD_CHARGE,95.0,114.0,19.0,LOW,2026-09-14 22:11:32.127304
AWB123123,BATCH-D,DTDC,M-015,Mumbai,Tier-1,EXCESS_FORWARD_CHARGE,95.0,114.0,19.0,LOW,2026-09-14 22:11:32.127304
AWB123123,BATCH-D,DTDC,M-015,Mumbai,Tier-1,PHANTOM_RTO_CHARGE,0.0,152.0,152.0,MEDIUM,2026-09-14 22:11:31.631484
AWB123124,BATCH-B,Bluedart,M-003,Lucknow,Tier-3,WEIGHT_DISPUTE,6.73,8.76,122.0,MEDIUM,2026-09-14 22:11:31.453814
AWB123126,BATCH-C,DTDC,M-010,Delhi,Tier-1,EXCESS_FORWARD_CHARGE,42.0,50.0,8.0,LOW,2026-09-14 22:11:32.127304
AWB123127,BATCH-C,Kwikship,M-005,Lucknow,Tier-3,ETA_SLA_BREACH,72.0,129.4,0.0,LOW,2026-09-14 22:11:32.038362
AWB123129,BATCH-D,DTDC,M-007,Pune,Tier-2,EXCESS_FORWARD_CHARGE,65.0,78.0,13.0,LOW,2026-09-14 22:11:32.127304
AWB123132,BATCH-D,Bluedart,M-005,Lucknow,Tier-3,WEIGHT_DISPUTE,3.29,4.03,44.0,LOW,2026-09-14 22:11:31.453814
AWB123134,BATCH-A,Bluedart,M-009,Lucknow,Tier-3,DUPLICATE_SETTLEMENT,1.0,2.0,0.0,HIGH,2026-09-14 22:11:31.913657
AWB123134,BATCH-A,Bluedart,M-009,Lucknow,Tier-3,WEIGHT_DISPUTE,8.11,10.27,130.0,MEDIUM,2026-09-14 22:11:31.453814
AWB123134,BATCH-DUP,Bluedart,M-009,Lucknow,Tier-3,DUPLICATE_SETTLEMENT,1.0,2.0,0.0,HIGH,2026-09-14 22:11:31.913657
AWB123134,BATCH-DUP,Bluedart,M-009,Lucknow,Tier-3,WEIGHT_DISPUTE,8.11,10.27,130.0,MEDIUM,2026-09-14 22:11:31.453814
AWB123136,BATCH-B,Delhivery,M-019,Mumbai,Tier-1,COD_SHORT_REMITTANCE,4236.0,3949.0,287.0,MEDIUM,2026-09-14 22:10:12.726074
AWB123137,BATCH-D,DTDC,M-016,Jaipur,Tier-3,PHANTOM_RTO_CHARGE,0.0,159.0,159.0,MEDIUM,2026-09-14 22:11:31.631484
AWB123140,BATCH-B,Delhivery,M-014,Delhi,Tier-1,COD_SHORT_REMITTANCE,3911.0,3754.0,157.0,MEDIUM,2026-09-14 22:10:12.726074
AWB123141,BATCH-B,Delhivery,M-013,Delhi,Tier-1,COD_SHORT_REMITTANCE,4046.0,3866.0,180.0,MEDIUM,2026-09-14 22:10:12.726074
AWB123142,BATCH-A,Bluedart,M-014,Lucknow,Tier-3,WEIGHT_DISPUTE,4.64,5.66,61.0,LOW,2026-09-14 22:11:31.453814
AWB123148,BATCH-B,Delhivery,M-005,Delhi,Tier-1,COD_SHORT_REMITTANCE,3244.0,2992.0,252.0,MEDIUM,2026-09-14 22:10:12.726074
AWB123152,BATCH-C,Kwikship,M-004,Lucknow,Tier-3,ETA_SLA_BREACH,72.0,136.1,0.0,LOW,2026-09-14 22:11:32.038362
AWB123153,BATCH-A,Bluedart,M-010,Lucknow,Tier-3,WEIGHT_DISPUTE,6.89,8.72,110.0,MEDIUM,2026-09-14 22:11:31.453814
AWB123160,BATCH-C,DTDC,M-009,Lucknow,Tier-3,EXCESS_FORWARD_CHARGE,95.0,114.0,19.0,LOW,2026-09-14 22:11:32.127304
AWB123164,BATCH-A,Bluedart,M-015,Lucknow,Tier-3,WEIGHT_DISPUTE,8.18,10.48,138.0,MEDIUM,2026-09-14 22:11:31.453814
AWB123179,BATCH-B,Delhivery,M-018,Indore,Tier-2,COD_SHORT_REMITTANCE,5907.0,5442.0,465.0,MEDIUM,2026-09-14 22:10:12.726074
AWB123182,BATCH-C,DTDC,M-010,Mumbai,Tier-1,EXCESS_FORWARD_CHARGE,95.0,114.0,19.0,LOW,2026-09-14 22:11:32.127304
AWB123189,BATCH-C,Bluedart,M-018,Jaipur,Tier-3,PHANTOM_RTO_CHARGE,0.0,136.0,136.0,MEDIUM,2026-09-14 22:11:31.631484
AWB123194,BATCH-C,Delhivery,M-020,Pune,Tier-2,DUPLICATE_SETTLEMENT,1.0,2.0,0.0,HIGH,2026-09-14 22:11:31.913657
AWB123194,BATCH-C,Delhivery,M-020,Pune,Tier-2,PHANTOM_RTO_CHARGE,0.0,136.0,136.0,MEDIUM,2026-09-14 22:11:31.631484
AWB123194,BATCH-DUP,Delhivery,M-020,Pune,Tier-2,DUPLICATE_SETTLEMENT,1.0,2.0,0.0,HIGH,2026-09-14 22:11:31.913657
AWB123194,BATCH-DUP,Delhivery,M-020,Pune,Tier-2,PHANTOM_RTO_CHARGE,0.0,136.0,136.0,MEDIUM,2026-09-14 22:11:31.631484
AWB123195,BATCH-B,Bluedart,M-011,Jaipur,Tier-3,WEIGHT_DISPUTE,1.39,1.73,21.0,LOW,2026-09-14 22:11:31.453814
AWB123199,BATCH-A,Bluedart,M-010,Mumbai,Tier-1,PHANTOM_RTO_CHARGE,0.0,206.0,206.0,MEDIUM,2026-09-14 22:11:31.631484
AWB123206,BATCH-B,Bluedart,M-013,Jaipur,Tier-3,WEIGHT_DISPUTE,5.37,6.68,78.0,LOW,2026-09-14 22:11:31.453814
AWB123213,BATCH-A,Kwikship,M-014,Jaipur,Tier-3,ETA_SLA_BREACH,72.0,125.9,0.0,LOW,2026-09-14 22:11:32.038362
AWB123214,BATCH-D,Delhivery,M-005,Indore,Tier-2,COD_SHORT_REMITTANCE,4340.0,4077.0,263.0,MEDIUM,2026-09-14 22:10:12.726074
AWB123217,BATCH-D,DTDC,M-014,Delhi,Tier-1,EXCESS_FORWARD_CHARGE,42.0,50.0,8.0,LOW,2026-09-14 22:11:32.127304
AWB123225,BATCH-B,Delhivery,M-010,Pune,Tier-2,COD_SHORT_REMITTANCE,3450.0,3191.0,259.0,MEDIUM,2026-09-14 22:10:12.726074
AWB123235,BATCH-D,Bluedart,M-019,Pune,Tier-2,PHANTOM_RTO_CHARGE,0.0,155.0,155.0,MEDIUM,2026-09-14 22:11:31.631484
AWB123240,BATCH-B,Kwikship,M-002,Jaipur,Tier-3,PHANTOM_RTO_CHARGE,0.0,208.0,208.0,MEDIUM,2026-09-14 22:11:31.631484
AWB123241,BATCH-D,Kwikship,M-019,Lucknow,Tier-3,ETA_SLA_BREACH,72.0,142.6,0.0,LOW,2026-09-14 22:11:32.038362
AWB123247,BATCH-A,DTDC,M-004,Delhi,Tier-1,PHANTOM_RTO_CHARGE,0.0,150.0,150.0,MEDIUM,2026-09-14 22:11:31.631484
AWB123252,BATCH-A,Bluedart,M-007,Delhi,Tier-1,PHANTOM_RTO_CHARGE,0.0,206.0,206.0,MEDIUM,2026-09-14 22:11:31.631484
AWB123253,BATCH-C,DTDC,M-002,Mumbai,Tier-1,EXCESS_FORWARD_CHARGE,42.0,50.0,8.0,LOW,2026-09-14 22:11:32.127304
AWB123258,BATCH-D,Delhivery,M-018,Lucknow,Tier-3,COD_SHORT_REMITTANCE,4542.0,4376.0,166.0,MEDIUM,2026-09-14 22:10:12.726074
AWB123267,BATCH-A,DTDC,M-004,Mumbai,Tier-1,DUPLICATE_SETTLEMENT,1.0,2.0,4412.0,HIGH,2026-09-14 22:11:31.913657
AWB123267,BATCH-DUP,DTDC,M-004,Mumbai,Tier-1,DUPLICATE_SETTLEMENT,1.0,2.0,4412.0,HIGH,2026-09-14 22:11:31.913657
AWB123270,BATCH-A,DTDC,M-007,Pune,Tier-2,EXCESS_FORWARD_CHARGE,95.0,114.0,19.0,LOW,2026-09-14 22:11:32.127304
AWB123274,BATCH-A,Delhivery,M-003,Mumbai,Tier-1,PHANTOM_RTO_CHARGE,0.0,179.0,179.0,MEDIUM,2026-09-14 22:11:31.631484
AWB123277,BATCH-A,DTDC,M-012,Delhi,Tier-1,EXCESS_FORWARD_CHARGE,95.0,114.0,19.0,LOW,2026-09-14 22:11:32.127304
AWB123279,BATCH-C,DTDC,M-019,Jaipur,Tier-3,EXCESS_FORWARD_CHARGE,65.0,78.0,13.0,LOW,2026-09-14 22:11:32.127304
AWB123280,BATCH-A,DTDC,M-008,Indore,Tier-2,EXCESS_FORWARD_CHARGE,65.0,78.0,13.0,LOW,2026-09-14 22:11:32.127304
AWB123286,BATCH-D,DTDC,M-012,Delhi,Tier-1,EXCESS_FORWARD_CHARGE,65.0,78.0,13.0,LOW,2026-09-14 22:11:32.127304
AWB123287,BATCH-A,DTDC,M-002,Lucknow,Tier-3,EXCESS_FORWARD_CHARGE,65.0,78.0,13.0,LOW,2026-09-14 22:11:32.127304
AWB123295,BATCH-A,DTDC,M-008,Jaipur,Tier-3,EXCESS_FORWARD_CHARGE,95.0,114.0,19.0,LOW,2026-09-14 22:11:32.127304
AWB123305,BATCH-C,DTDC,M-010,Jaipur,Tier-3,EXCESS_FORWARD_CHARGE,95.0,114.0,19.0,LOW,2026-09-14 22:11:32.127304
AWB123317,BATCH-A,Shiprocket,M-014,Lucknow,Tier-3,OVERDUE_REMITTANCE,14.0,20.0,0.0,MEDIUM,2026-09-14 22:11:31.791087
AWB123321,BATCH-D,Delhivery,M-005,Pune,Tier-2,PHANTOM_RTO_CHARGE,0.0,205.0,205.0,MEDIUM,2026-09-14 22:11:31.631484
AWB123327,BATCH-A,Shiprocket,M-011,Jaipur,Tier-3,PHANTOM_RTO_CHARGE,0.0,221.0,221.0,MEDIUM,2026-09-14 22:11:31.631484
AWB123330,BATCH-D,Delhivery,M-015,Indore,Tier-2,COD_SHORT_REMITTANCE,4142.0,3977.0,165.0,MEDIUM,2026-09-14 22:10:12.726074
AWB123332,BATCH-B,DTDC,M-001,Indore,Tier-2,EXCESS_FORWARD_CHARGE,95.0,114.0,19.0,LOW,2026-09-14 22:11:32.127304
AWB123337,BATCH-D,Bluedart,M-016,Lucknow,Tier-3,WEIGHT_DISPUTE,6.57,8.61,123.0,MEDIUM,2026-09-14 22:11:31.453814
AWB123346,BATCH-A,Bluedart,M-013,Jaipur,Tier-3,WEIGHT_DISPUTE,1.98,2.41,26.0,LOW,2026-09-14 22:11:31.453814
AWB123352,BATCH-C,Bluedart,M-018,Lucknow,Tier-3,WEIGHT_DISPUTE,2.21,2.77,34.0,LOW,2026-09-14 22:11:31.453814
AWB123355,BATCH-C,Delhivery,M-011,Jaipur,Tier-3,COD_SHORT_REMITTANCE,4894.0,4619.0,275.0,MEDIUM,2026-09-14 22:10:12.726074
AWB123359,BATCH-C,DTDC,M-013,Mumbai,Tier-1,EXCESS_FORWARD_CHARGE,65.0,78.0,13.0,LOW,2026-09-14 22:11:32.127304
AWB123381,BATCH-D,Bluedart,M-006,Jaipur,Tier-3,WEIGHT_DISPUTE,3.81,4.84,62.0,LOW,2026-09-14 22:11:31.453814
AWB123398,BATCH-C,Bluedart,M-016,Jaipur,Tier-3,WEIGHT_DISPUTE,2.42,2.94,31.0,LOW,2026-09-14 22:11:31.453814
AWB123404,BATCH-D,DTDC,M-012,Lucknow,Tier-3,EXCESS_FORWARD_CHARGE,95.0,114.0,19.0,LOW,2026-09-14 22:11:32.127304
AWB123406,BATCH-A,DTDC,M-007,Lucknow,Tier-3,PHANTOM_RTO_CHARGE,0.0,159.0,159.0,MEDIUM,2026-09-14 22:11:31.631484
AWB123408,BATCH-A,Kwikship,M-018,Jaipur,Tier-3,ETA_SLA_BREACH,72.0,115.4,0.0,LOW,2026-09-14 22:11:32.038362
AWB123409,BATCH-A,Bluedart,M-007,Delhi,Tier-1,PHANTOM_RTO_CHARGE,0.0,104.0,104.0,MEDIUM,2026-09-14 22:11:31.631484
AWB123413,BATCH-B,Kwikship,M-018,Lucknow,Tier-3,ETA_SLA_BREACH,72.0,131.2,0.0,LOW,2026-09-14 22:11:32.038362
AWB123420,BATCH-B,Bluedart,M-014,Jaipur,Tier-3,WEIGHT_DISPUTE,2.25,2.73,28.0,LOW,2026-09-14 22:11:31.453814
AWB123421,BATCH-B,DTDC,M-019,Delhi,Tier-1,PHANTOM_RTO_CHARGE,0.0,221.0,221.0,MEDIUM,2026-09-14 22:11:31.631484
AWB123426,BATCH-B,DTDC,M-014,Pune,Tier-2,EXCESS_FORWARD_CHARGE,95.0,114.0,19.0,LOW,2026-09-14 22:11:32.127304
AWB123427,BATCH-A,Bluedart,M-012,Indore,Tier-2,PHANTOM_RTO_CHARGE,0.0,116.0,116.0,MEDIUM,2026-09-14 22:11:31.631484
AWB123428,BATCH-B,DTDC,M-002,Mumbai,Tier-1,EXCESS_FORWARD_CHARGE,95.0,114.0,19.0,LOW,2026-09-14 22:11:32.127304
AWB123433,BATCH-B,Delhivery,M-010,Pune,Tier-2,PHANTOM_RTO_CHARGE,0.0,207.0,207.0,MEDIUM,2026-09-14 22:11:31.631484
AWB123435,BATCH-C,DTDC,M-002,Lucknow,Tier-3,EXCESS_FORWARD_CHARGE,95.0,114.0,19.0,LOW,2026-09-14 22:11:32.127304
AWB123445,BATCH-A,DTDC,M-001,Mumbai,Tier-1,EXCESS_FORWARD_CHARGE,95.0,114.0,19.0,LOW,2026-09-14 22:11:32.127304
AWB123446,BATCH-B,Kwikship,M-014,Lucknow,Tier-3,ETA_SLA_BREACH,72.0,142.2,0.0,LOW,2026-09-14 22:11:32.038362
AWB123451,BATCH-B,Kwikship,M-020,Jaipur,Tier-3,ETA_SLA_BREACH,72.0,105.2,0.0,LOW,2026-09-14 22:11:32.038362
AWB123453,BATCH-D,DTDC,M-013,Mumbai,Tier-1,EXCESS_FORWARD_CHARGE,95.0,114.0,19.0,LOW,2026-09-14 22:11:32.127304
AWB123459,BATCH-A,Bluedart,M-008,Lucknow,Tier-3,WEIGHT_DISPUTE,5.65,7.26,96.0,LOW,2026-09-14 22:11:31.453814
AWB123466,BATCH-B,Delhivery,M-003,Indore,Tier-2,COD_SHORT_REMITTANCE,3595.0,3363.0,232.0,MEDIUM,2026-09-14 22:10:12.726074
AWB123478,BATCH-C,Shiprocket,M-008,Jaipur,Tier-3,DUPLICATE_SETTLEMENT,1.0,2.0,0.0,HIGH,2026-09-14 22:11:31.913657
AWB123478,BATCH-DUP,Shiprocket,M-008,Jaipur,Tier-3,DUPLICATE_SETTLEMENT,1.0,2.0,0.0,HIGH,2026-09-14 22:11:31.913657
AWB123479,BATCH-D,Kwikship,M-015,Delhi,Tier-1,PHANTOM_RTO_CHARGE,0.0,112.0,112.0,MEDIUM,2026-09-14 22:11:31.631484
AWB123480,BATCH-C,Bluedart,M-008,Jaipur,Tier-3,WEIGHT_DISPUTE,3.73,4.42,41.0,LOW,2026-09-14 22:11:31.453814
AWB123481,BATCH-D,Shiprocket,M-001,Delhi,Tier-1,OVERDUE_REMITTANCE,14.0,21.0,0.0,MEDIUM,2026-09-14 22:11:31.791087
AWB123482,BATCH-B,Delhivery,M-017,Delhi,Tier-1,PHANTOM_RTO_CHARGE,0.0,153.0,153.0,MEDIUM,2026-09-14 22:11:31.631484
AWB123484,BATCH-D,Bluedart,M-007,Jaipur,Tier-3,WEIGHT_DISPUTE,4.57,5.44,52.0,LOW,2026-09-14 22:11:31.453814
AWB123493,BATCH-A,Bluedart,M-019,Pune,Tier-2,PHANTOM_RTO_CHARGE,0.0,237.0,237.0,MEDIUM,2026-09-14 22:11:31.631484
AWB123494,BATCH-C,Shiprocket,M-008,Delhi,Tier-1,OVERDUE_REMITTANCE,14.0,26.0,2357.0,MEDIUM,2026-09-14 22:11:31.791087
AWB123499,BATCH-C,Kwikship,M-001,Mumbai,Tier-1,PHANTOM_RTO_CHARGE,0.0,136.0,136.0,MEDIUM,2026-09-14 22:11:31.631484
AWB123500,BATCH-B,Delhivery,M-019,Lucknow,Tier-3,COD_SHORT_REMITTANCE,5291.0,4883.0,408.0,MEDIUM,2026-09-14 22:10:12.726074
AWB123504,BATCH-D,Kwikship,M-012,Lucknow,Tier-3,ETA_SLA_BREACH,72.0,127.7,0.0,LOW,2026-09-14 22:11:32.038362
AWB123512,BATCH-B,DTDC,M-019,Pune,Tier-2,EXCESS_FORWARD_CHARGE,65.0,78.0,13.0,LOW,2026-09-14 22:11:32.127304
AWB123521,BATCH-D,Bluedart,M-007,Lucknow,Tier-3,WEIGHT_DISPUTE,1.03,1.23,12.0,LOW,2026-09-14 22:11:31.453814
AWB123527,BATCH-A,DTDC,M-006,Delhi,Tier-1,EXCESS_FORWARD_CHARGE,95.0,114.0,19.0,LOW,2026-09-14 22:11:32.127304
AWB123537,BATCH-A,Delhivery,M-010,Jaipur,Tier-3,PHANTOM_RTO_CHARGE,0.0,149.0,149.0,MEDIUM,2026-09-14 22:11:31.631484
AWB123539,BATCH-A,DTDC,M-006,Jaipur,Tier-3,EXCESS_FORWARD_CHARGE,65.0,78.0,13.0,LOW,2026-09-14 22:11:32.127304
AWB123546,BATCH-C,Bluedart,M-013,Jaipur,Tier-3,WEIGHT_DISPUTE,4.51,5.79,77.0,LOW,2026-09-14 22:11:31.453814
AWB123552,BATCH-D,Delhivery,M-016,Pune,Tier-2,COD_SHORT_REMITTANCE,5836.0,5612.0,224.0,MEDIUM,2026-09-14 22:10:12.726074
AWB123557,BATCH-D,Delhivery,M-002,Mumbai,Tier-1,COD_SHORT_REMITTANCE,3930.0,3755.0,175.0,MEDIUM,2026-09-14 22:10:12.726074
AWB123572,BATCH-B,Shiprocket,M-010,Lucknow,Tier-3,PHANTOM_RTO_CHARGE,0.0,144.0,144.0,MEDIUM,2026-09-14 22:11:31.631484
AWB123582,BATCH-B,Shiprocket,M-017,Delhi,Tier-1,OVERDUE_REMITTANCE,14.0,18.0,4942.0,MEDIUM,2026-09-14 22:11:31.791087
AWB123584,BATCH-C,Shiprocket,M-011,Delhi,Tier-1,PHANTOM_RTO_CHARGE,0.0,110.0,110.0,MEDIUM,2026-09-14 22:11:31.631484
AWB123585,BATCH-A,Bluedart,M-020,Jaipur,Tier-3,WEIGHT_DISPUTE,6.75,8.13,83.0,LOW,2026-09-14 22:11:31.453814
AWB123589,BATCH-A,Shiprocket,M-012,Mumbai,Tier-1,PHANTOM_RTO_CHARGE,0.0,192.0,192.0,MEDIUM,2026-09-14 22:11:31.631484
AWB123591,BATCH-B,DTDC,M-017,Pune,Tier-2,EXCESS_FORWARD_CHARGE,95.0,114.0,19.0,LOW,2026-09-14 22:11:32.127304
AWB123593,BATCH-A,Shiprocket,M-011,Lucknow,Tier-3,OVERDUE_REMITTANCE,14.0,19.0,0.0,MEDIUM,2026-09-14 22:11:31.791087
AWB123595,BATCH-D,Delhivery,M-018,Indore,Tier-2,PHANTOM_RTO_CHARGE,0.0,238.0,238.0,MEDIUM,2026-09-14 22:11:31.631484
AWB123597,BATCH-B,Shiprocket,M-014,Mumbai,Tier-1,OVERDUE_REMITTANCE,14.0,26.0,0.0,MEDIUM,2026-09-14 22:11:31.791087
AWB123608,BATCH-C,Delhivery,M-014,Mumbai,Tier-1,PHANTOM_RTO_CHARGE,0.0,122.0,122.0,MEDIUM,2026-09-14 22:11:31.631484
AWB123611,BATCH-A,DTDC,M-016,Mumbai,Tier-1,EXCESS_FORWARD_CHARGE,65.0,78.0,13.0,LOW,2026-09-14 22:11:32.127304
AWB123613,BATCH-D,Shiprocket,M-005,Lucknow,Tier-3,OVERDUE_REMITTANCE,14.0,22.0,0.0,MEDIUM,2026-09-14 22:11:31.791087
AWB123616,BATCH-D,DTDC,M-014,Lucknow,Tier-3,DUPLICATE_SETTLEMENT,1.0,2.0,0.0,HIGH,2026-09-14 22:11:31.913657
AWB123616,BATCH-D,DTDC,M-014,Lucknow,Tier-3,PHANTOM_RTO_CHARGE,0.0,234.0,234.0,MEDIUM,2026-09-14 22:11:31.631484
AWB123616,BATCH-DUP,DTDC,M-014,Lucknow,Tier-3,DUPLICATE_SETTLEMENT,1.0,2.0,0.0,HIGH,2026-09-14 22:11:31.913657
AWB123616,BATCH-DUP,DTDC,M-014,Lucknow,Tier-3,PHANTOM_RTO_CHARGE,0.0,234.0,234.0,MEDIUM,2026-09-14 22:11:31.631484
AWB123619,BATCH-D,DTDC,M-020,Delhi,Tier-1,EXCESS_FORWARD_CHARGE,65.0,78.0,13.0,LOW,2026-09-14 22:11:32.127304
AWB123623,BATCH-B,DTDC,M-020,Mumbai,Tier-1,EXCESS_FORWARD_CHARGE,95.0,114.0,19.0,LOW,2026-09-14 22:11:32.127304
AWB123626,BATCH-D,Bluedart,M-012,Jaipur,Tier-3,WEIGHT_DISPUTE,6.35,7.9,93.0,LOW,2026-09-14 22:11:31.453814
AWB123628,BATCH-C,Delhivery,M-019,Mumbai,Tier-1,COD_SHORT_REMITTANCE,3825.0,3617.0,208.0,MEDIUM,2026-09-14 22:10:12.726074
AWB123633,BATCH-C,Shiprocket,M-006,Jaipur,Tier-3,OVERDUE_REMITTANCE,14.0,27.0,785.0,MEDIUM,2026-09-14 22:11:31.791087
AWB123635,BATCH-C,Kwikship,M-007,Jaipur,Tier-3,ETA_SLA_BREACH,72.0,114.9,0.0,LOW,2026-09-14 22:11:32.038362
AWB123638,BATCH-A,DTDC,M-003,Lucknow,Tier-3,EXCESS_FORWARD_CHARGE,95.0,114.0,19.0,LOW,2026-09-14 22:11:32.127304
AWB123639,BATCH-B,DTDC,M-009,Delhi,Tier-1,EXCESS_FORWARD_CHARGE,65.0,78.0,13.0,LOW,2026-09-14 22:11:32.127304
AWB123643,BATCH-A,DTDC,M-015,Lucknow,Tier-3,EXCESS_FORWARD_CHARGE,95.0,114.0,19.0,LOW,2026-09-14 22:11:32.127304
AWB123643,BATCH-A,DTDC,M-015,Lucknow,Tier-3,PHANTOM_RTO_CHARGE,0.0,103.0,103.0,MEDIUM,2026-09-14 22:11:31.631484
AWB123644,BATCH-A,DTDC,M-015,Lucknow,Tier-3,EXCESS_FORWARD_CHARGE,95.0,114.0,19.0,LOW,2026-09-14 22:11:32.127304
AWB123646,BATCH-A,Bluedart,M-013,Lucknow,Tier-3,WEIGHT_DISPUTE,5.12,6.42,78.0,LOW,2026-09-14 22:11:31.453814
AWB123647,BATCH-A,Bluedart,M-019,Lucknow,Tier-3,PHANTOM_RTO_CHARGE,0.0,215.0,215.0,MEDIUM,2026-09-14 22:11:31.631484
AWB123650,BATCH-A,Bluedart,M-019,Jaipur,Tier-3,WEIGHT_DISPUTE,3.96,4.86,54.0,LOW,2026-09-14 22:11:31.453814
AWB123651,BATCH-A,DTDC,M-016,Jaipur,Tier-3,EXCESS_FORWARD_CHARGE,95.0,114.0,19.0,LOW,2026-09-14 22:11:32.127304
AWB123655,BATCH-B,Shiprocket,M-008,Lucknow,Tier-3,OVERDUE_REMITTANCE,14.0,21.0,0.0,MEDIUM,2026-09-14 22:11:31.791087
AWB123662,BATCH-C,DTDC,M-005,Jaipur,Tier-3,EXCESS_FORWARD_CHARGE,65.0,78.0,13.0,LOW,2026-09-14 22:11:32.127304
AWB123664,BATCH-D,DTDC,M-016,Jaipur,Tier-3,EXCESS_FORWARD_CHARGE,95.0,114.0,19.0,LOW,2026-09-14 22:11:32.127304
AWB123670,BATCH-C,DTDC,M-002,Mumbai,Tier-1,EXCESS_FORWARD_CHARGE,95.0,114.0,19.0,LOW,2026-09-14 22:11:32.127304
AWB123682,BATCH-D,Kwikship,M-007,Lucknow,Tier-3,ETA_SLA_BREACH,72.0,144.0,0.0,LOW,2026-09-14 22:11:32.038362
AWB123684,BATCH-C,Delhivery,M-013,Delhi,Tier-1,COD_SHORT_REMITTANCE,4263.0,4101.0,162.0,MEDIUM,2026-09-14 22:10:12.726074
AWB123694,BATCH-D,Kwikship,M-012,Pune,Tier-2,DUPLICATE_SETTLEMENT,1.0,2.0,5088.0,HIGH,2026-09-14 22:11:31.913657
AWB123694,BATCH-DUP,Kwikship,M-012,Pune,Tier-2,DUPLICATE_SETTLEMENT,1.0,2.0,5088.0,HIGH,2026-09-14 22:11:31.913657
AWB123702,BATCH-D,Delhivery,M-018,Pune,Tier-2,PHANTOM_RTO_CHARGE,0.0,200.0,200.0,MEDIUM,2026-09-14 22:11:31.631484
AWB123711,BATCH-A,Kwikship,M-011,Mumbai,Tier-1,PHANTOM_RTO_CHARGE,0.0,118.0,118.0,MEDIUM,2026-09-14 22:11:31.631484
AWB123721,BATCH-D,DTDC,M-009,Pune,Tier-2,EXCESS_FORWARD_CHARGE,95.0,114.0,19.0,LOW,2026-09-14 22:11:32.127304
AWB123732,BATCH-B,Delhivery,M-006,Jaipur,Tier-3,PHANTOM_RTO_CHARGE,0.0,199.0,199.0,MEDIUM,2026-09-14 22:11:31.631484
AWB123734,BATCH-D,DTDC,M-013,Jaipur,Tier-3,EXCESS_FORWARD_CHARGE,95.0,114.0,19.0,LOW,2026-09-14 22:11:32.127304
AWB123740,BATCH-C,Bluedart,M-002,Jaipur,Tier-3,WEIGHT_DISPUTE,8.17,10.27,126.0,MEDIUM,2026-09-14 22:11:31.453814
AWB123741,BATCH-C,Delhivery,M-010,Delhi,Tier-1,COD_SHORT_REMITTANCE,3780.0,3564.0,216.0,MEDIUM,2026-09-14 22:10:12.726074
AWB123750,BATCH-C,Bluedart,M-007,Lucknow,Tier-3,WEIGHT_DISPUTE,1.16,1.4,15.0,LOW,2026-09-14 22:11:31.453814
AWB123757,BATCH-C,Delhivery,M-001,Lucknow,Tier-3,COD_SHORT_REMITTANCE,3337.0,3125.0,212.0,MEDIUM,2026-09-14 22:10:12.726074
AWB123759,BATCH-A,Bluedart,M-014,Delhi,Tier-1,PHANTOM_RTO_CHARGE,0.0,128.0,128.0,MEDIUM,2026-09-14 22:11:31.631484
AWB123762,BATCH-C,DTDC,M-017,Pune,Tier-2,EXCESS_FORWARD_CHARGE,65.0,78.0,13.0,LOW,2026-09-14 22:11:32.127304
AWB123770,BATCH-B,DTDC,M-013,Lucknow,Tier-3,EXCESS_FORWARD_CHARGE,65.0,78.0,13.0,LOW,2026-09-14 22:11:32.127304
AWB123776,BATCH-C,Shiprocket,M-016,Jaipur,Tier-3,PHANTOM_RTO_CHARGE,0.0,170.0,170.0,MEDIUM,2026-09-14 22:11:31.631484
AWB123780,BATCH-A,Delhivery,M-020,Pune,Tier-2,COD_SHORT_REMITTANCE,3338.0,3124.0,214.0,MEDIUM,2026-09-14 22:10:12.726074
AWB123784,BATCH-A,DTDC,M-018,Jaipur,Tier-3,EXCESS_FORWARD_CHARGE,95.0,114.0,19.0,LOW,2026-09-14 22:11:32.127304
AWB123784,BATCH-A,DTDC,M-018,Jaipur,Tier-3,PHANTOM_RTO_CHARGE,0.0,161.0,161.0,MEDIUM,2026-09-14 22:11:31.631484
AWB123788,BATCH-A,Kwikship,M-020,Lucknow,Tier-3,ETA_SLA_BREACH,72.0,125.0,0.0,LOW,2026-09-14 22:11:32.038362
AWB123791,BATCH-B,Shiprocket,M-015,Lucknow,Tier-3,OVERDUE_REMITTANCE,14.0,19.0,0.0,MEDIUM,2026-09-14 22:11:31.791087
AWB123796,BATCH-A,Shiprocket,M-006,Jaipur,Tier-3,PHANTOM_RTO_CHARGE,0.0,200.0,200.0,MEDIUM,2026-09-14 22:11:31.631484
AWB123800,BATCH-A,Kwikship,M-016,Lucknow,Tier-3,ETA_SLA_BREACH,72.0,139.2,0.0,LOW,2026-09-14 22:11:32.038362
AWB123816,BATCH-D,Kwikship,M-014,Delhi,Tier-1,PHANTOM_RTO_CHARGE,0.0,166.0,166.0,MEDIUM,2026-09-14 22:11:31.631484
AWB123823,BATCH-B,Shiprocket,M-007,Delhi,Tier-1,OVERDUE_REMITTANCE,14.0,21.0,0.0,MEDIUM,2026-09-14 22:11:31.791087
AWB123828,BATCH-A,DTDC,M-005,Lucknow,Tier-3,EXCESS_FORWARD_CHARGE,42.0,50.0,8.0,LOW,2026-09-14 22:11:32.127304
AWB123829,BATCH-B,DTDC,M-020,Mumbai,Tier-1,EXCESS_FORWARD_CHARGE,95.0,114.0,19.0,LOW,2026-09-14 22:11:32.127304
AWB123844,BATCH-A,Delhivery,M-017,Indore,Tier-2,COD_SHORT_REMITTANCE,3361.0,3191.0,170.0,MEDIUM,2026-09-14 22:10:12.726074
AWB123847,BATCH-D,Delhivery,M-020,Lucknow,Tier-3,COD_SHORT_REMITTANCE,4281.0,4031.0,250.0,MEDIUM,2026-09-14 22:10:12.726074
AWB123849,BATCH-B,Shiprocket,M-007,Indore,Tier-2,OVERDUE_REMITTANCE,14.0,24.0,0.0,MEDIUM,2026-09-14 22:11:31.791087
AWB123852,BATCH-A,Delhivery,M-014,Indore,Tier-2,PHANTOM_RTO_CHARGE,0.0,229.0,229.0,MEDIUM,2026-09-14 22:11:31.631484
AWB123853,BATCH-B,DTDC,M-012,Pune,Tier-2,PHANTOM_RTO_CHARGE,0.0,243.0,243.0,MEDIUM,2026-09-14 22:11:31.631484
AWB123856,BATCH-D,Bluedart,M-003,Lucknow,Tier-3,WEIGHT_DISPUTE,4.23,5.01,47.0,LOW,2026-09-14 22:11:31.453814
AWB123866,BATCH-C,Delhivery,M-004,Mumbai,Tier-1,COD_SHORT_REMITTANCE,5836.0,5511.0,325.0,MEDIUM,2026-09-14 22:10:12.726074
AWB123869,BATCH-A,Kwikship,M-014,Lucknow,Tier-3,DUPLICATE_SETTLEMENT,1.0,2.0,0.0,HIGH,2026-09-14 22:11:31.913657
AWB123869,BATCH-DUP,Kwikship,M-014,Lucknow,Tier-3,DUPLICATE_SETTLEMENT,1.0,2.0,0.0,HIGH,2026-09-14 22:11:31.913657
AWB123870,BATCH-B,DTDC,M-009,Mumbai,Tier-1,EXCESS_FORWARD_CHARGE,65.0,78.0,13.0,LOW,2026-09-14 22:11:32.127304
AWB123872,BATCH-D,DTDC,M-007,Lucknow,Tier-3,EXCESS_FORWARD_CHARGE,95.0,114.0,19.0,LOW,2026-09-14 22:11:32.127304
AWB123875,BATCH-B,DTDC,M-016,Mumbai,Tier-1,PHANTOM_RTO_CHARGE,0.0,114.0,114.0,MEDIUM,2026-09-14 22:11:31.631484
AWB123879,BATCH-A,Bluedart,M-017,Pune,Tier-2,PHANTOM_RTO_CHARGE,0.0,193.0,193.0,MEDIUM,2026-09-14 22:11:31.631484
AWB123888,BATCH-D,DTDC,M-007,Jaipur,Tier-3,EXCESS_FORWARD_CHARGE,95.0,114.0,19.0,LOW,2026-09-14 22:11:32.127304
AWB123891,BATCH-A,DTDC,M-008,Lucknow,Tier-3,EXCESS_FORWARD_CHARGE,65.0,78.0,13.0,LOW,2026-09-14 22:11:32.127304
AWB123893,BATCH-A,Shiprocket,M-002,Delhi,Tier-1,OVERDUE_REMITTANCE,14.0,21.0,0.0,MEDIUM,2026-09-14 22:11:31.791087
AWB123898,BATCH-D,Bluedart,M-019,Lucknow,Tier-3,PHANTOM_RTO_CHARGE,0.0,105.0,105.0,MEDIUM,2026-09-14 22:11:31.631484
AWB123899,BATCH-C,Shiprocket,M-004,Lucknow,Tier-3,OVERDUE_REMITTANCE,14.0,22.0,691.0,MEDIUM,2026-09-14 22:11:31.791087
AWB123904,BATCH-B,Shiprocket,M-020,Jaipur,Tier-3,OVERDUE_REMITTANCE,14.0,18.0,0.0,MEDIUM,2026-09-14 22:11:31.791087
AWB123906,BATCH-B,Bluedart,M-018,Lucknow,Tier-3,WEIGHT_DISPUTE,2.55,3.01,28.0,LOW,2026-09-14 22:11:31.453814
AWB123907,BATCH-A,Shiprocket,M-008,Pune,Tier-2,OVERDUE_REMITTANCE,14.0,22.0,0.0,MEDIUM,2026-09-14 22:11:31.791087
AWB123909,BATCH-C,DTDC,M-002,Mumbai,Tier-1,EXCESS_FORWARD_CHARGE,95.0,114.0,19.0,LOW,2026-09-14 22:11:32.127304
AWB123911,BATCH-C,Delhivery,M-012,Pune,Tier-2,COD_SHORT_REMITTANCE,3625.0,3457.0,168.0,MEDIUM,2026-09-14 22:10:12.726074
AWB123915,BATCH-A,Delhivery,M-018,Indore,Tier-2,PHANTOM_RTO_CHARGE,0.0,239.0,239.0,MEDIUM,2026-09-14 22:11:31.631484
AWB123916,BATCH-C,Bluedart,M-001,Jaipur,Tier-3,WEIGHT_DISPUTE,4.69,5.62,56.0,LOW,2026-09-14 22:11:31.453814
AWB123917,BATCH-D,Shiprocket,M-010,Lucknow,Tier-3,OVERDUE_REMITTANCE,14.0,25.0,0.0,MEDIUM,2026-09-14 22:11:31.791087
AWB123919,BATCH-A,DTDC,M-016,Indore,Tier-2,EXCESS_FORWARD_CHARGE,95.0,114.0,19.0,LOW,2026-09-14 22:11:32.127304
AWB123922,BATCH-D,Delhivery,M-002,Jaipur,Tier-3,DUPLICATE_SETTLEMENT,1.0,2.0,4179.0,HIGH,2026-09-14 22:11:31.913657
AWB123922,BATCH-DUP,Delhivery,M-002,Jaipur,Tier-3,DUPLICATE_SETTLEMENT,1.0,2.0,4179.0,HIGH,2026-09-14 22:11:31.913657
AWB123926,BATCH-C,DTDC,M-011,Jaipur,Tier-3,EXCESS_FORWARD_CHARGE,65.0,78.0,13.0,LOW,2026-09-14 22:11:32.127304
AWB123930,BATCH-A,Shiprocket,M-012,Lucknow,Tier-3,PHANTOM_RTO_CHARGE,0.0,204.0,204.0,MEDIUM,2026-09-14 22:11:31.631484
AWB123943,BATCH-A,DTDC,M-014,Delhi,Tier-1,EXCESS_FORWARD_CHARGE,95.0,114.0,19.0,LOW,2026-09-14 22:11:32.127304
AWB123944,BATCH-B,Delhivery,M-004,Delhi,Tier-1,COD_SHORT_REMITTANCE,3193.0,3018.0,175.0,MEDIUM,2026-09-14 22:10:12.726074
AWB123944,BATCH-B,Delhivery,M-004,Delhi,Tier-1,PHANTOM_RTO_CHARGE,0.0,179.0,179.0,MEDIUM,2026-09-14 22:11:31.631484
AWB123950,BATCH-C,Delhivery,M-020,Mumbai,Tier-1,PHANTOM_RTO_CHARGE,0.0,165.0,165.0,MEDIUM,2026-09-14 22:11:31.631484
AWB123951,BATCH-C,Delhivery,M-009,Delhi,Tier-1,COD_SHORT_REMITTANCE,5361.0,5197.0,164.0,MEDIUM,2026-09-14 22:10:12.726074
AWB123954,BATCH-C,Bluedart,M-020,Lucknow,Tier-3,WEIGHT_DISPUTE,2.23,2.65,25.0,LOW,2026-09-14 22:11:31.453814
AWB123955,BATCH-A,Bluedart,M-006,Pune,Tier-2,PHANTOM_RTO_CHARGE,0.0,205.0,205.0,MEDIUM,2026-09-14 22:11:31.631484
AWB123964,BATCH-A,Kwikship,M-002,Delhi,Tier-1,PHANTOM_RTO_CHARGE,0.0,213.0,213.0,MEDIUM,2026-09-14 22:11:31.631484
AWB123966,BATCH-D,Kwikship,M-017,Jaipur,Tier-3,ETA_SLA_BREACH,72.0,106.2,0.0,LOW,2026-09-14 22:11:32.038362
AWB123968,BATCH-D,Bluedart,M-017,Jaipur,Tier-3,WEIGHT_DISPUTE,6.88,8.73,111.0,MEDIUM,2026-09-14 22:11:31.453814
AWB123974,BATCH-A,Delhivery,M-001,Lucknow,Tier-3,COD_SHORT_REMITTANCE,3591.0,3408.0,183.0,MEDIUM,2026-09-14 22:10:12.726074
AWB123978,BATCH-C,Bluedart,M-016,Jaipur,Tier-3,WEIGHT_DISPUTE,8.31,10.04,104.0,MEDIUM,2026-09-14 22:11:31.453814
AWB123980,BATCH-B,Bluedart,M-020,Lucknow,Tier-3,WEIGHT_DISPUTE,5.41,7.06,99.0,LOW,2026-09-14 22:11:31.453814
AWB123981,BATCH-D,Delhivery,M-008,Mumbai,Tier-1,COD_SHORT_REMITTANCE,4836.0,4655.0,181.0,MEDIUM,2026-09-14 22:10:12.726074
AWB123981,BATCH-D,Delhivery,M-008,Mumbai,Tier-1,PHANTOM_RTO_CHARGE,0.0,223.0,223.0,MEDIUM,2026-09-14 22:11:31.631484
AWB123983,BATCH-D,Shiprocket,M-009,Mumbai,Tier-1,PHANTOM_RTO_CHARGE,0.0,221.0,221.0,MEDIUM,2026-09-14 22:11:31.631484
AWB123986,BATCH-D,Kwikship,M-019,Mumbai,Tier-1,PHANTOM_RTO_CHARGE,0.0,145.0,145.0,MEDIUM,2026-09-14 22:11:31.631484
AWB123994,BATCH-B,Shiprocket,M-008,Jaipur,Tier-3,OVERDUE_REMITTANCE,14.0,19.0,0.0,MEDIUM,2026-09-14 22:11:31.791087
AWB123995,BATCH-C,Shiprocket,M-007,Mumbai,Tier-1,DUPLICATE_SETTLEMENT,1.0,2.0,5654.0,HIGH,2026-09-14 22:11:31.913657
AWB123995,BATCH-DUP,Shiprocket,M-007,Mumbai,Tier-1,DUPLICATE_SETTLEMENT,1.0,2.0,5654.0,HIGH,2026-09-14 22:11:31.913657
AWB124004,BATCH-A,DTDC,M-016,Lucknow,Tier-3,EXCESS_FORWARD_CHARGE,95.0,114.0,19.0,LOW,2026-09-14 22:11:32.127304
AWB124007,BATCH-A,DTDC,M-010,Jaipur,Tier-3,EXCESS_FORWARD_CHARGE,95.0,114.0,19.0,LOW,2026-09-14 22:11:32.127304
AWB124009,BATCH-D,Kwikship,M-017,Jaipur,Tier-3,ETA_SLA_BREACH,72.0,122.7,0.0,LOW,2026-09-14 22:11:32.038362
AWB124012,BATCH-A,Shiprocket,M-009,Pune,Tier-2,PHANTOM_RTO_CHARGE,0.0,123.0,123.0,MEDIUM,2026-09-14 22:11:31.631484
AWB124018,BATCH-A,DTDC,M-019,Indore,Tier-2,EXCESS_FORWARD_CHARGE,95.0,114.0,19.0,LOW,2026-09-14 22:11:32.127304
AWB124020,BATCH-B,Delhivery,M-005,Pune,Tier-2,COD_SHORT_REMITTANCE,3250.0,3038.0,212.0,MEDIUM,2026-09-14 22:10:12.726074
AWB124025,BATCH-A,Bluedart,M-007,Lucknow,Tier-3,WEIGHT_DISPUTE,8.11,9.77,100.0,LOW,2026-09-14 22:11:31.453814
AWB124027,BATCH-A,DTDC,M-006,Lucknow,Tier-3,EXCESS_FORWARD_CHARGE,95.0,114.0,19.0,LOW,2026-09-14 22:11:32.127304
AWB124029,BATCH-A,Shiprocket,M-003,Indore,Tier-2,PHANTOM_RTO_CHARGE,0.0,127.0,127.0,MEDIUM,2026-09-14 22:11:31.631484
AWB124031,BATCH-D,Kwikship,M-011,Jaipur,Tier-3,ETA_SLA_BREACH,72.0,110.2,0.0,LOW,2026-09-14 22:11:32.038362
AWB124036,BATCH-D,Shiprocket,M-015,Jaipur,Tier-3,OVERDUE_REMITTANCE,14.0,18.0,0.0,MEDIUM,2026-09-14 22:11:31.791087
AWB124043,BATCH-D,DTDC,M-020,Pune,Tier-2,EXCESS_FORWARD_CHARGE,95.0,114.0,19.0,LOW,2026-09-14 22:11:32.127304
AWB124052,BATCH-D,DTDC,M-009,Jaipur,Tier-3,EXCESS_FORWARD_CHARGE,95.0,114.0,19.0,LOW,2026-09-14 22:11:32.127304
AWB124053,BATCH-D,Kwikship,M-010,Delhi,Tier-1,PHANTOM_RTO_CHARGE,0.0,238.0,238.0,MEDIUM,2026-09-14 22:11:31.631484
AWB124061,BATCH-D,DTDC,M-015,Delhi,Tier-1,EXCESS_FORWARD_CHARGE,95.0,114.0,19.0,LOW,2026-09-14 22:11:32.127304
AWB124062,BATCH-C,DTDC,M-006,Pune,Tier-2,PHANTOM_RTO_CHARGE,0.0,130.0,130.0,MEDIUM,2026-09-14 22:11:31.631484
AWB124066,BATCH-D,Shiprocket,M-008,Mumbai,Tier-1,OVERDUE_REMITTANCE,14.0,21.0,0.0,MEDIUM,2026-09-14 22:11:31.791087
AWB124068,BATCH-B,Delhivery,M-012,Delhi,Tier-1,COD_SHORT_REMITTANCE,3519.0,3270.0,249.0,MEDIUM,2026-09-14 22:10:12.726074
AWB124081,BATCH-B,DTDC,M-001,Delhi,Tier-1,EXCESS_FORWARD_CHARGE,95.0,114.0,19.0,LOW,2026-09-14 22:11:32.127304
AWB124084,BATCH-C,Kwikship,M-018,Jaipur,Tier-3,DUPLICATE_SETTLEMENT,1.0,2.0,0.0,HIGH,2026-09-14 22:11:31.913657
AWB124084,BATCH-C,Kwikship,M-018,Jaipur,Tier-3,ETA_SLA_BREACH,72.0,111.5,0.0,LOW,2026-09-14 22:11:32.038362
AWB124084,BATCH-DUP,Kwikship,M-018,Jaipur,Tier-3,DUPLICATE_SETTLEMENT,1.0,2.0,0.0,HIGH,2026-09-14 22:11:31.913657
AWB124084,BATCH-DUP,Kwikship,M-018,Jaipur,Tier-3,ETA_SLA_BREACH,72.0,111.5,0.0,LOW,2026-09-14 22:11:32.038362
AWB124088,BATCH-C,Kwikship,M-002,Delhi,Tier-1,PHANTOM_RTO_CHARGE,0.0,107.0,107.0,MEDIUM,2026-09-14 22:11:31.631484
AWB124089,BATCH-A,Kwikship,M-020,Jaipur,Tier-3,ETA_SLA_BREACH,72.0,104.4,0.0,LOW,2026-09-14 22:11:32.038362
AWB124094,BATCH-A,Bluedart,M-019,Lucknow,Tier-3,WEIGHT_DISPUTE,0.95,1.22,16.0,LOW,2026-09-14 22:11:31.453814
AWB124102,BATCH-A,Delhivery,M-011,Delhi,Tier-1,COD_SHORT_REMITTANCE,5481.0,5129.0,352.0,MEDIUM,2026-09-14 22:10:12.726074
AWB124108,BATCH-B,Delhivery,M-018,Pune,Tier-2,COD_SHORT_REMITTANCE,5041.0,4883.0,158.0,MEDIUM,2026-09-14 22:10:12.726074
AWB124109,BATCH-C,DTDC,M-010,Jaipur,Tier-3,EXCESS_FORWARD_CHARGE,95.0,114.0,19.0,LOW,2026-09-14 22:11:32.127304
AWB124121,BATCH-A,Bluedart,M-017,Delhi,Tier-1,PHANTOM_RTO_CHARGE,0.0,105.0,105.0,MEDIUM,2026-09-14 22:11:31.631484
AWB124125,BATCH-D,DTDC,M-002,Delhi,Tier-1,EXCESS_FORWARD_CHARGE,95.0,114.0,19.0,LOW,2026-09-14 22:11:32.127304
AWB124126,BATCH-D,Delhivery,M-006,Lucknow,Tier-3,PHANTOM_RTO_CHARGE,0.0,140.0,140.0,MEDIUM,2026-09-14 22:11:31.631484
AWB124128,BATCH-B,Bluedart,M-014,Jaipur,Tier-3,WEIGHT_DISPUTE,4.75,6.2,87.0,LOW,2026-09-14 22:11:31.453814
AWB124131,BATCH-B,Delhivery,M-017,Mumbai,Tier-1,COD_SHORT_REMITTANCE,4835.0,4585.0,250.0,MEDIUM,2026-09-14 22:10:12.726074
AWB124131,BATCH-B,Delhivery,M-017,Mumbai,Tier-1,PHANTOM_RTO_CHARGE,0.0,174.0,174.0,MEDIUM,2026-09-14 22:11:31.631484
AWB124132,BATCH-A,Shiprocket,M-018,Indore,Tier-2,OVERDUE_REMITTANCE,14.0,27.0,1783.0,MEDIUM,2026-09-14 22:11:31.791087
AWB124133,BATCH-B,DTDC,M-019,Jaipur,Tier-3,EXCESS_FORWARD_CHARGE,95.0,114.0,19.0,LOW,2026-09-14 22:11:32.127304
AWB124138,BATCH-D,Bluedart,M-009,Jaipur,Tier-3,WEIGHT_DISPUTE,4.64,5.71,64.0,LOW,2026-09-14 22:11:31.453814
AWB124140,BATCH-D,DTDC,M-011,Pune,Tier-2,EXCESS_FORWARD_CHARGE,95.0,114.0,19.0,LOW,2026-09-14 22:11:32.127304
AWB124147,BATCH-B,Bluedart,M-001,Jaipur,Tier-3,PHANTOM_RTO_CHARGE,0.0,198.0,198.0,MEDIUM,2026-09-14 22:11:31.631484
AWB124149,BATCH-B,DTDC,M-014,Mumbai,Tier-1,EXCESS_FORWARD_CHARGE,95.0,114.0,19.0,LOW,2026-09-14 22:11:32.127304
AWB124149,BATCH-B,DTDC,M-014,Mumbai,Tier-1,PHANTOM_RTO_CHARGE,0.0,102.0,102.0,MEDIUM,2026-09-14 22:11:31.631484
AWB124161,BATCH-A,Bluedart,M-012,Jaipur,Tier-3,WEIGHT_DISPUTE,4.58,5.83,75.0,LOW,2026-09-14 22:11:31.453814
AWB124163,BATCH-A,DTDC,M-006,Jaipur,Tier-3,EXCESS_FORWARD_CHARGE,65.0,78.0,13.0,LOW,2026-09-14 22:11:32.127304
AWB124167,BATCH-D,Bluedart,M-012,Jaipur,Tier-3,PHANTOM_RTO_CHARGE,0.0,208.0,208.0,MEDIUM,2026-09-14 22:11:31.631484
AWB124167,BATCH-D,Bluedart,M-012,Jaipur,Tier-3,WEIGHT_DISPUTE,3.94,4.87,56.0,LOW,2026-09-14 22:11:31.453814
AWB124175,BATCH-A,DTDC,M-008,Indore,Tier-2,EXCESS_FORWARD_CHARGE,42.0,50.0,8.0,LOW,2026-09-14 22:11:32.127304
AWB124187,BATCH-D,DTDC,M-015,Lucknow,Tier-3,EXCESS_FORWARD_CHARGE,95.0,114.0,19.0,LOW,2026-09-14 22:11:32.127304
AWB124187,BATCH-D,DTDC,M-015,Lucknow,Tier-3,PHANTOM_RTO_CHARGE,0.0,107.0,107.0,MEDIUM,2026-09-14 22:11:31.631484
AWB124191,BATCH-D,DTDC,M-003,Indore,Tier-2,EXCESS_FORWARD_CHARGE,65.0,78.0,13.0,LOW,2026-09-14 22:11:32.127304
AWB124208,BATCH-D,Delhivery,M-016,Jaipur,Tier-3,COD_SHORT_REMITTANCE,3661.0,3379.0,282.0,MEDIUM,2026-09-14 22:10:12.726074
AWB124214,BATCH-A,Delhivery,M-017,Indore,Tier-2,COD_SHORT_REMITTANCE,4920.0,4602.0,318.0,MEDIUM,2026-09-14 22:10:12.726074
AWB124222,BATCH-B,Delhivery,M-010,Mumbai,Tier-1,COD_SHORT_REMITTANCE,5444.0,5127.0,317.0,MEDIUM,2026-09-14 22:10:12.726074
AWB124225,BATCH-A,Shiprocket,M-006,Pune,Tier-2,PHANTOM_RTO_CHARGE,0.0,158.0,158.0,MEDIUM,2026-09-14 22:11:31.631484
AWB124226,BATCH-D,DTDC,M-017,Delhi,Tier-1,EXCESS_FORWARD_CHARGE,65.0,78.0,13.0,LOW,2026-09-14 22:11:32.127304
AWB124227,BATCH-B,Kwikship,M-020,Delhi,Tier-1,PHANTOM_RTO_CHARGE,0.0,175.0,175.0,MEDIUM,2026-09-14 22:11:31.631484
AWB124237,BATCH-A,Shiprocket,M-002,Delhi,Tier-1,OVERDUE_REMITTANCE,14.0,20.0,4819.0,MEDIUM,2026-09-14 22:11:31.791087
AWB124240,BATCH-B,DTDC,M-014,Jaipur,Tier-3,EXCESS_FORWARD_CHARGE,95.0,114.0,19.0,LOW,2026-09-14 22:11:32.127304
AWB124240,BATCH-B,DTDC,M-014,Jaipur,Tier-3,PHANTOM_RTO_CHARGE,0.0,242.0,242.0,MEDIUM,2026-09-14 22:11:31.631484
AWB124241,BATCH-D,Bluedart,M-001,Lucknow,Tier-3,WEIGHT_DISPUTE,7.67,9.21,92.0,LOW,2026-09-14 22:11:31.453814
AWB124242,BATCH-A,DTDC,M-006,Mumbai,Tier-1,EXCESS_FORWARD_CHARGE,95.0,114.0,19.0,LOW,2026-09-14 22:11:32.127304
AWB124242,BATCH-A,DTDC,M-006,Mumbai,Tier-1,PHANTOM_RTO_CHARGE,0.0,154.0,154.0,MEDIUM,2026-09-14 22:11:31.631484
AWB124246,BATCH-D,Kwikship,M-016,Mumbai,Tier-1,PHANTOM_RTO_CHARGE,0.0,102.0,102.0,MEDIUM,2026-09-14 22:11:31.631484
AWB124250,BATCH-C,DTDC,M-004,Mumbai,Tier-1,DUPLICATE_SETTLEMENT,1.0,2.0,3400.0,HIGH,2026-09-14 22:11:31.913657
AWB124250,BATCH-C,DTDC,M-004,Mumbai,Tier-1,EXCESS_FORWARD_CHARGE,95.0,114.0,19.0,LOW,2026-09-14 22:11:32.127304
AWB124250,BATCH-DUP,DTDC,M-004,Mumbai,Tier-1,DUPLICATE_SETTLEMENT,1.0,2.0,3400.0,HIGH,2026-09-14 22:11:31.913657
AWB124250,BATCH-DUP,DTDC,M-004,Mumbai,Tier-1,EXCESS_FORWARD_CHARGE,95.0,114.0,19.0,LOW,2026-09-14 22:11:32.127304
AWB124251,BATCH-D,DTDC,M-015,Mumbai,Tier-1,EXCESS_FORWARD_CHARGE,65.0,78.0,13.0,LOW,2026-09-14 22:11:32.127304
AWB124254,BATCH-D,DTDC,M-008,Lucknow,Tier-3,PHANTOM_RTO_CHARGE,0.0,118.0,118.0,MEDIUM,2026-09-14 22:11:31.631484
AWB124259,BATCH-C,Delhivery,M-006,Jaipur,Tier-3,COD_SHORT_REMITTANCE,5452.0,5114.0,338.0,MEDIUM,2026-09-14 22:10:12.726074
AWB124266,BATCH-C,Delhivery,M-001,Pune,Tier-2,COD_SHORT_REMITTANCE,3347.0,3132.0,215.0,MEDIUM,2026-09-14 22:10:12.726074
AWB124267,BATCH-A,DTDC,M-020,Jaipur,Tier-3,EXCESS_FORWARD_CHARGE,95.0,114.0,19.0,LOW,2026-09-14 22:11:32.127304
AWB124278,BATCH-A,Kwikship,M-001,Mumbai,Tier-1,PHANTOM_RTO_CHARGE,0.0,132.0,132.0,MEDIUM,2026-09-14 22:11:31.631484
AWB124282,BATCH-B,DTDC,M-017,Delhi,Tier-1,EXCESS_FORWARD_CHARGE,95.0,114.0,19.0,LOW,2026-09-14 22:11:32.127304
AWB124283,BATCH-B,Kwikship,M-010,Lucknow,Tier-3,ETA_SLA_BREACH,72.0,127.5,0.0,LOW,2026-09-14 22:11:32.038362
AWB124296,BATCH-B,Delhivery,M-020,Mumbai,Tier-1,PHANTOM_RTO_CHARGE,0.0,201.0,201.0,MEDIUM,2026-09-14 22:11:31.631484
AWB124311,BATCH-D,Bluedart,M-012,Jaipur,Tier-3,WEIGHT_DISPUTE,0.89,1.1,12.0,LOW,2026-09-14 22:11:31.453814
AWB124318,BATCH-D,DTDC,M-003,Mumbai,Tier-1,EXCESS_FORWARD_CHARGE,95.0,114.0,19.0,LOW,2026-09-14 22:11:32.127304
AWB124323,BATCH-C,Delhivery,M-006,Delhi,Tier-1,COD_SHORT_REMITTANCE,5910.0,5602.0,308.0,MEDIUM,2026-09-14 22:10:12.726074
AWB124325,BATCH-A,Bluedart,M-017,Jaipur,Tier-3,WEIGHT_DISPUTE,6.75,8.02,76.0,LOW,2026-09-14 22:11:31.453814
AWB124333,BATCH-A,Shiprocket,M-011,Lucknow,Tier-3,PHANTOM_RTO_CHARGE,0.0,112.0,112.0,MEDIUM,2026-09-14 22:11:31.631484
AWB124341,BATCH-B,Kwikship,M-009,Jaipur,Tier-3,ETA_SLA_BREACH,72.0,118.7,0.0,LOW,2026-09-14 22:11:32.038362
AWB124346,BATCH-A,Kwikship,M-012,Jaipur,Tier-3,ETA_SLA_BREACH,72.0,123.7,0.0,LOW,2026-09-14 22:11:32.038362
AWB124355,BATCH-C,Bluedart,M-020,Jaipur,Tier-3,WEIGHT_DISPUTE,6.85,8.88,121.0,MEDIUM,2026-09-14 22:11:31.453814
AWB124358,BATCH-B,Bluedart,M-003,Lucknow,Tier-3,WEIGHT_DISPUTE,6.4,7.96,93.0,LOW,2026-09-14 22:11:31.453814
AWB124360,BATCH-C,DTDC,M-014,Delhi,Tier-1,EXCESS_FORWARD_CHARGE,65.0,78.0,13.0,LOW,2026-09-14 22:11:32.127304
AWB124361,BATCH-A,Bluedart,M-001,Lucknow,Tier-3,PHANTOM_RTO_CHARGE,0.0,239.0,239.0,MEDIUM,2026-09-14 22:11:31.631484
AWB124363,BATCH-A,DTDC,M-015,Lucknow,Tier-3,EXCESS_FORWARD_CHARGE,95.0,114.0,19.0,LOW,2026-09-14 22:11:32.127304
AWB124364,BATCH-B,DTDC,M-016,Mumbai,Tier-1,EXCESS_FORWARD_CHARGE,95.0,114.0,19.0,LOW,2026-09-14 22:11:32.127304
AWB124369,BATCH-A,Shiprocket,M-015,Indore,Tier-2,DUPLICATE_SETTLEMENT,1.0,2.0,0.0,HIGH,2026-09-14 22:11:31.913657
AWB124369,BATCH-DUP,Shiprocket,M-015,Indore,Tier-2,DUPLICATE_SETTLEMENT,1.0,2.0,0.0,HIGH,2026-09-14 22:11:31.913657
AWB124372,BATCH-C,Kwikship,M-011,Jaipur,Tier-3,ETA_SLA_BREACH,72.0,139.0,0.0,LOW,2026-09-14 22:11:32.038362
AWB124375,BATCH-A,Bluedart,M-011,Lucknow,Tier-3,WEIGHT_DISPUTE,6.1,7.69,95.0,LOW,2026-09-14 22:11:31.453814
AWB124378,BATCH-C,Kwikship,M-012,Lucknow,Tier-3,ETA_SLA_BREACH,72.0,121.2,0.0,LOW,2026-09-14 22:11:32.038362
AWB124382,BATCH-B,DTDC,M-005,Jaipur,Tier-3,EXCESS_FORWARD_CHARGE,95.0,114.0,19.0,LOW,2026-09-14 22:11:32.127304
AWB124387,BATCH-A,Kwikship,M-006,Jaipur,Tier-3,ETA_SLA_BREACH,72.0,110.1,0.0,LOW,2026-09-14 22:11:32.038362
AWB124388,BATCH-C,Delhivery,M-016,Pune,Tier-2,COD_SHORT_REMITTANCE,5680.0,5360.0,320.0,MEDIUM,2026-09-14 22:10:12.726074
AWB124390,BATCH-D,DTDC,M-005,Mumbai,Tier-1,EXCESS_FORWARD_CHARGE,65.0,78.0,13.0,LOW,2026-09-14 22:11:32.127304
AWB124391,BATCH-B,Delhivery,M-019,Delhi,Tier-1,COD_SHORT_REMITTANCE,3639.0,3447.0,192.0,MEDIUM,2026-09-14 22:10:12.726074
AWB124397,BATCH-B,DTDC,M-002,Delhi,Tier-1,DUPLICATE_SETTLEMENT,1.0,2.0,0.0,HIGH,2026-09-14 22:11:31.913657
AWB124397,BATCH-B,DTDC,M-002,Delhi,Tier-1,EXCESS_FORWARD_CHARGE,95.0,114.0,19.0,LOW,2026-09-14 22:11:32.127304
AWB124397,BATCH-B,DTDC,M-002,Delhi,Tier-1,PHANTOM_RTO_CHARGE,0.0,154.0,154.0,MEDIUM,2026-09-14 22:11:31.631484
AWB124397,BATCH-DUP,DTDC,M-002,Delhi,Tier-1,DUPLICATE_SETTLEMENT,1.0,2.0,0.0,HIGH,2026-09-14 22:11:31.913657
AWB124397,BATCH-DUP,DTDC,M-002,Delhi,Tier-1,EXCESS_FORWARD_CHARGE,95.0,114.0,19.0,LOW,2026-09-14 22:11:32.127304
AWB124397,BATCH-DUP,DTDC,M-002,Delhi,Tier-1,PHANTOM_RTO_CHARGE,0.0,154.0,154.0,MEDIUM,2026-09-14 22:11:31.631484
AWB124400,BATCH-B,DTDC,M-003,Indore,Tier-2,EXCESS_FORWARD_CHARGE,95.0,114.0,19.0,LOW,2026-09-14 22:11:32.127304
AWB124401,BATCH-D,Bluedart,M-003,Lucknow,Tier-3,WEIGHT_DISPUTE,7.98,9.9,115.0,MEDIUM,2026-09-14 22:11:31.453814
AWB124403,BATCH-B,Bluedart,M-010,Lucknow,Tier-3,PHANTOM_RTO_CHARGE,0.0,160.0,160.0,MEDIUM,2026-09-14 22:11:31.631484
AWB124408,BATCH-C,DTDC,M-011,Indore,Tier-2,EXCESS_FORWARD_CHARGE,95.0,114.0,19.0,LOW,2026-09-14 22:11:32.127304
AWB124410,BATCH-C,Bluedart,M-019,Lucknow,Tier-3,WEIGHT_DISPUTE,3.14,3.93,47.0,LOW,2026-09-14 22:11:31.453814
AWB124414,BATCH-D,Bluedart,M-017,Lucknow,Tier-3,PHANTOM_RTO_CHARGE,0.0,192.0,192.0,MEDIUM,2026-09-14 22:11:31.631484
AWB124414,BATCH-D,Bluedart,M-017,Lucknow,Tier-3,WEIGHT_DISPUTE,1.21,1.46,15.0,LOW,2026-09-14 22:11:31.453814
AWB124418,BATCH-A,DTDC,M-007,Lucknow,Tier-3,EXCESS_FORWARD_CHARGE,65.0,78.0,13.0,LOW,2026-09-14 22:11:32.127304
AWB124419,BATCH-C,DTDC,M-006,Indore,Tier-2,EXCESS_FORWARD_CHARGE,65.0,78.0,13.0,LOW,2026-09-14 22:11:32.127304
AWB124422,BATCH-A,Delhivery,M-009,Pune,Tier-2,COD_SHORT_REMITTANCE,3683.0,3491.0,192.0,MEDIUM,2026-09-14 22:10:12.726074
AWB124422,BATCH-A,Delhivery,M-009,Pune,Tier-2,PHANTOM_RTO_CHARGE,0.0,175.0,175.0,MEDIUM,2026-09-14 22:11:31.631484
AWB124425,BATCH-A,DTDC,M-015,Pune,Tier-2,EXCESS_FORWARD_CHARGE,95.0,114.0,19.0,LOW,2026-09-14 22:11:32.127304
AWB124430,BATCH-A,Delhivery,M-017,Pune,Tier-2,COD_SHORT_REMITTANCE,3437.0,3292.0,145.0,MEDIUM,2026-09-14 22:10:12.726074
AWB124436,BATCH-C,Kwikship,M-002,Mumbai,Tier-1,PHANTOM_RTO_CHARGE,0.0,188.0,188.0,MEDIUM,2026-09-14 22:11:31.631484
AWB124437,BATCH-C,DTDC,M-002,Delhi,Tier-1,EXCESS_FORWARD_CHARGE,95.0,114.0,19.0,LOW,2026-09-14 22:11:32.127304
AWB124444,BATCH-D,Shiprocket,M-016,Indore,Tier-2,PHANTOM_RTO_CHARGE,0.0,192.0,192.0,MEDIUM,2026-09-14 22:11:31.631484
AWB124445,BATCH-B,Delhivery,M-008,Pune,Tier-2,COD_SHORT_REMITTANCE,3829.0,3616.0,213.0,MEDIUM,2026-09-14 22:10:12.726074
AWB124445,BATCH-B,Delhivery,M-008,Pune,Tier-2,PHANTOM_RTO_CHARGE,0.0,169.0,169.0,MEDIUM,2026-09-14 22:11:31.631484
AWB124449,BATCH-B,Kwikship,M-001,Jaipur,Tier-3,PHANTOM_RTO_CHARGE,0.0,241.0,241.0,MEDIUM,2026-09-14 22:11:31.631484
AWB124457,BATCH-D,DTDC,M-009,Lucknow,Tier-3,EXCESS_FORWARD_CHARGE,42.0,50.0,8.0,LOW,2026-09-14 22:11:32.127304
AWB124459,BATCH-D,Shiprocket,M-005,Jaipur,Tier-3,PHANTOM_RTO_CHARGE,0.0,124.0,124.0,MEDIUM,2026-09-14 22:11:31.631484
AWB124462,BATCH-B,Shiprocket,M-007,Mumbai,Tier-1,PHANTOM_RTO_CHARGE,0.0,213.0,213.0,MEDIUM,2026-09-14 22:11:31.631484
AWB124465,BATCH-A,Kwikship,M-009,Lucknow,Tier-3,ETA_SLA_BREACH,72.0,133.7,0.0,LOW,2026-09-14 22:11:32.038362
AWB124465,BATCH-A,Kwikship,M-009,Lucknow,Tier-3,PHANTOM_RTO_CHARGE,0.0,144.0,144.0,MEDIUM,2026-09-14 22:11:31.631484
AWB124470,BATCH-C,DTDC,M-018,Mumbai,Tier-1,EXCESS_FORWARD_CHARGE,65.0,78.0,13.0,LOW,2026-09-14 22:11:32.127304
AWB124489,BATCH-B,Delhivery,M-007,Mumbai,Tier-1,COD_SHORT_REMITTANCE,3293.0,3098.0,195.0,MEDIUM,2026-09-14 22:10:12.726074
AWB124489,BATCH-B,Delhivery,M-007,Mumbai,Tier-1,DUPLICATE_SETTLEMENT,1.0,2.0,3098.0,HIGH,2026-09-14 22:11:31.913657
AWB124489,BATCH-DUP,Delhivery,M-007,Mumbai,Tier-1,COD_SHORT_REMITTANCE,3293.0,3098.0,195.0,MEDIUM,2026-09-14 22:10:12.726074
AWB124489,BATCH-DUP,Delhivery,M-007,Mumbai,Tier-1,DUPLICATE_SETTLEMENT,1.0,2.0,3098.0,HIGH,2026-09-14 22:11:31.913657
AWB124491,BATCH-B,Delhivery,M-017,Mumbai,Tier-1,PHANTOM_RTO_CHARGE,0.0,144.0,144.0,MEDIUM,2026-09-14 22:11:31.631484
AWB124493,BATCH-A,Shiprocket,M-004,Jaipur,Tier-3,OVERDUE_REMITTANCE,14.0,21.0,0.0,MEDIUM,2026-09-14 22:11:31.791087
AWB124496,BATCH-C,DTDC,M-006,Mumbai,Tier-1,PHANTOM_RTO_CHARGE,0.0,120.0,120.0,MEDIUM,2026-09-14 22:11:31.631484
AWB124503,BATCH-B,Bluedart,M-003,Jaipur,Tier-3,WEIGHT_DISPUTE,2.45,2.92,28.0,LOW,2026-09-14 22:11:31.453814
AWB124505,BATCH-D,Delhivery,M-013,Mumbai,Tier-1,PHANTOM_RTO_CHARGE,0.0,203.0,203.0,MEDIUM,2026-09-14 22:11:31.631484
AWB124507,BATCH-D,Kwikship,M-018,Indore,Tier-2,PHANTOM_RTO_CHARGE,0.0,175.0,175.0,MEDIUM,2026-09-14 22:11:31.631484
AWB124513,BATCH-A,DTDC,M-016,Delhi,Tier-1,EXCESS_FORWARD_CHARGE,95.0,114.0,19.0,LOW,2026-09-14 22:11:32.127304
AWB124519,BATCH-B,Shiprocket,M-007,Delhi,Tier-1,PHANTOM_RTO_CHARGE,0.0,196.0,196.0,MEDIUM,2026-09-14 22:11:31.631484
AWB124520,BATCH-B,Bluedart,M-013,Mumbai,Tier-1,PHANTOM_RTO_CHARGE,0.0,226.0,226.0,MEDIUM,2026-09-14 22:11:31.631484
AWB124521,BATCH-C,Bluedart,M-018,Lucknow,Tier-3,WEIGHT_DISPUTE,5.27,6.57,78.0,LOW,2026-09-14 22:11:31.453814
AWB124522,BATCH-B,Delhivery,M-007,Lucknow,Tier-3,COD_SHORT_REMITTANCE,5521.0,5150.0,371.0,MEDIUM,2026-09-14 22:10:12.726074
AWB124525,BATCH-B,Bluedart,M-009,Lucknow,Tier-3,WEIGHT_DISPUTE,2.87,3.55,41.0,LOW,2026-09-14 22:11:31.453814
AWB124526,BATCH-C,Shiprocket,M-002,Delhi,Tier-1,OVERDUE_REMITTANCE,14.0,20.0,5942.0,MEDIUM,2026-09-14 22:11:31.791087
AWB124527,BATCH-C,DTDC,M-009,Lucknow,Tier-3,PHANTOM_RTO_CHARGE,0.0,143.0,143.0,MEDIUM,2026-09-14 22:11:31.631484
AWB124528,BATCH-A,DTDC,M-020,Mumbai,Tier-1,EXCESS_FORWARD_CHARGE,95.0,114.0,19.0,LOW,2026-09-14 22:11:32.127304
AWB124529,BATCH-A,Bluedart,M-002,Lucknow,Tier-3,WEIGHT_DISPUTE,2.28,2.78,30.0,LOW,2026-09-14 22:11:31.453814
AWB124532,BATCH-A,Bluedart,M-004,Jaipur,Tier-3,WEIGHT_DISPUTE,5.9,7.12,73.0,LOW,2026-09-14 22:11:31.453814
AWB124536,BATCH-B,Delhivery,M-007,Mumbai,Tier-1,COD_SHORT_REMITTANCE,4274.0,4002.0,272.0,MEDIUM,2026-09-14 22:10:12.726074
AWB124536,BATCH-B,Delhivery,M-007,Mumbai,Tier-1,PHANTOM_RTO_CHARGE,0.0,206.0,206.0,MEDIUM,2026-09-14 22:11:31.631484
AWB124538,BATCH-B,DTDC,M-016,Pune,Tier-2,PHANTOM_RTO_CHARGE,0.0,237.0,237.0,MEDIUM,2026-09-14 22:11:31.631484
AWB124539,BATCH-C,Delhivery,M-017,Indore,Tier-2,COD_SHORT_REMITTANCE,5064.0,4783.0,281.0,MEDIUM,2026-09-14 22:10:12.726074
AWB124540,BATCH-D,DTDC,M-009,Delhi,Tier-1,EXCESS_FORWARD_CHARGE,95.0,114.0,19.0,LOW,2026-09-14 22:11:32.127304
AWB124544,BATCH-D,DTDC,M-013,Mumbai,Tier-1,PHANTOM_RTO_CHARGE,0.0,244.0,244.0,MEDIUM,2026-09-14 22:11:31.631484
AWB124547,BATCH-B,Shiprocket,M-006,Indore,Tier-2,OVERDUE_REMITTANCE,14.0,23.0,3302.0,MEDIUM,2026-09-14 22:11:31.791087
AWB124554,BATCH-B,DTDC,M-003,Mumbai,Tier-1,PHANTOM_RTO_CHARGE,0.0,243.0,243.0,MEDIUM,2026-09-14 22:11:31.631484
AWB124557,BATCH-D,DTDC,M-014,Delhi,Tier-1,EXCESS_FORWARD_CHARGE,95.0,114.0,19.0,LOW,2026-09-14 22:11:32.127304
AWB124562,BATCH-B,DTDC,M-018,Pune,Tier-2,EXCESS_FORWARD_CHARGE,42.0,50.0,8.0,LOW,2026-09-14 22:11:32.127304
AWB124564,BATCH-D,Bluedart,M-013,Lucknow,Tier-3,WEIGHT_DISPUTE,6.48,7.98,90.0,LOW,2026-09-14 22:11:31.453814
AWB124567,BATCH-C,Kwikship,M-010,Mumbai,Tier-1,PHANTOM_RTO_CHARGE,0.0,110.0,110.0,MEDIUM,2026-09-14 22:11:31.631484
AWB124575,BATCH-B,DTDC,M-009,Pune,Tier-2,DUPLICATE_SETTLEMENT,1.0,2.0,0.0,HIGH,2026-09-14 22:11:31.913657
AWB124575,BATCH-DUP,DTDC,M-009,Pune,Tier-2,DUPLICATE_SETTLEMENT,1.0,2.0,0.0,HIGH,2026-09-14 22:11:31.913657
AWB124578,BATCH-A,Bluedart,M-011,Jaipur,Tier-3,WEIGHT_DISPUTE,4.87,6.15,77.0,LOW,2026-09-14 22:11:31.453814
AWB124583,BATCH-D,Bluedart,M-012,Jaipur,Tier-3,WEIGHT_DISPUTE,1.6,1.9,18.0,LOW,2026-09-14 22:11:31.453814
AWB124585,BATCH-B,Bluedart,M-016,Lucknow,Tier-3,WEIGHT_DISPUTE,8.09,10.03,116.0,MEDIUM,2026-09-14 22:11:31.453814
AWB124589,BATCH-B,Shiprocket,M-017,Lucknow,Tier-3,OVERDUE_REMITTANCE,14.0,23.0,0.0,MEDIUM,2026-09-14 22:11:31.791087
AWB124590,BATCH-D,Shiprocket,M-002,Mumbai,Tier-1,PHANTOM_RTO_CHARGE,0.0,105.0,105.0,MEDIUM,2026-09-14 22:11:31.631484
AWB124594,BATCH-B,Delhivery,M-019,Pune,Tier-2,COD_SHORT_REMITTANCE,4726.0,4474.0,252.0,MEDIUM,2026-09-14 22:10:12.726074
AWB124595,BATCH-D,Shiprocket,M-002,Indore,Tier-2,DUPLICATE_SETTLEMENT,1.0,2.0,5946.0,HIGH,2026-09-14 22:11:31.913657
AWB124595,BATCH-D,Shiprocket,M-002,Indore,Tier-2,PHANTOM_RTO_CHARGE,0.0,182.0,182.0,MEDIUM,2026-09-14 22:11:31.631484
AWB124595,BATCH-DUP,Shiprocket,M-002,Indore,Tier-2,DUPLICATE_SETTLEMENT,1.0,2.0,5946.0,HIGH,2026-09-14 22:11:31.913657
AWB124595,BATCH-DUP,Shiprocket,M-002,Indore,Tier-2,PHANTOM_RTO_CHARGE,0.0,182.0,182.0,MEDIUM,2026-09-14 22:11:31.631484
AWB124597,BATCH-A,Delhivery,M-020,Pune,Tier-2,PHANTOM_RTO_CHARGE,0.0,200.0,200.0,MEDIUM,2026-09-14 22:11:31.631484
AWB124603,BATCH-B,Bluedart,M-020,Jaipur,Tier-3,WEIGHT_DISPUTE,2.22,2.83,36.0,LOW,2026-09-14 22:11:31.453814
AWB124604,BATCH-B,Kwikship,M-011,Jaipur,Tier-3,ETA_SLA_BREACH,72.0,141.7,0.0,LOW,2026-09-14 22:11:32.038362
AWB124605,BATCH-C,DTDC,M-008,Mumbai,Tier-1,EXCESS_FORWARD_CHARGE,95.0,114.0,19.0,LOW,2026-09-14 22:11:32.127304
AWB124615,BATCH-A,DTDC,M-020,Indore,Tier-2,EXCESS_FORWARD_CHARGE,95.0,114.0,19.0,LOW,2026-09-14 22:11:32.127304
AWB124619,BATCH-A,Shiprocket,M-006,Indore,Tier-2,OVERDUE_REMITTANCE,14.0,25.0,0.0,MEDIUM,2026-09-14 22:11:31.791087
AWB124620,BATCH-A,Kwikship,M-009,Jaipur,Tier-3,PHANTOM_RTO_CHARGE,0.0,127.0,127.0,MEDIUM,2026-09-14 22:11:31.631484
AWB124627,BATCH-B,Shiprocket,M-003,Indore,Tier-2,PHANTOM_RTO_CHARGE,0.0,125.0,125.0,MEDIUM,2026-09-14 22:11:31.631484
AWB124634,BATCH-D,Bluedart,M-007,Lucknow,Tier-3,WEIGHT_DISPUTE,2.37,2.85,29.0,LOW,2026-09-14 22:11:31.453814
AWB124635,BATCH-C,Shiprocket,M-003,Mumbai,Tier-1,OVERDUE_REMITTANCE,14.0,27.0,857.0,MEDIUM,2026-09-14 22:11:31.791087
AWB124636,BATCH-D,Shiprocket,M-002,Jaipur,Tier-3,OVERDUE_REMITTANCE,14.0,24.0,0.0,MEDIUM,2026-09-14 22:11:31.791087
AWB124644,BATCH-D,DTDC,M-010,Mumbai,Tier-1,EXCESS_FORWARD_CHARGE,95.0,114.0,19.0,LOW,2026-09-14 22:11:32.127304
AWB124647,BATCH-C,DTDC,M-006,Lucknow,Tier-3,EXCESS_FORWARD_CHARGE,95.0,114.0,19.0,LOW,2026-09-14 22:11:32.127304
AWB124652,BATCH-C,Delhivery,M-008,Pune,Tier-2,PHANTOM_RTO_CHARGE,0.0,196.0,196.0,MEDIUM,2026-09-14 22:11:31.631484
AWB124655,BATCH-B,DTDC,M-010,Pune,Tier-2,EXCESS_FORWARD_CHARGE,95.0,114.0,19.0,LOW,2026-09-14 22:11:32.127304
AWB124657,BATCH-B,Kwikship,M-013,Jaipur,Tier-3,ETA_SLA_BREACH,72.0,142.3,0.0,LOW,2026-09-14 22:11:32.038362
AWB124659,BATCH-A,Bluedart,M-009,Lucknow,Tier-3,WEIGHT_DISPUTE,6.83,8.91,125.0,MEDIUM,2026-09-14 22:11:31.453814
AWB124660,BATCH-C,Shiprocket,M-001,Lucknow,Tier-3,OVERDUE_REMITTANCE,14.0,20.0,0.0,MEDIUM,2026-09-14 22:11:31.791087
AWB124667,BATCH-C,DTDC,M-012,Indore,Tier-2,EXCESS_FORWARD_CHARGE,95.0,114.0,19.0,LOW,2026-09-14 22:11:32.127304
AWB124668,BATCH-A,Delhivery,M-015,Delhi,Tier-1,COD_SHORT_REMITTANCE,4765.0,4505.0,260.0,MEDIUM,2026-09-14 22:10:12.726074
AWB124673,BATCH-A,Shiprocket,M-013,Indore,Tier-2,OVERDUE_REMITTANCE,14.0,26.0,4782.0,MEDIUM,2026-09-14 22:11:31.791087
AWB124685,BATCH-A,Shiprocket,M-011,Mumbai,Tier-1,OVERDUE_REMITTANCE,14.0,19.0,5565.0,MEDIUM,2026-09-14 22:11:31.791087
AWB124687,BATCH-B,Bluedart,M-009,Lucknow,Tier-3,PHANTOM_RTO_CHARGE,0.0,105.0,105.0,MEDIUM,2026-09-14 22:11:31.631484
AWB124687,BATCH-B,Bluedart,M-009,Lucknow,Tier-3,WEIGHT_DISPUTE,1.26,1.53,16.0,LOW,2026-09-14 22:11:31.453814
AWB124693,BATCH-D,Delhivery,M-008,Jaipur,Tier-3,COD_SHORT_REMITTANCE,4308.0,3967.0,341.0,MEDIUM,2026-09-14 22:10:12.726074
AWB124694,BATCH-C,Bluedart,M-012,Jaipur,Tier-3,WEIGHT_DISPUTE,0.81,0.99,11.0,LOW,2026-09-14 22:11:31.453814
AWB124698,BATCH-B,Shiprocket,M-013,Mumbai,Tier-1,OVERDUE_REMITTANCE,14.0,25.0,0.0,MEDIUM,2026-09-14 22:11:31.791087
AWB124698,BATCH-B,Shiprocket,M-013,Mumbai,Tier-1,PHANTOM_RTO_CHARGE,0.0,147.0,147.0,MEDIUM,2026-09-14 22:11:31.631484
AWB124701,BATCH-C,Bluedart,M-004,Lucknow,Tier-3,WEIGHT_DISPUTE,6.69,8.3,97.0,LOW,2026-09-14 22:11:31.453814
AWB124719,BATCH-D,Bluedart,M-018,Delhi,Tier-1,PHANTOM_RTO_CHARGE,0.0,174.0,174.0,MEDIUM,2026-09-14 22:11:31.631484
AWB124722,BATCH-A,Shiprocket,M-007,Lucknow,Tier-3,OVERDUE_REMITTANCE,14.0,18.0,0.0,MEDIUM,2026-09-14 22:11:31.791087
AWB124723,BATCH-A,Delhivery,M-018,Delhi,Tier-1,DUPLICATE_SETTLEMENT,1.0,2.0,0.0,HIGH,2026-09-14 22:11:31.913657
AWB124723,BATCH-DUP,Delhivery,M-018,Delhi,Tier-1,DUPLICATE_SETTLEMENT,1.0,2.0,0.0,HIGH,2026-09-14 22:11:31.913657
AWB124725,BATCH-A,Shiprocket,M-003,Jaipur,Tier-3,PHANTOM_RTO_CHARGE,0.0,119.0,119.0,MEDIUM,2026-09-14 22:11:31.631484
AWB124726,BATCH-B,Delhivery,M-013,Mumbai,Tier-1,COD_SHORT_REMITTANCE,4484.0,4254.0,230.0,MEDIUM,2026-09-14 22:10:12.726074
AWB124729,BATCH-B,Shiprocket,M-020,Jaipur,Tier-3,PHANTOM_RTO_CHARGE,0.0,144.0,144.0,MEDIUM,2026-09-14 22:11:31.631484
AWB124732,BATCH-B,Delhivery,M-004,Indore,Tier-2,COD_SHORT_REMITTANCE,4524.0,4166.0,358.0,MEDIUM,2026-09-14 22:10:12.726074
AWB124743,BATCH-D,Bluedart,M-013,Jaipur,Tier-3,WEIGHT_DISPUTE,4.27,5.35,65.0,LOW,2026-09-14 22:11:31.453814
AWB124749,BATCH-D,DTDC,M-002,Jaipur,Tier-3,EXCESS_FORWARD_CHARGE,95.0,114.0,19.0,LOW,2026-09-14 22:11:32.127304
AWB124754,BATCH-C,Delhivery,M-008,Delhi,Tier-1,DUPLICATE_SETTLEMENT,1.0,2.0,5246.0,HIGH,2026-09-14 22:11:31.913657
AWB124754,BATCH-DUP,Delhivery,M-008,Delhi,Tier-1,DUPLICATE_SETTLEMENT,1.0,2.0,5246.0,HIGH,2026-09-14 22:11:31.913657
AWB124764,BATCH-D,Bluedart,M-014,Delhi,Tier-1,PHANTOM_RTO_CHARGE,0.0,241.0,241.0,MEDIUM,2026-09-14 22:11:31.631484
AWB124771,BATCH-D,Kwikship,M-016,Jaipur,Tier-3,ETA_SLA_BREACH,72.0,119.4,0.0,LOW,2026-09-14 22:11:32.038362
AWB124773,BATCH-B,DTDC,M-018,Indore,Tier-2,DUPLICATE_SETTLEMENT,1.0,2.0,0.0,HIGH,2026-09-14 22:11:31.913657
AWB124773,BATCH-DUP,DTDC,M-018,Indore,Tier-2,DUPLICATE_SETTLEMENT,1.0,2.0,0.0,HIGH,2026-09-14 22:11:31.913657
AWB124775,BATCH-D,Delhivery,M-008,Jaipur,Tier-3,PHANTOM_RTO_CHARGE,0.0,227.0,227.0,MEDIUM,2026-09-14 22:11:31.631484
AWB124776,BATCH-C,DTDC,M-008,Delhi,Tier-1,EXCESS_FORWARD_CHARGE,95.0,114.0,19.0,LOW,2026-09-14 22:11:32.127304
AWB124778,BATCH-D,DTDC,M-012,Pune,Tier-2,EXCESS_FORWARD_CHARGE,95.0,114.0,19.0,LOW,2026-09-14 22:11:32.127304
AWB124792,BATCH-D,Bluedart,M-020,Lucknow,Tier-3,WEIGHT_DISPUTE,7.19,8.56,82.0,LOW,2026-09-14 22:11:31.453814
AWB124795,BATCH-C,Delhivery,M-017,Lucknow,Tier-3,COD_SHORT_REMITTANCE,5589.0,5160.0,429.0,MEDIUM,2026-09-14 22:10:12.726074
AWB124808,BATCH-C,DTDC,M-009,Indore,Tier-2,EXCESS_FORWARD_CHARGE,95.0,114.0,19.0,LOW,2026-09-14 22:11:32.127304
AWB124811,BATCH-A,Shiprocket,M-003,Jaipur,Tier-3,OVERDUE_REMITTANCE,14.0,20.0,1845.0,MEDIUM,2026-09-14 22:11:31.791087
AWB124812,BATCH-B,Delhivery,M-002,Lucknow,Tier-3,COD_SHORT_REMITTANCE,5342.0,4963.0,379.0,MEDIUM,2026-09-14 22:10:12.726074
AWB124813,BATCH-C,DTDC,M-018,Lucknow,Tier-3,EXCESS_FORWARD_CHARGE,95.0,114.0,19.0,LOW,2026-09-14 22:11:32.127304
AWB124819,BATCH-A,Delhivery,M-020,Pune,Tier-2,COD_SHORT_REMITTANCE,4309.0,4128.0,181.0,MEDIUM,2026-09-14 22:10:12.726074
AWB124833,BATCH-A,DTDC,M-005,Mumbai,Tier-1,EXCESS_FORWARD_CHARGE,95.0,114.0,19.0,LOW,2026-09-14 22:11:32.127304
AWB124835,BATCH-B,Bluedart,M-016,Lucknow,Tier-3,PHANTOM_RTO_CHARGE,0.0,102.0,102.0,MEDIUM,2026-09-14 22:11:31.631484
AWB124839,BATCH-B,Kwikship,M-017,Jaipur,Tier-3,ETA_SLA_BREACH,72.0,122.9,0.0,LOW,2026-09-14 22:11:32.038362
AWB124844,BATCH-D,Delhivery,M-018,Pune,Tier-2,COD_SHORT_REMITTANCE,5218.0,4831.0,387.0,MEDIUM,2026-09-14 22:10:12.726074
AWB124846,BATCH-C,DTDC,M-007,Mumbai,Tier-1,EXCESS_FORWARD_CHARGE,95.0,114.0,19.0,LOW,2026-09-14 22:11:32.127304
AWB124852,BATCH-B,Bluedart,M-013,Indore,Tier-2,DUPLICATE_SETTLEMENT,1.0,2.0,2590.0,HIGH,2026-09-14 22:11:31.913657
AWB124852,BATCH-DUP,Bluedart,M-013,Indore,Tier-2,DUPLICATE_SETTLEMENT,1.0,2.0,2590.0,HIGH,2026-09-14 22:11:31.913657
AWB124853,BATCH-B,Shiprocket,M-015,Delhi,Tier-1,PHANTOM_RTO_CHARGE,0.0,119.0,119.0,MEDIUM,2026-09-14 22:11:31.631484
AWB124859,BATCH-A,DTDC,M-017,Mumbai,Tier-1,EXCESS_FORWARD_CHARGE,65.0,78.0,13.0,LOW,2026-09-14 22:11:32.127304
AWB124859,BATCH-A,DTDC,M-017,Mumbai,Tier-1,PHANTOM_RTO_CHARGE,0.0,172.0,172.0,MEDIUM,2026-09-14 22:11:31.631484
AWB124862,BATCH-B,Shiprocket,M-007,Mumbai,Tier-1,PHANTOM_RTO_CHARGE,0.0,224.0,224.0,MEDIUM,2026-09-14 22:11:31.631484
AWB124863,BATCH-D,DTDC,M-008,Pune,Tier-2,DUPLICATE_SETTLEMENT,1.0,2.0,4892.0,HIGH,2026-09-14 22:11:31.913657
AWB124863,BATCH-DUP,DTDC,M-008,Pune,Tier-2,DUPLICATE_SETTLEMENT,1.0,2.0,4892.0,HIGH,2026-09-14 22:11:31.913657
AWB124867,BATCH-D,Bluedart,M-003,Lucknow,Tier-3,WEIGHT_DISPUTE,3.75,4.66,54.0,LOW,2026-09-14 22:11:31.453814
AWB124869,BATCH-D,Bluedart,M-010,Lucknow,Tier-3,WEIGHT_DISPUTE,6.0,7.11,67.0,LOW,2026-09-14 22:11:31.453814
AWB124871,BATCH-A,Delhivery,M-001,Lucknow,Tier-3,COD_SHORT_REMITTANCE,5101.0,4842.0,259.0,MEDIUM,2026-09-14 22:10:12.726074
AWB124873,BATCH-A,Delhivery,M-004,Indore,Tier-2,COD_SHORT_REMITTANCE,4703.0,4393.0,310.0,MEDIUM,2026-09-14 22:10:12.726074
AWB124880,BATCH-C,DTDC,M-007,Jaipur,Tier-3,EXCESS_FORWARD_CHARGE,95.0,114.0,19.0,LOW,2026-09-14 22:11:32.127304
AWB124882,BATCH-C,Kwikship,M-004,Delhi,Tier-1,PHANTOM_RTO_CHARGE,0.0,227.0,227.0,MEDIUM,2026-09-14 22:11:31.631484
AWB124883,BATCH-C,Delhivery,M-002,Mumbai,Tier-1,PHANTOM_RTO_CHARGE,0.0,152.0,152.0,MEDIUM,2026-09-14 22:11:31.631484
AWB124890,BATCH-B,DTDC,M-018,Indore,Tier-2,EXCESS_FORWARD_CHARGE,65.0,78.0,13.0,LOW,2026-09-14 22:11:32.127304
AWB124893,BATCH-C,Bluedart,M-019,Lucknow,Tier-3,WEIGHT_DISPUTE,7.24,9.13,114.0,MEDIUM,2026-09-14 22:11:31.453814
AWB124902,BATCH-A,DTDC,M-019,Pune,Tier-2,EXCESS_FORWARD_CHARGE,95.0,114.0,19.0,LOW,2026-09-14 22:11:32.127304
AWB124903,BATCH-C,DTDC,M-017,Mumbai,Tier-1,EXCESS_FORWARD_CHARGE,65.0,78.0,13.0,LOW,2026-09-14 22:11:32.127304
AWB124907,BATCH-B,DTDC,M-005,Jaipur,Tier-3,PHANTOM_RTO_CHARGE,0.0,116.0,116.0,MEDIUM,2026-09-14 22:11:31.631484
AWB124909,BATCH-C,Delhivery,M-001,Indore,Tier-2,COD_SHORT_REMITTANCE,3562.0,3356.0,206.0,MEDIUM,2026-09-14 22:10:12.726074
AWB124913,BATCH-B,Delhivery,M-011,Lucknow,Tier-3,COD_SHORT_REMITTANCE,4305.0,4023.0,282.0,MEDIUM,2026-09-14 22:10:12.726074
AWB124918,BATCH-A,DTDC,M-016,Jaipur,Tier-3,EXCESS_FORWARD_CHARGE,65.0,78.0,13.0,LOW,2026-09-14 22:11:32.127304
AWB124920,BATCH-A,DTDC,M-009,Lucknow,Tier-3,EXCESS_FORWARD_CHARGE,95.0,114.0,19.0,LOW,2026-09-14 22:11:32.127304
AWB124923,BATCH-B,Bluedart,M-005,Lucknow,Tier-3,WEIGHT_DISPUTE,6.7,8.73,122.0,MEDIUM,2026-09-14 22:11:31.453814
AWB124927,BATCH-C,Bluedart,M-010,Jaipur,Tier-3,WEIGHT_DISPUTE,4.78,5.94,70.0,LOW,2026-09-14 22:11:31.453814
AWB124933,BATCH-A,Bluedart,M-004,Jaipur,Tier-3,WEIGHT_DISPUTE,5.84,7.22,83.0,LOW,2026-09-14 22:11:31.453814
AWB124938,BATCH-C,DTDC,M-011,Pune,Tier-2,EXCESS_FORWARD_CHARGE,42.0,50.0,8.0,LOW,2026-09-14 22:11:32.127304
AWB124940,BATCH-A,DTDC,M-005,Mumbai,Tier-1,EXCESS_FORWARD_CHARGE,95.0,114.0,19.0,LOW,2026-09-14 22:11:32.127304
AWB124941,BATCH-C,Bluedart,M-003,Jaipur,Tier-3,WEIGHT_DISPUTE,1.86,2.2,21.0,LOW,2026-09-14 22:11:31.453814
AWB124943,BATCH-C,DTDC,M-007,Jaipur,Tier-3,EXCESS_FORWARD_CHARGE,95.0,114.0,19.0,LOW,2026-09-14 22:11:32.127304
AWB124953,BATCH-B,Bluedart,M-002,Jaipur,Tier-3,PHANTOM_RTO_CHARGE,0.0,119.0,119.0,MEDIUM,2026-09-14 22:11:31.631484
AWB124953,BATCH-B,Bluedart,M-002,Jaipur,Tier-3,WEIGHT_DISPUTE,5.33,6.47,68.0,LOW,2026-09-14 22:11:31.453814
AWB124954,BATCH-C,DTDC,M-004,Lucknow,Tier-3,EXCESS_FORWARD_CHARGE,95.0,114.0,19.0,LOW,2026-09-14 22:11:32.127304
AWB124954,BATCH-C,DTDC,M-004,Lucknow,Tier-3,PHANTOM_RTO_CHARGE,0.0,143.0,143.0,MEDIUM,2026-09-14 22:11:31.631484
AWB124962,BATCH-B,Delhivery,M-005,Delhi,Tier-1,PHANTOM_RTO_CHARGE,0.0,192.0,192.0,MEDIUM,2026-09-14 22:11:31.631484
AWB124965,BATCH-A,Delhivery,M-008,Jaipur,Tier-3,COD_SHORT_REMITTANCE,4319.0,4105.0,214.0,MEDIUM,2026-09-14 22:10:12.726074
AWB124966,BATCH-D,DTDC,M-001,Indore,Tier-2,EXCESS_FORWARD_CHARGE,65.0,78.0,13.0,LOW,2026-09-14 22:11:32.127304
AWB124970,BATCH-B,Kwikship,M-006,Lucknow,Tier-3,ETA_SLA_BREACH,72.0,109.5,0.0,LOW,2026-09-14 22:11:32.038362
AWB124971,BATCH-C,Shiprocket,M-020,Indore,Tier-2,PHANTOM_RTO_CHARGE,0.0,178.0,178.0,MEDIUM,2026-09-14 22:11:31.631484
AWB124974,BATCH-B,DTDC,M-017,Mumbai,Tier-1,EXCESS_FORWARD_CHARGE,95.0,114.0,19.0,LOW,2026-09-14 22:11:32.127304
AWB124975,BATCH-A,DTDC,M-004,Delhi,Tier-1,EXCESS_FORWARD_CHARGE,95.0,114.0,19.0,LOW,2026-09-14 22:11:32.127304
AWB124979,BATCH-B,Kwikship,M-005,Lucknow,Tier-3,ETA_SLA_BREACH,72.0,133.4,0.0,LOW,2026-09-14 22:11:32.038362
AWB124980,BATCH-A,DTDC,M-007,Mumbai,Tier-1,EXCESS_FORWARD_CHARGE,95.0,114.0,19.0,LOW,2026-09-14 22:11:32.127304
AWB124984,BATCH-D,Kwikship,M-012,Pune,Tier-2,PHANTOM_RTO_CHARGE,0.0,238.0,238.0,MEDIUM,2026-09-14 22:11:31.631484
