kpi_date,courier_,city,tier,orders,disputed_awbs,leakage_rs,avg_dso_days
2026-06-18,Delhivery,Mumbai,Tier-1,2,0,0.0,2.0
2026-06-18,Delhivery,Delhi,Tier-1,1,0,0.0,2.0
2026-06-18,Delhivery,Pune,Tier-2,1,0,0.0,2.0
2026-06-18,Delhivery,Indore,Tier-2,4,0,0.0,2.0
2026-06-18,Delhivery,Jaipur,Tier-3,1,0,0.0,2.0
2026-06-18,Delhivery,Lucknow,Tier-3,1,0,0.0,2.0
2026-06-18,Bluedart,Mumbai,Tier-1,1,0,0.0,2.0
2026-06-18,Bluedart,Delhi,Tier-1,2,1,174.0,2.0
2026-06-18,Bluedart,Jaipur,Tier-3,5,3,247.0,2.0
2026-06-18,Shiprocket,Mumbai,Tier-1,1,0,0.0,2.0
2026-06-18,Shiprocket,Pune,Tier-2,1,0,0.0,2.0
2026-06-18,Shiprocket,Indore,Tier-2,1,0,0.0,2.0
2026-06-18,Shiprocket,Jaipur,Tier-3,1,0,0.0,2.0
2026-06-18,Shiprocket,Lucknow,Tier-3,2,1,236.0,2.0
2026-06-18,DTDC,Mumbai,Tier-1,1,0,0.0,2.0
2026-06-18,DTDC,Delhi,Tier-1,3,2,117.0,2.0
2026-06-18,DTDC,Pune,Tier-2,2,0,0.0,2.0
2026-06-18,DTDC,Jaipur,Tier-3,1,0,0.0,2.0
2026-06-18,Kwikship,Mumbai,Tier-1,3,0,0.0,2.0
2026-06-18,Kwikship,Pune,Tier-2,3,0,0.0,2.0
2026-06-18,Kwikship,Jaipur,Tier-3,2,1,0.0,2.0
2026-06-18,Kwikship,Lucknow,Tier-3,1,0,0.0,2.0
2026-06-19,Delhivery,Mumbai,Tier-1,1,0,0.0,3.0
2026-06-19,Delhivery,Delhi,Tier-1,2,1,168.0,2.5
2026-06-19,Delhivery,Pune,Tier-2,1,1,335.0,3.0
2026-06-19,Delhivery,Indore,Tier-2,3,0,0.0,3.0
2026-06-19,Delhivery,Jaipur,Tier-3,2,1,339.0,2.0
2026-06-19,Delhivery,Lucknow,Tier-3,2,0,0.0,2.5
2026-06-19,Bluedart,Mumbai,Tier-1,4,0,0.0,2.5
2026-06-19,Bluedart,Delhi,Tier-1,1,0,0.0,3.0
2026-06-19,Bluedart,Pune,Tier-2,4,0,0.0,2.25
2026-06-19,Bluedart,Indore,Tier-2,6,0,0.0,2.17
2026-06-19,Bluedart,Jaipur,Tier-3,2,2,199.0,2.0
2026-06-19,Bluedart,Lucknow,Tier-3,1,1,81.0,2.0
2026-06-19,Shiprocket,Mumbai,Tier-1,2,1,189.0,2.5
2026-06-19,Shiprocket,Delhi,Tier-1,6,1,203.0,2.67
2026-06-19,Shiprocket,Pune,Tier-2,1,0,0.0,3.0
2026-06-19,Shiprocket,Indore,Tier-2,1,0,0.0,3.0
2026-06-19,Shiprocket,Jaipur,Tier-3,2,0,0.0,3.0
2026-06-19,Shiprocket,Lucknow,Tier-3,3,1,237.0,3.0
2026-06-19,DTDC,Mumbai,Tier-1,3,3,273.0,2.0
2026-06-19,DTDC,Delhi,Tier-1,3,2,32.0,3.0
2026-06-19,DTDC,Indore,Tier-2,1,1,19.0,2.0
2026-06-19,DTDC,Lucknow,Tier-3,2,0,0.0,2.5
2026-06-19,Kwikship,Mumbai,Tier-1,2,0,0.0,2.0
2026-06-19,Kwikship,Delhi,Tier-1,4,0,0.0,3.0
2026-06-19,Kwikship,Pune,Tier-2,3,0,0.0,2.67
2026-06-19,Kwikship,Indore,Tier-2,5,1,234.0,2.6
2026-06-19,Kwikship,Jaipur,Tier-3,2,1,0.0,2.5
2026-06-19,Kwikship,Lucknow,Tier-3,2,0,0.0,2.5
2026-06-20,Delhivery,Delhi,Tier-1,1,0,0.0,4.0
2026-06-20,Delhivery,Pune,Tier-2,4,0,0.0,2.75
2026-06-20,Delhivery,Indore,Tier-2,1,0,0.0,4.0
2026-06-20,Delhivery,Jaipur,Tier-3,1,0,0.0,2.0
2026-06-20,Delhivery,Lucknow,Tier-3,5,1,296.0,2.8
2026-06-20,Bluedart,Mumbai,Tier-1,4,1,0.0,3.0
2026-06-20,Bluedart,Delhi,Tier-1,2,0,0.0,3.0
2026-06-20,Bluedart,Pune,Tier-2,1,0,0.0,2.0
2026-06-20,Bluedart,Indore,Tier-2,4,0,0.0,2.5
2026-06-20,Bluedart,Jaipur,Tier-3,3,2,76.0,3.0
2026-06-20,Shiprocket,Mumbai,Tier-1,4,1,135.0,3.25
2026-06-20,Shiprocket,Delhi,Tier-1,4,0,0.0,3.25
2026-06-20,Shiprocket,Pune,Tier-2,4,0,0.0,2.75
2026-06-20,Shiprocket,Indore,Tier-2,7,0,0.0,2.71
2026-06-20,Shiprocket,Jaipur,Tier-3,3,0,0.0,3.33
2026-06-20,Shiprocket,Lucknow,Tier-3,6,0,0.0,2.67
2026-06-20,DTDC,Mumbai,Tier-1,1,1,19.0,4.0
2026-06-20,DTDC,Delhi,Tier-1,7,4,64.0,3.0
2026-06-20,DTDC,Pune,Tier-2,5,4,64.0,3.8
2026-06-20,DTDC,Indore,Tier-2,6,2,38.0,3.0
2026-06-20,DTDC,Jaipur,Tier-3,5,2,176.0,2.8
2026-06-20,DTDC,Lucknow,Tier-3,1,0,0.0,3.0
2026-06-20,Kwikship,Mumbai,Tier-1,1,0,0.0,4.0
2026-06-20,Kwikship,Delhi,Tier-1,4,0,0.0,3.25
2026-06-20,Kwikship,Pune,Tier-2,3,0,0.0,3.0
2026-06-20,Kwikship,Indore,Tier-2,2,1,214.0,3.5
2026-06-20,Kwikship,Jaipur,Tier-3,3,1,0.0,3.0
2026-06-20,Kwikship,Lucknow,Tier-3,6,2,132.0,2.86
2026-06-21,Delhivery,Mumbai,Tier-1,4,0,0.0,2.75
2026-06-21,Delhivery,Delhi,Tier-1,4,1,276.0,3.25
2026-06-21,Delhivery,Pune,Tier-2,4,3,845.0,2.5
2026-06-21,Delhivery,Indore,Tier-2,4,1,178.0,3.25
2026-06-21,Delhivery,Jaipur,Tier-3,4,1,303.0,3.25
2026-06-21,Delhivery,Lucknow,Tier-3,3,0,0.0,3.0
2026-06-21,Bluedart,Mumbai,Tier-1,6,1,127.0,3.5
2026-06-21,Bluedart,Delhi,Tier-1,6,0,0.0,3.5
2026-06-21,Bluedart,Pune,Tier-2,7,1,147.0,3.57
2026-06-21,Bluedart,Jaipur,Tier-3,10,6,282.0,3.8
2026-06-21,Bluedart,Lucknow,Tier-3,4,4,292.0,4.5
2026-06-21,Shiprocket,Mumbai,Tier-1,5,0,0.0,2.8
2026-06-21,Shiprocket,Delhi,Tier-1,8,0,0.0,3.25
2026-06-21,Shiprocket,Pune,Tier-2,6,0,0.0,2.67
2026-06-21,Shiprocket,Indore,Tier-2,4,0,0.0,3.75
2026-06-21,Shiprocket,Jaipur,Tier-3,5,0,0.0,3.2
2026-06-21,Shiprocket,Lucknow,Tier-3,1,0,0.0,2.0
2026-06-21,DTDC,Mumbai,Tier-1,2,2,179.0,3.67
2026-06-21,DTDC,Delhi,Tier-1,3,2,240.0,3.5
2026-06-21,DTDC,Pune,Tier-2,2,0,0.0,5.0
2026-06-21,DTDC,Indore,Tier-2,6,2,38.0,3.33
2026-06-21,DTDC,Jaipur,Tier-3,3,0,0.0,4.0
2026-06-21,DTDC,Lucknow,Tier-3,4,2,38.0,3.5
2026-06-21,Kwikship,Mumbai,Tier-1,7,1,162.0,3.14
2026-06-21,Kwikship,Delhi,Tier-1,6,0,0.0,3.5
2026-06-21,Kwikship,Pune,Tier-2,15,1,100.0,3.33
2026-06-21,Kwikship,Indore,Tier-2,2,0,0.0,4.0
2026-06-21,Kwikship,Jaipur,Tier-3,3,0,0.0,4.33
2026-06-21,Kwikship,Lucknow,Tier-3,9,2,0.0,4.0
2026-06-22,Delhivery,Mumbai,Tier-1,8,1,381.0,3.5
2026-06-22,Delhivery,Delhi,Tier-1,8,2,479.0,4.0
2026-06-22,Delhivery,Pune,Tier-2,7,2,587.0,4.14
2026-06-22,Delhivery,Indore,Tier-2,7,1,296.0,4.71
2026-06-22,Delhivery,Jaipur,Tier-3,6,2,316.0,4.17
2026-06-22,Delhivery,Lucknow,Tier-3,3,0,0.0,2.33
2026-06-22,Bluedart,Mumbai,Tier-1,4,1,221.0,4.75
2026-06-22,Bluedart,Delhi,Tier-1,1,0,0.0,6.0
2026-06-22,Bluedart,Pune,Tier-2,4,0,0.0,4.5
2026-06-22,Bluedart,Indore,Tier-2,4,0,0.0,2.5
2026-06-22,Bluedart,Jaipur,Tier-3,3,1,36.0,3.67
2026-06-22,Bluedart,Lucknow,Tier-3,1,1,91.0,4.0
2026-06-22,Shiprocket,Mumbai,Tier-1,3,0,0.0,4.33
2026-06-22,Shiprocket,Delhi,Tier-1,8,1,0.0,3.67
2026-06-22,Shiprocket,Pune,Tier-2,9,0,0.0,3.67
2026-06-22,Shiprocket,Indore,Tier-2,8,0,0.0,4.5
2026-06-22,Shiprocket,Jaipur,Tier-3,4,0,0.0,4.0
2026-06-22,Shiprocket,Lucknow,Tier-3,5,0,0.0,3.8
2026-06-22,DTDC,Mumbai,Tier-1,4,0,0.0,5.0
2026-06-22,DTDC,Delhi,Tier-1,5,1,13.0,4.8
2026-06-22,DTDC,Pune,Tier-2,2,2,27.0,5.5
2026-06-22,DTDC,Indore,Tier-2,4,2,26.0,3.0
2026-06-22,DTDC,Jaipur,Tier-3,3,2,38.0,4.67
2026-06-22,DTDC,Lucknow,Tier-3,5,3,51.0,4.6
2026-06-22,Kwikship,Mumbai,Tier-1,4,0,0.0,4.5
2026-06-22,Kwikship,Delhi,Tier-1,3,1,106.0,4.33
2026-06-22,Kwikship,Pune,Tier-2,4,2,331.0,4.75
2026-06-22,Kwikship,Indore,Tier-2,6,2,402.0,4.83
2026-06-22,Kwikship,Jaipur,Tier-3,6,2,221.0,3.43
2026-06-22,Kwikship,Lucknow,Tier-3,4,0,0.0,6.0
2026-06-23,Delhivery,Mumbai,Tier-1,7,1,548.0,3.75
2026-06-23,Delhivery,Delhi,Tier-1,10,2,396.0,5.1
2026-06-23,Delhivery,Pune,Tier-2,14,4,1219.0,4.57
2026-06-23,Delhivery,Indore,Tier-2,8,1,111.0,3.38
2026-06-23,Delhivery,Jaipur,Tier-3,4,0,0.0,4.75
2026-06-23,Delhivery,Lucknow,Tier-3,10,2,529.0,4.6
2026-06-23,Bluedart,Mumbai,Tier-1,8,0,0.0,5.25
2026-06-23,Bluedart,Delhi,Tier-1,5,1,0.0,5.83
2026-06-23,Bluedart,Pune,Tier-2,9,2,279.0,4.56
2026-06-23,Bluedart,Indore,Tier-2,16,0,0.0,3.63
2026-06-23,Bluedart,Jaipur,Tier-3,11,6,537.0,4.33
2026-06-23,Bluedart,Lucknow,Tier-3,9,6,564.0,5.2
2026-06-23,Shiprocket,Mumbai,Tier-1,9,1,0.0,4.9
2026-06-23,Shiprocket,Delhi,Tier-1,13,0,0.0,4.08
2026-06-23,Shiprocket,Pune,Tier-2,7,0,0.0,3.86
2026-06-23,Shiprocket,Indore,Tier-2,6,0,0.0,3.83
2026-06-23,Shiprocket,Jaipur,Tier-3,5,0,0.0,4.4
2026-06-23,Shiprocket,Lucknow,Tier-3,6,1,123.0,4.17
2026-06-23,DTDC,Mumbai,Tier-1,8,3,373.0,5.33
2026-06-23,DTDC,Delhi,Tier-1,10,1,19.0,4.6
2026-06-23,DTDC,Pune,Tier-2,7,3,34.0,4.71
2026-06-23,DTDC,Indore,Tier-2,8,5,219.0,3.5
2026-06-23,DTDC,Jaipur,Tier-3,6,1,19.0,5.0
2026-06-23,DTDC,Lucknow,Tier-3,8,4,58.0,4.63
2026-06-23,Kwikship,Mumbai,Tier-1,8,1,217.0,5.0
2026-06-23,Kwikship,Delhi,Tier-1,11,1,112.0,4.18
2026-06-23,Kwikship,Pune,Tier-2,9,1,0.0,5.4
2026-06-23,Kwikship,Indore,Tier-2,6,0,0.0,5.5
2026-06-23,Kwikship,Jaipur,Tier-3,13,3,0.0,4.56
2026-06-23,Kwikship,Lucknow,Tier-3,8,3,204.0,3.88
2026-06-24,Delhivery,Mumbai,Tier-1,5,0,0.0,4.0
2026-06-24,Delhivery,Delhi,Tier-1,12,2,517.0,5.0
2026-06-24,Delhivery,Pune,Tier-2,4,1,168.0,4.75
2026-06-24,Delhivery,Indore,Tier-2,3,0,0.0,5.33
2026-06-24,Delhivery,Jaipur,Tier-3,9,3,859.0,4.1
2026-06-24,Delhivery,Lucknow,Tier-3,7,4,1212.0,5.0
2026-06-24,Bluedart,Mumbai,Tier-1,8,0,0.0,4.88
2026-06-24,Bluedart,Delhi,Tier-1,13,2,160.0,4.86
2026-06-24,Bluedart,Pune,Tier-2,8,1,158.0,5.5
2026-06-24,Bluedart,Indore,Tier-2,11,1,132.0,5.27
2026-06-24,Bluedart,Jaipur,Tier-3,8,3,291.0,6.13
2026-06-24,Bluedart,Lucknow,Tier-3,10,3,268.0,5.0
2026-06-24,Shiprocket,Mumbai,Tier-1,9,1,179.0,4.78
2026-06-24,Shiprocket,Delhi,Tier-1,15,0,0.0,5.07
2026-06-24,Shiprocket,Pune,Tier-2,9,0,0.0,4.56
2026-06-24,Shiprocket,Indore,Tier-2,8,1,113.0,5.13
2026-06-24,Shiprocket,Jaipur,Tier-3,4,1,202.0,5.5
2026-06-24,Shiprocket,Lucknow,Tier-3,12,1,229.0,5.67
2026-06-24,DTDC,Mumbai,Tier-1,10,4,197.0,4.1
2026-06-24,DTDC,Delhi,Tier-1,11,3,40.0,3.91
2026-06-24,DTDC,Pune,Tier-2,10,3,45.0,5.4
2026-06-24,DTDC,Indore,Tier-2,5,1,392.0,6.25
2026-06-24,DTDC,Jaipur,Tier-3,7,2,146.0,6.57
2026-06-24,DTDC,Lucknow,Tier-3,10,4,171.0,5.9
2026-06-24,Kwikship,Mumbai,Tier-1,9,0,0.0,4.89
2026-06-24,Kwikship,Delhi,Tier-1,10,1,228.0,4.9
2026-06-24,Kwikship,Pune,Tier-2,10,0,0.0,3.5
2026-06-24,Kwikship,Indore,Tier-2,12,0,0.0,5.5
2026-06-24,Kwikship,Jaipur,Tier-3,8,2,208.0,6.36
2026-06-24,Kwikship,Lucknow,Tier-3,6,3,123.0,6.29
2026-06-25,Delhivery,Mumbai,Tier-1,11,2,581.0,4.91
2026-06-25,Delhivery,Delhi,Tier-1,7,0,0.0,3.71
2026-06-25,Delhivery,Pune,Tier-2,10,3,573.0,5.2
2026-06-25,Delhivery,Indore,Tier-2,2,0,0.0,5.5
2026-06-25,Delhivery,Jaipur,Tier-3,10,2,290.0,6.0
2026-06-25,Delhivery,Lucknow,Tier-3,5,1,0.0,5.5
2026-06-25,Bluedart,Mumbai,Tier-1,6,0,0.0,7.33
2026-06-25,Bluedart,Delhi,Tier-1,9,0,0.0,5.89
2026-06-25,Bluedart,Pune,Tier-2,12,2,468.0,5.83
2026-06-25,Bluedart,Indore,Tier-2,12,1,215.0,5.67
2026-06-25,Bluedart,Jaipur,Tier-3,12,8,590.0,4.33
2026-06-25,Bluedart,Lucknow,Tier-3,5,2,41.0,7.0
2026-06-25,Shiprocket,Mumbai,Tier-1,14,1,124.0,6.21
2026-06-25,Shiprocket,Delhi,Tier-1,10,1,106.0,4.8
2026-06-25,Shiprocket,Pune,Tier-2,4,0,0.0,6.0
2026-06-25,Shiprocket,Indore,Tier-2,15,0,0.0,5.6
2026-06-25,Shiprocket,Jaipur,Tier-3,10,1,8462.0,6.91
2026-06-25,Shiprocket,Lucknow,Tier-3,7,1,0.0,5.88
2026-06-25,DTDC,Mumbai,Tier-1,12,3,153.0,5.0
2026-06-25,DTDC,Delhi,Tier-1,10,4,70.0,6.0
2026-06-25,DTDC,Pune,Tier-2,12,4,220.0,5.83
2026-06-25,DTDC,Indore,Tier-2,10,4,53.0,5.1
2026-06-25,DTDC,Jaipur,Tier-3,12,6,296.0,5.25
2026-06-25,DTDC,Lucknow,Tier-3,12,4,70.0,5.08
2026-06-25,Kwikship,Mumbai,Tier-1,6,1,201.0,6.33
2026-06-25,Kwikship,Delhi,Tier-1,12,1,2708.0,6.38
2026-06-25,Kwikship,Pune,Tier-2,8,1,242.0,6.5
2026-06-25,Kwikship,Indore,Tier-2,10,0,0.0,5.3
2026-06-25,Kwikship,Jaipur,Tier-3,10,3,0.0,5.0
2026-06-25,Kwikship,Lucknow,Tier-3,10,2,0.0,6.5
2026-06-26,Delhivery,Mumbai,Tier-1,9,3,759.0,4.7
2026-06-26,Delhivery,Delhi,Tier-1,7,3,667.0,4.43
2026-06-26,Delhivery,Pune,Tier-2,9,2,391.0,4.89
2026-06-26,Delhivery,Indore,Tier-2,12,1,216.0,5.92
2026-06-26,Delhivery,Jaipur,Tier-3,14,4,469.0,4.27
2026-06-26,Delhivery,Lucknow,Tier-3,8,1,284.0,5.25
2026-06-26,Bluedart,Mumbai,Tier-1,13,1,208.0,6.92
2026-06-26,Bluedart,Delhi,Tier-1,14,0,0.0,5.21
2026-06-26,Bluedart,Pune,Tier-2,9,0,0.0,5.67
2026-06-26,Bluedart,Indore,Tier-2,9,1,2210.0,5.0
2026-06-26,Bluedart,Jaipur,Tier-3,10,4,479.0,5.64
2026-06-26,Bluedart,Lucknow,Tier-3,8,6,698.0,4.67
2026-06-26,Shiprocket,Mumbai,Tier-1,9,0,0.0,5.78
2026-06-26,Shiprocket,Delhi,Tier-1,7,0,0.0,5.86
2026-06-26,Shiprocket,Pune,Tier-2,5,0,0.0,4.2
2026-06-26,Shiprocket,Indore,Tier-2,9,0,0.0,6.22
2026-06-26,Shiprocket,Jaipur,Tier-3,6,1,110.0,4.5
2026-06-26,Shiprocket,Lucknow,Tier-3,9,1,0.0,5.0
2026-06-26,DTDC,Mumbai,Tier-1,8,5,300.0,7.13
2026-06-26,DTDC,Delhi,Tier-1,7,5,404.0,6.67
2026-06-26,DTDC,Pune,Tier-2,6,2,250.0,6.43
2026-06-26,DTDC,Indore,Tier-2,4,1,19.0,4.0
2026-06-26,DTDC,Jaipur,Tier-3,14,8,449.0,5.0
2026-06-26,DTDC,Lucknow,Tier-3,9,2,162.0,6.22
2026-06-26,Kwikship,Mumbai,Tier-1,12,0,0.0,6.17
2026-06-26,Kwikship,Delhi,Tier-1,6,0,0.0,5.0
2026-06-26,Kwikship,Pune,Tier-2,10,0,0.0,4.3
2026-06-26,Kwikship,Indore,Tier-2,8,0,0.0,5.13
2026-06-26,Kwikship,Jaipur,Tier-3,5,1,0.0,6.6
2026-06-26,Kwikship,Lucknow,Tier-3,6,2,0.0,5.83
2026-06-27,Delhivery,Mumbai,Tier-1,7,1,153.0,4.43
2026-06-27,Delhivery,Delhi,Tier-1,10,1,199.0,5.6
2026-06-27,Delhivery,Pune,Tier-2,5,0,0.0,6.8
2026-06-27,Delhivery,Indore,Tier-2,9,1,300.0,5.44
2026-06-27,Delhivery,Jaipur,Tier-3,9,0,0.0,6.33
2026-06-27,Delhivery,Lucknow,Tier-3,8,3,500.0,5.38
2026-06-27,Bluedart,Mumbai,Tier-1,9,1,188.0,4.44
2026-06-27,Bluedart,Delhi,Tier-1,9,1,226.0,5.0
2026-06-27,Bluedart,Pune,Tier-2,9,0,0.0,6.67
2026-06-27,Bluedart,Indore,Tier-2,10,2,292.0,4.8
2026-06-27,Bluedart,Jaipur,Tier-3,8,4,235.0,5.38
2026-06-27,Bluedart,Lucknow,Tier-3,9,4,855.0,6.91
2026-06-27,Shiprocket,Mumbai,Tier-1,14,1,2858.0,6.27
2026-06-27,Shiprocket,Delhi,Tier-1,11,2,317.0,5.09
2026-06-27,Shiprocket,Pune,Tier-2,8,0,0.0,4.75
2026-06-27,Shiprocket,Indore,Tier-2,8,1,8382.0,5.73
2026-06-27,Shiprocket,Jaipur,Tier-3,9,2,305.0,6.33
2026-06-27,Shiprocket,Lucknow,Tier-3,6,1,175.0,4.5
2026-06-27,DTDC,Mumbai,Tier-1,10,6,277.0,6.1
2026-06-27,DTDC,Delhi,Tier-1,12,5,70.0,5.23
2026-06-27,DTDC,Pune,Tier-2,14,5,89.0,4.86
2026-06-27,DTDC,Indore,Tier-2,6,3,57.0,4.83
2026-06-27,DTDC,Jaipur,Tier-3,18,9,690.0,6.05
2026-06-27,DTDC,Lucknow,Tier-3,10,2,226.0,6.15
2026-06-27,Kwikship,Mumbai,Tier-1,10,1,204.0,6.0
2026-06-27,Kwikship,Delhi,Tier-1,5,1,205.0,4.4
2026-06-27,Kwikship,Pune,Tier-2,7,0,0.0,5.43
2026-06-27,Kwikship,Indore,Tier-2,6,0,0.0,6.5
2026-06-27,Kwikship,Jaipur,Tier-3,8,5,301.0,6.0
2026-06-27,Kwikship,Lucknow,Tier-3,7,3,238.0,5.0
2026-06-28,Delhivery,Mumbai,Tier-1,7,3,757.0,7.14
2026-06-28,Delhivery,Delhi,Tier-1,14,7,4606.0,4.93
2026-06-28,Delhivery,Pune,Tier-2,13,2,580.0,6.31
2026-06-28,Delhivery,Indore,Tier-2,12,2,441.0,6.0
2026-06-28,Delhivery,Jaipur,Tier-3,7,1,245.0,5.71
2026-06-28,Delhivery,Lucknow,Tier-3,9,2,420.0,5.0
2026-06-28,Bluedart,Mumbai,Tier-1,9,1,2230.0,5.3
2026-06-28,Bluedart,Delhi,Tier-1,11,2,163.0,5.5
2026-06-28,Bluedart,Pune,Tier-2,3,0,0.0,6.0
2026-06-28,Bluedart,Indore,Tier-2,9,3,518.0,4.89
2026-06-28,Bluedart,Jaipur,Tier-3,8,7,636.0,5.11
2026-06-28,Bluedart,Lucknow,Tier-3,9,8,798.0,5.8
2026-06-28,Shiprocket,Mumbai,Tier-1,7,0,0.0,4.71
2026-06-28,Shiprocket,Delhi,Tier-1,11,0,0.0,5.82
2026-06-28,Shiprocket,Pune,Tier-2,11,1,202.0,5.55
2026-06-28,Shiprocket,Indore,Tier-2,8,0,0.0,5.5
2026-06-28,Shiprocket,Jaipur,Tier-3,7,0,0.0,4.29
2026-06-28,Shiprocket,Lucknow,Tier-3,7,0,0.0,4.86
2026-06-28,DTDC,Mumbai,Tier-1,5,1,200.0,5.17
2026-06-28,DTDC,Delhi,Tier-1,5,4,53.0,6.6
2026-06-28,DTDC,Pune,Tier-2,6,4,76.0,6.17
2026-06-28,DTDC,Indore,Tier-2,6,3,267.0,4.29
2026-06-28,DTDC,Jaipur,Tier-3,10,3,51.0,5.6
2026-06-28,DTDC,Lucknow,Tier-3,5,2,19.0,4.67
2026-06-28,Kwikship,Mumbai,Tier-1,5,0,0.0,7.0
2026-06-28,Kwikship,Delhi,Tier-1,9,0,0.0,5.67
2026-06-28,Kwikship,Pune,Tier-2,10,0,0.0,5.7
2026-06-28,Kwikship,Indore,Tier-2,15,1,202.0,5.0
2026-06-28,Kwikship,Jaipur,Tier-3,6,1,160.0,7.67
2026-06-28,Kwikship,Lucknow,Tier-3,9,4,139.0,4.67
2026-06-29,Delhivery,Mumbai,Tier-1,7,1,110.0,5.43
2026-06-29,Delhivery,Delhi,Tier-1,9,0,0.0,3.44
2026-06-29,Delhivery,Pune,Tier-2,12,4,656.0,5.15
2026-06-29,Delhivery,Indore,Tier-2,9,4,803.0,6.0
2026-06-29,Delhivery,Jaipur,Tier-3,14,2,639.0,4.29
2026-06-29,Delhivery,Lucknow,Tier-3,8,1,181.0,5.0
2026-06-29,Bluedart,Mumbai,Tier-1,4,0,0.0,5.0
2026-06-29,Bluedart,Delhi,Tier-1,12,0,0.0,6.17
2026-06-29,Bluedart,Pune,Tier-2,9,2,438.0,5.78
2026-06-29,Bluedart,Indore,Tier-2,7,1,136.0,6.29
2026-06-29,Bluedart,Jaipur,Tier-3,12,6,303.0,5.75
2026-06-29,Bluedart,Lucknow,Tier-3,10,4,172.0,6.3
2026-06-29,Shiprocket,Mumbai,Tier-1,13,2,342.0,6.92
2026-06-29,Shiprocket,Delhi,Tier-1,6,0,0.0,5.0
2026-06-29,Shiprocket,Pune,Tier-2,5,1,203.0,4.4
2026-06-29,Shiprocket,Indore,Tier-2,8,2,131.0,4.78
2026-06-29,Shiprocket,Jaipur,Tier-3,8,1,127.0,4.25
2026-06-29,Shiprocket,Lucknow,Tier-3,8,0,0.0,5.0
2026-06-29,DTDC,Mumbai,Tier-1,6,2,38.0,6.33
2026-06-29,DTDC,Delhi,Tier-1,7,3,57.0,6.14
2026-06-29,DTDC,Pune,Tier-2,10,6,332.0,6.09
2026-06-29,DTDC,Indore,Tier-2,8,5,448.0,5.78
2026-06-29,DTDC,Jaipur,Tier-3,4,1,180.0,3.6
2026-06-29,DTDC,Lucknow,Tier-3,7,5,208.0,7.63
2026-06-29,Kwikship,Mumbai,Tier-1,9,1,145.0,5.78
2026-06-29,Kwikship,Delhi,Tier-1,17,1,204.0,5.59
2026-06-29,Kwikship,Pune,Tier-2,9,2,346.0,6.22
2026-06-29,Kwikship,Indore,Tier-2,5,0,0.0,4.6
2026-06-29,Kwikship,Jaipur,Tier-3,13,5,0.0,4.54
2026-06-29,Kwikship,Lucknow,Tier-3,8,4,0.0,7.18
2026-06-30,Delhivery,Mumbai,Tier-1,7,3,1022.0,5.75
2026-06-30,Delhivery,Delhi,Tier-1,13,2,10822.0,6.36
2026-06-30,Delhivery,Pune,Tier-2,8,2,443.0,3.25
2026-06-30,Delhivery,Indore,Tier-2,9,1,512.0,4.8
2026-06-30,Delhivery,Jaipur,Tier-3,15,0,0.0,5.27
2026-06-30,Delhivery,Lucknow,Tier-3,17,4,2227.0,5.56
2026-06-30,Bluedart,Mumbai,Tier-1,11,0,0.0,5.45
2026-06-30,Bluedart,Delhi,Tier-1,9,0,0.0,4.44
2026-06-30,Bluedart,Pune,Tier-2,8,1,144.0,6.0
2026-06-30,Bluedart,Indore,Tier-2,6,1,247.0,6.83
2026-06-30,Bluedart,Jaipur,Tier-3,12,6,429.0,6.08
2026-06-30,Bluedart,Lucknow,Tier-3,14,8,1084.0,5.38
2026-06-30,Shiprocket,Mumbai,Tier-1,6,1,146.0,6.17
2026-06-30,Shiprocket,Delhi,Tier-1,10,0,0.0,4.2
2026-06-30,Shiprocket,Pune,Tier-2,9,1,218.0,5.33
2026-06-30,Shiprocket,Indore,Tier-2,10,0,0.0,3.8
2026-06-30,Shiprocket,Jaipur,Tier-3,6,1,149.0,4.83
2026-06-30,Shiprocket,Lucknow,Tier-3,15,1,149.0,6.13
2026-06-30,DTDC,Mumbai,Tier-1,13,5,223.0,5.46
2026-06-30,DTDC,Delhi,Tier-1,8,2,32.0,5.13
2026-06-30,DTDC,Pune,Tier-2,11,4,401.0,6.27
2026-06-30,DTDC,Indore,Tier-2,12,3,373.0,5.92
2026-06-30,DTDC,Jaipur,Tier-3,5,1,19.0,6.4
2026-06-30,DTDC,Lucknow,Tier-3,9,4,446.0,5.22
2026-06-30,Kwikship,Mumbai,Tier-1,9,1,110.0,4.89
2026-06-30,Kwikship,Delhi,Tier-1,5,0,0.0,7.2
2026-06-30,Kwikship,Pune,Tier-2,4,0,0.0,5.25
2026-06-30,Kwikship,Indore,Tier-2,10,0,0.0,4.5
2026-06-30,Kwikship,Jaipur,Tier-3,10,2,0.0,5.9
2026-06-30,Kwikship,Lucknow,Tier-3,9,2,0.0,5.78
2026-07-01,Delhivery,Mumbai,Tier-1,8,1,178.0,6.13
2026-07-01,Delhivery,Delhi,Tier-1,10,3,946.0,5.64
2026-07-01,Delhivery,Pune,Tier-2,5,0,0.0,5.4
2026-07-01,Delhivery,Indore,Tier-2,9,0,0.0,5.56
2026-07-01,Delhivery,Jaipur,Tier-3,6,1,204.0,6.0
2026-07-01,Delhivery,Lucknow,Tier-3,9,1,153.0,6.44
2026-07-01,Bluedart,Mumbai,Tier-1,11,0,0.0,6.27
2026-07-01,Bluedart,Delhi,Tier-1,3,0,0.0,5.0
2026-07-01,Bluedart,Pune,Tier-2,13,0,0.0,5.0
2026-07-01,Bluedart,Indore,Tier-2,15,3,105.0,5.65
2026-07-01,Bluedart,Jaipur,Tier-3,5,3,265.0,5.6
2026-07-01,Bluedart,Lucknow,Tier-3,10,5,305.0,5.6
2026-07-01,Shiprocket,Mumbai,Tier-1,5,0,0.0,6.0
2026-07-01,Shiprocket,Delhi,Tier-1,13,0,0.0,6.0
2026-07-01,Shiprocket,Pune,Tier-2,11,1,223.0,5.45
2026-07-01,Shiprocket,Indore,Tier-2,12,0,0.0,6.25
2026-07-01,Shiprocket,Jaipur,Tier-3,5,1,1050.0,5.17
2026-07-01,Shiprocket,Lucknow,Tier-3,12,0,0.0,4.92
2026-07-01,DTDC,Mumbai,Tier-1,14,5,237.0,4.93
2026-07-01,DTDC,Delhi,Tier-1,9,2,164.0,4.67
2026-07-01,DTDC,Pune,Tier-2,9,3,38.0,5.5
2026-07-01,DTDC,Indore,Tier-2,13,5,221.0,6.0
2026-07-01,DTDC,Jaipur,Tier-3,9,5,9309.0,7.0
2026-07-01,DTDC,Lucknow,Tier-3,8,5,489.0,7.17
2026-07-01,Kwikship,Mumbai,Tier-1,13,1,197.0,5.38
2026-07-01,Kwikship,Delhi,Tier-1,12,1,168.0,6.17
2026-07-01,Kwikship,Pune,Tier-2,11,3,20725.0,4.0
2026-07-01,Kwikship,Indore,Tier-2,12,1,105.0,4.58
2026-07-01,Kwikship,Jaipur,Tier-3,8,4,364.0,4.44
2026-07-01,Kwikship,Lucknow,Tier-3,10,5,0.0,5.5
2026-07-02,Delhivery,Mumbai,Tier-1,9,4,1594.0,5.6
2026-07-02,Delhivery,Delhi,Tier-1,8,0,0.0,6.0
2026-07-02,Delhivery,Pune,Tier-2,13,3,870.0,4.62
2026-07-02,Delhivery,Indore,Tier-2,8,2,599.0,5.38
2026-07-02,Delhivery,Jaipur,Tier-3,11,1,397.0,5.82
2026-07-02,Delhivery,Lucknow,Tier-3,10,2,350.0,4.7
2026-07-02,Bluedart,Mumbai,Tier-1,11,1,176.0,6.73
2026-07-02,Bluedart,Delhi,Tier-1,13,1,133.0,5.38
2026-07-02,Bluedart,Pune,Tier-2,7,1,219.0,5.0
2026-07-02,Bluedart,Indore,Tier-2,9,0,0.0,5.78
2026-07-02,Bluedart,Jaipur,Tier-3,7,3,313.0,4.38
2026-07-02,Bluedart,Lucknow,Tier-3,7,4,294.0,5.13
2026-07-02,Shiprocket,Mumbai,Tier-1,9,1,107.0,5.67
2026-07-02,Shiprocket,Delhi,Tier-1,16,0,0.0,5.75
2026-07-02,Shiprocket,Pune,Tier-2,11,0,0.0,6.55
2026-07-02,Shiprocket,Indore,Tier-2,10,1,8510.0,4.45
2026-07-02,Shiprocket,Jaipur,Tier-3,3,1,6006.0,8.25
2026-07-02,Shiprocket,Lucknow,Tier-3,12,2,259.0,6.58
2026-07-02,DTDC,Mumbai,Tier-1,7,2,245.0,4.43
2026-07-02,DTDC,Delhi,Tier-1,3,0,0.0,6.67
2026-07-02,DTDC,Pune,Tier-2,12,4,191.0,5.58
2026-07-02,DTDC,Indore,Tier-2,4,0,0.0,5.75
2026-07-02,DTDC,Jaipur,Tier-3,13,3,45.0,5.08
2026-07-02,DTDC,Lucknow,Tier-3,13,5,271.0,7.15
2026-07-02,Kwikship,Mumbai,Tier-1,10,0,0.0,6.1
2026-07-02,Kwikship,Delhi,Tier-1,10,0,0.0,5.3
2026-07-02,Kwikship,Pune,Tier-2,10,0,0.0,5.3
2026-07-02,Kwikship,Indore,Tier-2,9,0,0.0,5.44
2026-07-02,Kwikship,Jaipur,Tier-3,9,3,488.0,5.11
2026-07-02,Kwikship,Lucknow,Tier-3,9,2,0.0,6.0
2026-07-03,Delhivery,Mumbai,Tier-1,12,1,312.0,6.58
2026-07-03,Delhivery,Delhi,Tier-1,11,2,447.0,5.36
2026-07-03,Delhivery,Pune,Tier-2,7,3,691.0,4.29
2026-07-03,Delhivery,Indore,Tier-2,6,2,516.0,6.17
2026-07-03,Delhivery,Jaipur,Tier-3,6,0,0.0,5.17
2026-07-03,Delhivery,Lucknow,Tier-3,7,3,507.0,5.29
2026-07-03,Bluedart,Mumbai,Tier-1,9,1,215.0,5.0
2026-07-03,Bluedart,Delhi,Tier-1,12,2,391.0,5.75
2026-07-03,Bluedart,Pune,Tier-2,7,2,382.0,6.71
2026-07-03,Bluedart,Indore,Tier-2,9,1,160.0,5.67
2026-07-03,Bluedart,Jaipur,Tier-3,11,5,235.0,5.82
2026-07-03,Bluedart,Lucknow,Tier-3,5,5,234.0,5.6
2026-07-03,Shiprocket,Mumbai,Tier-1,8,1,238.0,6.0
2026-07-03,Shiprocket,Delhi,Tier-1,12,0,0.0,5.92
2026-07-03,Shiprocket,Pune,Tier-2,11,0,0.0,5.82
2026-07-03,Shiprocket,Indore,Tier-2,6,1,214.0,5.67
2026-07-03,Shiprocket,Jaipur,Tier-3,9,2,1566.0,4.8
2026-07-03,Shiprocket,Lucknow,Tier-3,6,0,0.0,6.17
2026-07-03,DTDC,Mumbai,Tier-1,5,3,40.0,8.4
2026-07-03,DTDC,Delhi,Tier-1,8,2,32.0,5.5
2026-07-03,DTDC,Pune,Tier-2,9,3,57.0,4.44
2026-07-03,DTDC,Indore,Tier-2,9,1,19.0,4.78
2026-07-03,DTDC,Jaipur,Tier-3,11,2,26.0,5.91
2026-07-03,DTDC,Lucknow,Tier-3,9,6,242.0,5.78
2026-07-03,Kwikship,Mumbai,Tier-1,6,0,0.0,5.33
2026-07-03,Kwikship,Delhi,Tier-1,10,0,0.0,6.5
2026-07-03,Kwikship,Pune,Tier-2,8,0,0.0,5.13
2026-07-03,Kwikship,Indore,Tier-2,14,2,406.0,6.43
2026-07-03,Kwikship,Jaipur,Tier-3,11,3,106.0,5.36
2026-07-03,Kwikship,Lucknow,Tier-3,5,2,0.0,5.2
2026-07-04,Delhivery,Mumbai,Tier-1,5,1,2844.0,4.83
2026-07-04,Delhivery,Delhi,Tier-1,9,3,723.0,5.22
2026-07-04,Delhivery,Pune,Tier-2,7,3,496.0,5.43
2026-07-04,Delhivery,Indore,Tier-2,9,2,105.0,4.7
2026-07-04,Delhivery,Jaipur,Tier-3,6,0,0.0,5.5
2026-07-04,Delhivery,Lucknow,Tier-3,10,2,380.0,5.7
2026-07-04,Bluedart,Mumbai,Tier-1,11,2,347.0,5.55
2026-07-04,Bluedart,Delhi,Tier-1,6,0,0.0,4.5
2026-07-04,Bluedart,Pune,Tier-2,7,1,230.0,5.57
2026-07-04,Bluedart,Indore,Tier-2,10,1,121.0,5.5
2026-07-04,Bluedart,Jaipur,Tier-3,7,6,453.0,4.71
2026-07-04,Bluedart,Lucknow,Tier-3,13,9,562.0,4.92
2026-07-04,Shiprocket,Mumbai,Tier-1,7,1,167.0,4.86
2026-07-04,Shiprocket,Delhi,Tier-1,7,0,0.0,5.14
2026-07-04,Shiprocket,Pune,Tier-2,7,1,229.0,5.43
2026-07-04,Shiprocket,Indore,Tier-2,6,0,0.0,6.0
2026-07-04,Shiprocket,Jaipur,Tier-3,9,0,0.0,5.56
2026-07-04,Shiprocket,Lucknow,Tier-3,7,0,0.0,4.29
2026-07-04,DTDC,Mumbai,Tier-1,8,4,236.0,4.67
2026-07-04,DTDC,Delhi,Tier-1,14,7,549.0,5.19
2026-07-04,DTDC,Pune,Tier-2,12,7,350.0,5.75
2026-07-04,DTDC,Indore,Tier-2,10,3,165.0,4.09
2026-07-04,DTDC,Jaipur,Tier-3,8,2,141.0,5.5
2026-07-04,DTDC,Lucknow,Tier-3,6,2,32.0,5.17
2026-07-04,Kwikship,Mumbai,Tier-1,6,0,0.0,5.17
2026-07-04,Kwikship,Delhi,Tier-1,4,0,0.0,5.0
2026-07-04,Kwikship,Pune,Tier-2,10,0,0.0,5.4
2026-07-04,Kwikship,Indore,Tier-2,10,0,0.0,4.0
2026-07-04,Kwikship,Jaipur,Tier-3,11,4,307.0,3.42
2026-07-04,Kwikship,Lucknow,Tier-3,8,0,0.0,3.75
2026-07-05,Delhivery,Mumbai,Tier-1,6,3,1177.0,6.14
2026-07-05,Delhivery,Delhi,Tier-1,6,2,461.0,4.0
2026-07-05,Delhivery,Pune,Tier-2,3,1,347.0,6.33
2026-07-05,Delhivery,Indore,Tier-2,10,3,632.0,4.82
2026-07-05,Delhivery,Jaipur,Tier-3,8,0,0.0,4.5
2026-07-05,Delhivery,Lucknow,Tier-3,10,5,1349.0,6.4
2026-07-05,Bluedart,Mumbai,Tier-1,11,2,10004.0,6.5
2026-07-05,Bluedart,Delhi,Tier-1,3,1,9546.0,5.5
2026-07-05,Bluedart,Pune,Tier-2,8,2,302.0,5.25
2026-07-05,Bluedart,Indore,Tier-2,11,1,142.0,5.91
2026-07-05,Bluedart,Jaipur,Tier-3,9,2,107.0,5.89
2026-07-05,Bluedart,Lucknow,Tier-3,9,3,226.0,5.4
2026-07-05,Shiprocket,Mumbai,Tier-1,7,2,298.0,4.57
2026-07-05,Shiprocket,Delhi,Tier-1,6,0,0.0,5.17
2026-07-05,Shiprocket,Pune,Tier-2,9,0,0.0,5.22
2026-07-05,Shiprocket,Indore,Tier-2,6,0,0.0,4.67
2026-07-05,Shiprocket,Jaipur,Tier-3,6,0,0.0,6.5
2026-07-05,Shiprocket,Lucknow,Tier-3,7,1,0.0,5.5
2026-07-05,DTDC,Mumbai,Tier-1,4,1,207.0,4.25
2026-07-05,DTDC,Delhi,Tier-1,11,3,282.0,4.92
2026-07-05,DTDC,Pune,Tier-2,10,6,204.0,5.7
2026-07-05,DTDC,Indore,Tier-2,13,5,251.0,5.69
2026-07-05,DTDC,Jaipur,Tier-3,5,2,21.0,4.0
2026-07-05,DTDC,Lucknow,Tier-3,10,2,38.0,4.5
2026-07-05,Kwikship,Mumbai,Tier-1,10,0,0.0,5.5
2026-07-05,Kwikship,Delhi,Tier-1,13,0,0.0,6.92
2026-07-05,Kwikship,Pune,Tier-2,10,0,0.0,5.4
2026-07-05,Kwikship,Indore,Tier-2,9,0,0.0,5.0
2026-07-05,Kwikship,Jaipur,Tier-3,10,7,221.0,6.0
2026-07-05,Kwikship,Lucknow,Tier-3,6,2,0.0,3.83
2026-07-06,Delhivery,Mumbai,Tier-1,9,1,175.0,5.44
2026-07-06,Delhivery,Delhi,Tier-1,11,3,673.0,5.58
2026-07-06,Delhivery,Pune,Tier-2,3,0,0.0,3.0
2026-07-06,Delhivery,Indore,Tier-2,7,2,405.0,6.0
2026-07-06,Delhivery,Jaipur,Tier-3,9,2,461.0,4.67
2026-07-06,Delhivery,Lucknow,Tier-3,10,2,396.0,5.3
2026-07-06,Bluedart,Mumbai,Tier-1,8,0,0.0,7.25
2026-07-06,Bluedart,Delhi,Tier-1,11,2,153.0,6.08
2026-07-06,Bluedart,Pune,Tier-2,13,1,0.0,5.93
2026-07-06,Bluedart,Indore,Tier-2,5,0,0.0,6.2
2026-07-06,Bluedart,Jaipur,Tier-3,14,6,603.0,4.86
2026-07-06,Bluedart,Lucknow,Tier-3,10,6,783.0,5.82
2026-07-06,Shiprocket,Mumbai,Tier-1,8,1,207.0,5.38
2026-07-06,Shiprocket,Delhi,Tier-1,14,1,197.0,5.5
2026-07-06,Shiprocket,Pune,Tier-2,10,0,0.0,6.2
2026-07-06,Shiprocket,Indore,Tier-2,9,0,0.0,3.78
2026-07-06,Shiprocket,Jaipur,Tier-3,9,0,0.0,5.67
2026-07-06,Shiprocket,Lucknow,Tier-3,11,0,0.0,6.91
2026-07-06,DTDC,Mumbai,Tier-1,8,4,274.0,4.25
2026-07-06,DTDC,Delhi,Tier-1,8,6,108.0,6.5
2026-07-06,DTDC,Pune,Tier-2,13,4,76.0,5.31
2026-07-06,DTDC,Indore,Tier-2,9,5,5257.0,6.7
2026-07-06,DTDC,Jaipur,Tier-3,12,4,70.0,5.83
2026-07-06,DTDC,Lucknow,Tier-3,10,5,386.0,3.83
2026-07-06,Kwikship,Mumbai,Tier-1,13,0,0.0,5.08
2026-07-06,Kwikship,Delhi,Tier-1,7,1,225.0,6.43
2026-07-06,Kwikship,Pune,Tier-2,10,0,0.0,5.4
2026-07-06,Kwikship,Indore,Tier-2,11,2,463.0,5.55
2026-07-06,Kwikship,Jaipur,Tier-3,13,5,169.0,5.21
2026-07-06,Kwikship,Lucknow,Tier-3,9,4,0.0,6.22
2026-07-07,Delhivery,Mumbai,Tier-1,15,5,951.0,5.8
2026-07-07,Delhivery,Delhi,Tier-1,11,3,821.0,4.64
2026-07-07,Delhivery,Pune,Tier-2,11,4,823.0,4.73
2026-07-07,Delhivery,Indore,Tier-2,14,1,358.0,5.36
2026-07-07,Delhivery,Jaipur,Tier-3,6,2,2944.0,4.86
2026-07-07,Delhivery,Lucknow,Tier-3,6,0,0.0,4.0
2026-07-07,Bluedart,Mumbai,Tier-1,13,2,356.0,5.92
2026-07-07,Bluedart,Delhi,Tier-1,8,1,111.0,5.63
2026-07-07,Bluedart,Pune,Tier-2,10,0,0.0,5.6
2026-07-07,Bluedart,Indore,Tier-2,8,0,0.0,5.38
2026-07-07,Bluedart,Jaipur,Tier-3,8,3,433.0,5.13
2026-07-07,Bluedart,Lucknow,Tier-3,8,4,161.0,4.75
2026-07-07,Shiprocket,Mumbai,Tier-1,10,1,244.0,5.5
2026-07-07,Shiprocket,Delhi,Tier-1,8,1,110.0,6.0
2026-07-07,Shiprocket,Pune,Tier-2,8,0,0.0,6.0
2026-07-07,Shiprocket,Indore,Tier-2,13,2,385.0,5.92
2026-07-07,Shiprocket,Jaipur,Tier-3,14,2,393.0,6.36
2026-07-07,Shiprocket,Lucknow,Tier-3,10,2,476.0,4.5
2026-07-07,DTDC,Mumbai,Tier-1,4,2,38.0,5.25
2026-07-07,DTDC,Delhi,Tier-1,7,4,234.0,4.86
2026-07-07,DTDC,Pune,Tier-2,11,8,482.0,6.0
2026-07-07,DTDC,Indore,Tier-2,12,9,9203.0,5.27
2026-07-07,DTDC,Jaipur,Tier-3,9,1,8.0,6.0
2026-07-07,DTDC,Lucknow,Tier-3,6,1,19.0,4.83
2026-07-07,Kwikship,Mumbai,Tier-1,9,0,0.0,5.0
2026-07-07,Kwikship,Delhi,Tier-1,5,1,8824.0,6.83
2026-07-07,Kwikship,Pune,Tier-2,12,1,0.0,5.23
2026-07-07,Kwikship,Indore,Tier-2,12,1,162.0,5.75
2026-07-07,Kwikship,Jaipur,Tier-3,7,2,165.0,5.88
2026-07-07,Kwikship,Lucknow,Tier-3,10,2,0.0,5.0
2026-07-08,Delhivery,Mumbai,Tier-1,10,0,0.0,6.5
2026-07-08,Delhivery,Delhi,Tier-1,8,2,592.0,4.25
2026-07-08,Delhivery,Pune,Tier-2,9,2,660.0,6.1
2026-07-08,Delhivery,Indore,Tier-2,4,0,0.0,6.0
2026-07-08,Delhivery,Jaipur,Tier-3,9,1,238.0,5.78
2026-07-08,Delhivery,Lucknow,Tier-3,8,2,685.0,3.22
2026-07-08,Bluedart,Mumbai,Tier-1,10,1,213.0,5.7
2026-07-08,Bluedart,Delhi,Tier-1,9,0,0.0,4.78
2026-07-08,Bluedart,Pune,Tier-2,13,0,0.0,4.54
2026-07-08,Bluedart,Indore,Tier-2,4,1,218.0,5.5
2026-07-08,Bluedart,Jaipur,Tier-3,9,5,397.0,6.0
2026-07-08,Bluedart,Lucknow,Tier-3,8,7,488.0,6.13
2026-07-08,Shiprocket,Mumbai,Tier-1,15,2,388.0,5.33
2026-07-08,Shiprocket,Delhi,Tier-1,8,1,218.0,5.13
2026-07-08,Shiprocket,Pune,Tier-2,9,1,123.0,6.0
2026-07-08,Shiprocket,Indore,Tier-2,4,0,0.0,5.75
2026-07-08,Shiprocket,Jaipur,Tier-3,12,1,233.0,4.5
2026-07-08,Shiprocket,Lucknow,Tier-3,11,1,215.0,6.0
2026-07-08,DTDC,Mumbai,Tier-1,9,4,70.0,4.33
2026-07-08,DTDC,Delhi,Tier-1,7,3,57.0,4.86
2026-07-08,DTDC,Pune,Tier-2,13,6,102.0,6.46
2026-07-08,DTDC,Indore,Tier-2,6,4,282.0,5.5
2026-07-08,DTDC,Jaipur,Tier-3,7,3,197.0,5.57
2026-07-08,DTDC,Lucknow,Tier-3,13,3,57.0,6.15
2026-07-08,Kwikship,Mumbai,Tier-1,14,3,3121.0,6.27
2026-07-08,Kwikship,Delhi,Tier-1,2,0,0.0,5.5
2026-07-08,Kwikship,Pune,Tier-2,13,2,452.0,4.69
2026-07-08,Kwikship,Indore,Tier-2,8,1,166.0,4.38
2026-07-08,Kwikship,Jaipur,Tier-3,9,4,318.0,4.11
2026-07-08,Kwikship,Lucknow,Tier-3,7,1,0.0,5.29
2026-07-09,Delhivery,Mumbai,Tier-1,10,0,0.0,6.3
2026-07-09,Delhivery,Delhi,Tier-1,8,3,854.0,3.38
2026-07-09,Delhivery,Pune,Tier-2,9,1,288.0,6.33
2026-07-09,Delhivery,Indore,Tier-2,10,1,386.0,6.1
2026-07-09,Delhivery,Jaipur,Tier-3,5,0,0.0,6.2
2026-07-09,Delhivery,Lucknow,Tier-3,11,2,535.0,4.73
2026-07-09,Bluedart,Mumbai,Tier-1,11,2,398.0,5.91
2026-07-09,Bluedart,Delhi,Tier-1,9,1,104.0,5.11
2026-07-09,Bluedart,Pune,Tier-2,5,0,0.0,6.8
2026-07-09,Bluedart,Indore,Tier-2,14,1,152.0,5.64
2026-07-09,Bluedart,Jaipur,Tier-3,12,5,334.0,5.42
2026-07-09,Bluedart,Lucknow,Tier-3,9,4,551.0,3.9
2026-07-09,Shiprocket,Mumbai,Tier-1,10,3,664.0,5.6
2026-07-09,Shiprocket,Delhi,Tier-1,4,0,0.0,5.25
2026-07-09,Shiprocket,Pune,Tier-2,3,1,197.0,6.0
2026-07-09,Shiprocket,Indore,Tier-2,12,1,135.0,6.17
2026-07-09,Shiprocket,Jaipur,Tier-3,5,0,0.0,5.6
2026-07-09,Shiprocket,Lucknow,Tier-3,8,1,126.0,6.38
2026-07-09,DTDC,Mumbai,Tier-1,9,3,51.0,5.33
2026-07-09,DTDC,Delhi,Tier-1,7,3,46.0,6.14
2026-07-09,DTDC,Pune,Tier-2,8,1,19.0,5.63
2026-07-09,DTDC,Indore,Tier-2,6,2,19.0,5.43
2026-07-09,DTDC,Jaipur,Tier-3,7,3,154.0,5.57
2026-07-09,DTDC,Lucknow,Tier-3,6,4,64.0,6.33
2026-07-09,Kwikship,Mumbai,Tier-1,11,0,0.0,4.45
2026-07-09,Kwikship,Delhi,Tier-1,7,1,121.0,5.0
2026-07-09,Kwikship,Pune,Tier-2,5,1,119.0,5.4
2026-07-09,Kwikship,Indore,Tier-2,10,1,194.0,6.8
2026-07-09,Kwikship,Jaipur,Tier-3,9,0,0.0,4.89
2026-07-09,Kwikship,Lucknow,Tier-3,17,9,0.0,6.53
2026-07-10,Delhivery,Mumbai,Tier-1,16,3,4035.0,5.53
2026-07-10,Delhivery,Delhi,Tier-1,10,1,246.0,5.9
2026-07-10,Delhivery,Pune,Tier-2,7,2,442.0,4.86
2026-07-10,Delhivery,Indore,Tier-2,15,3,4773.0,3.61
2026-07-10,Delhivery,Jaipur,Tier-3,9,1,0.0,6.0
2026-07-10,Delhivery,Lucknow,Tier-3,5,2,415.0,5.0
2026-07-10,Bluedart,Mumbai,Tier-1,5,0,0.0,5.8
2026-07-10,Bluedart,Delhi,Tier-1,9,0,0.0,4.67
2026-07-10,Bluedart,Pune,Tier-2,12,0,0.0,5.58
2026-07-10,Bluedart,Indore,Tier-2,7,0,0.0,7.14
2026-07-10,Bluedart,Jaipur,Tier-3,11,6,382.0,5.64
2026-07-10,Bluedart,Lucknow,Tier-3,10,7,643.0,5.0
2026-07-10,Shiprocket,Mumbai,Tier-1,10,1,225.0,6.4
2026-07-10,Shiprocket,Delhi,Tier-1,12,1,210.0,4.83
2026-07-10,Shiprocket,Pune,Tier-2,5,0,0.0,5.0
2026-07-10,Shiprocket,Indore,Tier-2,5,0,0.0,5.6
2026-07-10,Shiprocket,Jaipur,Tier-3,12,0,0.0,5.17
2026-07-10,Shiprocket,Lucknow,Tier-3,11,0,0.0,4.64
2026-07-10,DTDC,Mumbai,Tier-1,16,4,65.0,5.5
2026-07-10,DTDC,Delhi,Tier-1,9,5,219.0,6.0
2026-07-10,DTDC,Pune,Tier-2,6,3,158.0,5.57
2026-07-10,DTDC,Indore,Tier-2,10,5,89.0,5.8
2026-07-10,DTDC,Jaipur,Tier-3,9,2,32.0,4.22
2026-07-10,DTDC,Lucknow,Tier-3,5,1,19.0,6.4
2026-07-10,Kwikship,Mumbai,Tier-1,18,1,236.0,5.39
2026-07-10,Kwikship,Delhi,Tier-1,11,2,440.0,5.18
2026-07-10,Kwikship,Pune,Tier-2,11,0,0.0,4.36
2026-07-10,Kwikship,Indore,Tier-2,11,2,282.0,4.91
2026-07-10,Kwikship,Jaipur,Tier-3,6,3,0.0,7.5
2026-07-10,Kwikship,Lucknow,Tier-3,6,1,0.0,5.67
2026-07-11,Delhivery,Mumbai,Tier-1,17,4,908.0,5.94
2026-07-11,Delhivery,Delhi,Tier-1,7,3,798.0,5.57
2026-07-11,Delhivery,Pune,Tier-2,5,0,0.0,6.8
2026-07-11,Delhivery,Indore,Tier-2,7,1,254.0,7.29
2026-07-11,Delhivery,Jaipur,Tier-3,7,3,706.0,5.25
2026-07-11,Delhivery,Lucknow,Tier-3,3,1,263.0,3.0
2026-07-11,Bluedart,Mumbai,Tier-1,10,2,11566.0,4.91
2026-07-11,Bluedart,Delhi,Tier-1,14,0,0.0,6.14
2026-07-11,Bluedart,Pune,Tier-2,14,2,398.0,5.21
2026-07-11,Bluedart,Indore,Tier-2,8,1,229.0,5.38
2026-07-11,Bluedart,Jaipur,Tier-3,9,6,204.0,6.44
2026-07-11,Bluedart,Lucknow,Tier-3,5,2,98.0,4.83
2026-07-11,Shiprocket,Mumbai,Tier-1,10,0,0.0,6.1
2026-07-11,Shiprocket,Delhi,Tier-1,5,0,0.0,6.2
2026-07-11,Shiprocket,Pune,Tier-2,5,0,0.0,4.6
2026-07-11,Shiprocket,Indore,Tier-2,9,3,380.0,6.11
2026-07-11,Shiprocket,Jaipur,Tier-3,12,0,0.0,4.75
2026-07-11,Shiprocket,Lucknow,Tier-3,7,2,231.0,6.38
2026-07-11,DTDC,Mumbai,Tier-1,12,1,128.0,5.08
2026-07-11,DTDC,Delhi,Tier-1,14,6,334.0,5.93
2026-07-11,DTDC,Pune,Tier-2,13,8,291.0,6.31
2026-07-11,DTDC,Indore,Tier-2,10,3,261.0,6.36
2026-07-11,DTDC,Jaipur,Tier-3,10,5,232.0,5.6
2026-07-11,DTDC,Lucknow,Tier-3,7,5,247.0,5.57
2026-07-11,Kwikship,Mumbai,Tier-1,4,1,219.0,7.25
2026-07-11,Kwikship,Delhi,Tier-1,5,2,340.0,5.4
2026-07-11,Kwikship,Pune,Tier-2,8,0,0.0,5.88
2026-07-11,Kwikship,Indore,Tier-2,10,1,187.0,5.3
2026-07-11,Kwikship,Jaipur,Tier-3,6,2,0.0,5.33
2026-07-11,Kwikship,Lucknow,Tier-3,9,3,0.0,5.44
2026-07-12,Delhivery,Mumbai,Tier-1,12,1,408.0,5.42
2026-07-12,Delhivery,Delhi,Tier-1,13,2,248.0,5.23
2026-07-12,Delhivery,Pune,Tier-2,7,3,723.0,5.71
2026-07-12,Delhivery,Indore,Tier-2,8,2,312.0,4.5
2026-07-12,Delhivery,Jaipur,Tier-3,15,1,275.0,5.87
2026-07-12,Delhivery,Lucknow,Tier-3,18,3,789.0,4.83
2026-07-12,Bluedart,Mumbai,Tier-1,11,1,234.0,6.18
2026-07-12,Bluedart,Delhi,Tier-1,6,0,0.0,6.0
2026-07-12,Bluedart,Pune,Tier-2,11,3,467.0,4.0
2026-07-12,Bluedart,Indore,Tier-2,12,1,159.0,5.75
2026-07-12,Bluedart,Jaipur,Tier-3,11,7,538.0,4.82
2026-07-12,Bluedart,Lucknow,Tier-3,8,5,448.0,6.5
2026-07-12,Shiprocket,Mumbai,Tier-1,11,0,0.0,4.27
2026-07-12,Shiprocket,Delhi,Tier-1,8,1,213.0,5.75
2026-07-12,Shiprocket,Pune,Tier-2,9,0,0.0,5.44
2026-07-12,Shiprocket,Indore,Tier-2,8,0,0.0,4.38
2026-07-12,Shiprocket,Jaipur,Tier-3,5,0,0.0,5.6
2026-07-12,Shiprocket,Lucknow,Tier-3,8,0,0.0,7.13
2026-07-12,DTDC,Mumbai,Tier-1,11,5,501.0,6.42
2026-07-12,DTDC,Delhi,Tier-1,7,2,120.0,5.43
2026-07-12,DTDC,Pune,Tier-2,10,4,65.0,6.6
2026-07-12,DTDC,Indore,Tier-2,12,8,407.0,5.0
2026-07-12,DTDC,Jaipur,Tier-3,8,3,467.0,5.89
2026-07-12,DTDC,Lucknow,Tier-3,6,1,125.0,5.17
2026-07-12,Kwikship,Mumbai,Tier-1,8,0,0.0,6.88
2026-07-12,Kwikship,Delhi,Tier-1,7,0,0.0,4.57
2026-07-12,Kwikship,Pune,Tier-2,6,1,229.0,5.0
2026-07-12,Kwikship,Indore,Tier-2,5,1,10582.0,6.17
2026-07-12,Kwikship,Jaipur,Tier-3,6,2,0.0,5.67
2026-07-12,Kwikship,Lucknow,Tier-3,17,2,0.0,5.94
2026-07-13,Delhivery,Mumbai,Tier-1,8,2,378.0,6.0
2026-07-13,Delhivery,Delhi,Tier-1,7,0,0.0,7.14
2026-07-13,Delhivery,Pune,Tier-2,11,1,222.0,5.36
2026-07-13,Delhivery,Indore,Tier-2,7,1,449.0,4.38
2026-07-13,Delhivery,Jaipur,Tier-3,8,0,0.0,5.63
2026-07-13,Delhivery,Lucknow,Tier-3,11,2,11504.0,5.79
2026-07-13,Bluedart,Mumbai,Tier-1,16,2,11982.0,6.0
2026-07-13,Bluedart,Delhi,Tier-1,8,4,611.0,6.38
2026-07-13,Bluedart,Pune,Tier-2,10,0,0.0,5.6
2026-07-13,Bluedart,Indore,Tier-2,14,1,179.0,5.43
2026-07-13,Bluedart,Jaipur,Tier-3,9,6,528.0,6.1
2026-07-13,Bluedart,Lucknow,Tier-3,6,4,225.0,5.67
2026-07-13,Shiprocket,Mumbai,Tier-1,10,0,0.0,5.2
2026-07-13,Shiprocket,Delhi,Tier-1,9,0,0.0,6.0
2026-07-13,Shiprocket,Pune,Tier-2,8,0,0.0,6.38
2026-07-13,Shiprocket,Indore,Tier-2,9,2,315.0,3.89
2026-07-13,Shiprocket,Jaipur,Tier-3,10,0,0.0,6.0
2026-07-13,Shiprocket,Lucknow,Tier-3,15,0,0.0,5.93
2026-07-13,DTDC,Mumbai,Tier-1,7,2,38.0,7.43
2026-07-13,DTDC,Delhi,Tier-1,14,3,45.0,5.0
2026-07-13,DTDC,Pune,Tier-2,8,5,78.0,5.88
2026-07-13,DTDC,Indore,Tier-2,9,4,70.0,4.11
2026-07-13,DTDC,Jaipur,Tier-3,6,1,220.0,6.14
2026-07-13,DTDC,Lucknow,Tier-3,7,1,227.0,4.63
2026-07-13,Kwikship,Mumbai,Tier-1,7,1,8252.0,5.75
2026-07-13,Kwikship,Delhi,Tier-1,11,0,0.0,6.0
2026-07-13,Kwikship,Pune,Tier-2,7,0,0.0,3.71
2026-07-13,Kwikship,Indore,Tier-2,10,0,0.0,5.1
2026-07-13,Kwikship,Jaipur,Tier-3,6,2,0.0,5.67
2026-07-13,Kwikship,Lucknow,Tier-3,11,5,0.0,6.64
2026-07-14,Delhivery,Mumbai,Tier-1,13,3,719.0,6.0
2026-07-14,Delhivery,Delhi,Tier-1,18,7,12895.0,5.95
2026-07-14,Delhivery,Pune,Tier-2,11,2,416.0,5.73
2026-07-14,Delhivery,Indore,Tier-2,5,0,0.0,5.4
2026-07-14,Delhivery,Jaipur,Tier-3,2,1,198.0,6.5
2026-07-14,Delhivery,Lucknow,Tier-3,8,2,314.0,5.5
2026-07-14,Bluedart,Mumbai,Tier-1,13,0,0.0,5.85
2026-07-14,Bluedart,Delhi,Tier-1,9,1,218.0,4.33
2026-07-14,Bluedart,Pune,Tier-2,5,0,0.0,6.6
2026-07-14,Bluedart,Indore,Tier-2,17,3,530.0,5.24
2026-07-14,Bluedart,Jaipur,Tier-3,8,3,335.0,4.38
2026-07-14,Bluedart,Lucknow,Tier-3,9,5,211.0,5.11
2026-07-14,Shiprocket,Mumbai,Tier-1,12,1,117.0,5.58
2026-07-14,Shiprocket,Delhi,Tier-1,10,1,249.0,5.1
2026-07-14,Shiprocket,Pune,Tier-2,7,0,0.0,5.0
2026-07-14,Shiprocket,Indore,Tier-2,11,1,163.0,5.64
2026-07-14,Shiprocket,Jaipur,Tier-3,15,3,5839.0,5.38
2026-07-14,Shiprocket,Lucknow,Tier-3,13,2,343.0,5.54
2026-07-14,DTDC,Mumbai,Tier-1,7,7,399.0,6.57
2026-07-14,DTDC,Delhi,Tier-1,14,6,365.0,4.36
2026-07-14,DTDC,Pune,Tier-2,8,3,164.0,5.5
2026-07-14,DTDC,Indore,Tier-2,12,6,2975.0,5.23
2026-07-14,DTDC,Jaipur,Tier-3,11,3,51.0,6.64
2026-07-14,DTDC,Lucknow,Tier-3,9,3,39.0,3.44
2026-07-14,Kwikship,Mumbai,Tier-1,6,2,276.0,5.33
2026-07-14,Kwikship,Delhi,Tier-1,15,0,0.0,6.13
2026-07-14,Kwikship,Pune,Tier-2,8,1,150.0,5.13
2026-07-14,Kwikship,Indore,Tier-2,8,0,0.0,5.88
2026-07-14,Kwikship,Jaipur,Tier-3,10,4,184.0,6.09
2026-07-14,Kwikship,Lucknow,Tier-3,10,3,187.0,4.9
2026-07-15,Delhivery,Mumbai,Tier-1,12,4,406.0,4.85
2026-07-15,Delhivery,Delhi,Tier-1,4,2,382.0,6.0
2026-07-15,Delhivery,Pune,Tier-2,11,3,4100.0,6.33
2026-07-15,Delhivery,Indore,Tier-2,8,2,8735.0,5.09
2026-07-15,Delhivery,Jaipur,Tier-3,6,1,199.0,5.33
2026-07-15,Delhivery,Lucknow,Tier-3,14,1,363.0,5.36
2026-07-15,Bluedart,Mumbai,Tier-1,7,1,0.0,3.75
2026-07-15,Bluedart,Delhi,Tier-1,9,0,0.0,5.67
2026-07-15,Bluedart,Pune,Tier-2,10,0,0.0,4.8
2026-07-15,Bluedart,Indore,Tier-2,10,0,0.0,4.4
2026-07-15,Bluedart,Jaipur,Tier-3,10,5,485.0,6.6
2026-07-15,Bluedart,Lucknow,Tier-3,7,3,196.0,6.29
2026-07-15,Shiprocket,Mumbai,Tier-1,13,0,0.0,5.31
2026-07-15,Shiprocket,Delhi,Tier-1,11,0,0.0,5.73
2026-07-15,Shiprocket,Pune,Tier-2,11,2,310.0,6.0
2026-07-15,Shiprocket,Indore,Tier-2,4,0,0.0,5.25
2026-07-15,Shiprocket,Jaipur,Tier-3,12,0,0.0,5.08
2026-07-15,Shiprocket,Lucknow,Tier-3,12,0,0.0,5.33
2026-07-15,DTDC,Mumbai,Tier-1,15,6,339.0,5.0
2026-07-15,DTDC,Delhi,Tier-1,11,4,465.0,3.55
2026-07-15,DTDC,Pune,Tier-2,9,6,469.0,5.7
2026-07-15,DTDC,Indore,Tier-2,4,1,13.0,5.25
2026-07-15,DTDC,Jaipur,Tier-3,10,6,527.0,5.45
2026-07-15,DTDC,Lucknow,Tier-3,11,3,238.0,4.73
2026-07-15,Kwikship,Mumbai,Tier-1,9,0,0.0,4.11
2026-07-15,Kwikship,Delhi,Tier-1,4,1,6502.0,7.6
2026-07-15,Kwikship,Pune,Tier-2,10,0,0.0,5.1
2026-07-15,Kwikship,Indore,Tier-2,3,0,0.0,6.33
2026-07-15,Kwikship,Jaipur,Tier-3,12,7,567.0,4.83
2026-07-15,Kwikship,Lucknow,Tier-3,9,3,0.0,6.33
2026-07-16,Delhivery,Mumbai,Tier-1,7,1,250.0,5.57
2026-07-16,Delhivery,Delhi,Tier-1,8,1,248.0,5.13
2026-07-16,Delhivery,Pune,Tier-2,12,4,1103.0,5.58
2026-07-16,Delhivery,Indore,Tier-2,12,4,724.0,6.42
2026-07-16,Delhivery,Jaipur,Tier-3,10,2,502.0,6.4
2026-07-16,Delhivery,Lucknow,Tier-3,10,1,391.0,3.6
2026-07-16,Bluedart,Mumbai,Tier-1,9,0,0.0,5.11
2026-07-16,Bluedart,Delhi,Tier-1,7,1,0.0,5.88
2026-07-16,Bluedart,Pune,Tier-2,7,0,0.0,5.57
2026-07-16,Bluedart,Indore,Tier-2,11,0,0.0,5.09
2026-07-16,Bluedart,Jaipur,Tier-3,12,7,436.0,6.58
2026-07-16,Bluedart,Lucknow,Tier-3,8,4,649.0,5.33
2026-07-16,Shiprocket,Mumbai,Tier-1,8,0,0.0,5.63
2026-07-16,Shiprocket,Delhi,Tier-1,4,0,0.0,7.25
2026-07-16,Shiprocket,Pune,Tier-2,12,1,240.0,5.92
2026-07-16,Shiprocket,Indore,Tier-2,7,1,165.0,5.29
2026-07-16,Shiprocket,Jaipur,Tier-3,5,0,0.0,6.6
2026-07-16,Shiprocket,Lucknow,Tier-3,9,0,0.0,5.33
2026-07-16,DTDC,Mumbai,Tier-1,4,3,269.0,5.8
2026-07-16,DTDC,Delhi,Tier-1,9,6,96.0,5.33
2026-07-16,DTDC,Pune,Tier-2,8,1,19.0,5.13
2026-07-16,DTDC,Indore,Tier-2,8,4,70.0,6.5
2026-07-16,DTDC,Jaipur,Tier-3,8,4,59.0,5.75
2026-07-16,DTDC,Lucknow,Tier-3,4,1,19.0,6.5
2026-07-16,Kwikship,Mumbai,Tier-1,10,1,139.0,6.6
2026-07-16,Kwikship,Delhi,Tier-1,7,1,138.0,6.43
2026-07-16,Kwikship,Pune,Tier-2,7,1,0.0,4.88
2026-07-16,Kwikship,Indore,Tier-2,6,0,0.0,6.83
2026-07-16,Kwikship,Jaipur,Tier-3,10,5,0.0,4.4
2026-07-16,Kwikship,Lucknow,Tier-3,8,3,0.0,5.38
2026-07-17,Delhivery,Mumbai,Tier-1,8,3,782.0,6.5
2026-07-17,Delhivery,Delhi,Tier-1,6,1,260.0,6.0
2026-07-17,Delhivery,Pune,Tier-2,8,3,500.0,5.63
2026-07-17,Delhivery,Indore,Tier-2,10,3,559.0,5.8
2026-07-17,Delhivery,Jaipur,Tier-3,11,1,285.0,6.45
2026-07-17,Delhivery,Lucknow,Tier-3,14,2,552.0,5.5
2026-07-17,Bluedart,Mumbai,Tier-1,13,1,228.0,6.08
2026-07-17,Bluedart,Delhi,Tier-1,9,0,0.0,5.89
2026-07-17,Bluedart,Pune,Tier-2,8,0,0.0,5.88
2026-07-17,Bluedart,Indore,Tier-2,10,1,227.0,5.8
2026-07-17,Bluedart,Jaipur,Tier-3,8,4,271.0,5.5
2026-07-17,Bluedart,Lucknow,Tier-3,6,4,353.0,4.83
2026-07-17,Shiprocket,Mumbai,Tier-1,7,1,165.0,5.57
2026-07-17,Shiprocket,Delhi,Tier-1,13,2,420.0,4.77
2026-07-17,Shiprocket,Pune,Tier-2,5,1,6002.0,6.67
2026-07-17,Shiprocket,Indore,Tier-2,7,0,0.0,5.29
2026-07-17,Shiprocket,Jaipur,Tier-3,7,0,0.0,4.71
2026-07-17,Shiprocket,Lucknow,Tier-3,7,0,0.0,4.86
2026-07-17,DTDC,Mumbai,Tier-1,4,1,13.0,5.75
2026-07-17,DTDC,Delhi,Tier-1,9,4,70.0,4.56
2026-07-17,DTDC,Pune,Tier-2,10,4,59.0,4.7
2026-07-17,DTDC,Indore,Tier-2,5,3,284.0,5.33
2026-07-17,DTDC,Jaipur,Tier-3,9,1,19.0,7.22
2026-07-17,DTDC,Lucknow,Tier-3,8,1,186.0,6.67
2026-07-17,Kwikship,Mumbai,Tier-1,13,2,439.0,5.38
2026-07-17,Kwikship,Delhi,Tier-1,11,0,0.0,5.0
2026-07-17,Kwikship,Pune,Tier-2,13,2,2838.0,5.07
2026-07-17,Kwikship,Indore,Tier-2,14,1,238.0,6.07
2026-07-17,Kwikship,Jaipur,Tier-3,7,1,111.0,4.13
2026-07-17,Kwikship,Lucknow,Tier-3,11,4,301.0,4.82
2026-07-18,Delhivery,Mumbai,Tier-1,13,5,5650.0,5.57
2026-07-18,Delhivery,Delhi,Tier-1,7,3,587.0,4.86
2026-07-18,Delhivery,Pune,Tier-2,6,1,245.0,7.5
2026-07-18,Delhivery,Indore,Tier-2,13,3,763.0,5.54
2026-07-18,Delhivery,Jaipur,Tier-3,12,1,408.0,6.67
2026-07-18,Delhivery,Lucknow,Tier-3,5,0,0.0,6.2
2026-07-18,Bluedart,Mumbai,Tier-1,9,1,206.0,5.0
2026-07-18,Bluedart,Delhi,Tier-1,9,0,0.0,5.78
2026-07-18,Bluedart,Pune,Tier-2,11,2,197.0,5.08
2026-07-18,Bluedart,Indore,Tier-2,8,1,169.0,5.88
2026-07-18,Bluedart,Jaipur,Tier-3,16,10,738.0,5.78
2026-07-18,Bluedart,Lucknow,Tier-3,12,9,613.0,5.83
2026-07-18,Shiprocket,Mumbai,Tier-1,8,0,0.0,5.88
2026-07-18,Shiprocket,Delhi,Tier-1,9,0,0.0,5.56
2026-07-18,Shiprocket,Pune,Tier-2,11,0,0.0,5.73
2026-07-18,Shiprocket,Indore,Tier-2,11,2,2754.0,6.67
2026-07-18,Shiprocket,Jaipur,Tier-3,10,1,139.0,6.3
2026-07-18,Shiprocket,Lucknow,Tier-3,11,1,157.0,5.55
2026-07-18,DTDC,Mumbai,Tier-1,10,6,350.0,7.82
2026-07-18,DTDC,Delhi,Tier-1,9,2,256.0,5.5
2026-07-18,DTDC,Pune,Tier-2,12,6,91.0,5.5
2026-07-18,DTDC,Indore,Tier-2,7,3,45.0,4.71
2026-07-18,DTDC,Jaipur,Tier-3,12,2,137.0,6.08
2026-07-18,DTDC,Lucknow,Tier-3,11,3,157.0,6.55
2026-07-18,Kwikship,Mumbai,Tier-1,11,0,0.0,5.27
2026-07-18,Kwikship,Delhi,Tier-1,7,0,0.0,4.71
2026-07-18,Kwikship,Pune,Tier-2,7,1,220.0,5.14
2026-07-18,Kwikship,Indore,Tier-2,8,1,212.0,5.0
2026-07-18,Kwikship,Jaipur,Tier-3,8,2,0.0,4.88
2026-07-18,Kwikship,Lucknow,Tier-3,8,3,466.0,6.09
2026-07-19,Delhivery,Mumbai,Tier-1,14,2,492.0,5.57
2026-07-19,Delhivery,Delhi,Tier-1,10,0,0.0,6.1
2026-07-19,Delhivery,Pune,Tier-2,7,1,314.0,5.86
2026-07-19,Delhivery,Indore,Tier-2,6,2,487.0,4.83
2026-07-19,Delhivery,Jaipur,Tier-3,7,2,199.0,5.75
2026-07-19,Delhivery,Lucknow,Tier-3,10,4,920.0,5.0
2026-07-19,Bluedart,Mumbai,Tier-1,10,0,0.0,6.4
2026-07-19,Bluedart,Delhi,Tier-1,8,0,0.0,6.13
2026-07-19,Bluedart,Pune,Tier-2,10,1,208.0,6.0
2026-07-19,Bluedart,Indore,Tier-2,12,0,0.0,6.5
2026-07-19,Bluedart,Jaipur,Tier-3,6,2,137.0,5.83
2026-07-19,Bluedart,Lucknow,Tier-3,10,9,920.0,5.82
2026-07-19,Shiprocket,Mumbai,Tier-1,10,0,0.0,5.7
2026-07-19,Shiprocket,Delhi,Tier-1,10,0,0.0,6.4
2026-07-19,Shiprocket,Pune,Tier-2,9,1,131.0,5.67
2026-07-19,Shiprocket,Indore,Tier-2,6,2,404.0,5.0
2026-07-19,Shiprocket,Jaipur,Tier-3,6,0,0.0,4.33
2026-07-19,Shiprocket,Lucknow,Tier-3,15,0,0.0,5.53
2026-07-19,DTDC,Mumbai,Tier-1,11,3,51.0,6.0
2026-07-19,DTDC,Delhi,Tier-1,12,7,273.0,5.92
2026-07-19,DTDC,Pune,Tier-2,12,2,207.0,6.14
2026-07-19,DTDC,Indore,Tier-2,7,1,19.0,5.0
2026-07-19,DTDC,Jaipur,Tier-3,8,3,40.0,4.75
2026-07-19,DTDC,Lucknow,Tier-3,9,4,204.0,5.78
2026-07-19,Kwikship,Mumbai,Tier-1,12,1,3548.0,5.93
2026-07-19,Kwikship,Delhi,Tier-1,10,5,11278.0,6.31
2026-07-19,Kwikship,Pune,Tier-2,5,1,119.0,4.6
2026-07-19,Kwikship,Indore,Tier-2,14,2,220.0,5.87
2026-07-19,Kwikship,Jaipur,Tier-3,7,3,0.0,4.43
2026-07-19,Kwikship,Lucknow,Tier-3,11,3,236.0,7.0
2026-07-20,Delhivery,Mumbai,Tier-1,9,6,1475.0,4.78
2026-07-20,Delhivery,Delhi,Tier-1,12,3,516.0,6.5
2026-07-20,Delhivery,Pune,Tier-2,12,4,683.0,6.58
2026-07-20,Delhivery,Indore,Tier-2,8,0,0.0,6.25
2026-07-20,Delhivery,Jaipur,Tier-3,9,3,744.0,4.0
2026-07-20,Delhivery,Lucknow,Tier-3,5,1,222.0,4.2
2026-07-20,Bluedart,Mumbai,Tier-1,5,0,0.0,5.6
2026-07-20,Bluedart,Delhi,Tier-1,10,4,745.0,6.4
2026-07-20,Bluedart,Pune,Tier-2,12,0,0.0,6.17
2026-07-20,Bluedart,Indore,Tier-2,11,2,393.0,5.73
2026-07-20,Bluedart,Jaipur,Tier-3,8,2,101.0,6.25
2026-07-20,Bluedart,Lucknow,Tier-3,13,9,952.0,5.38
2026-07-20,Shiprocket,Mumbai,Tier-1,12,0,0.0,5.75
2026-07-20,Shiprocket,Delhi,Tier-1,10,1,126.0,5.9
2026-07-20,Shiprocket,Pune,Tier-2,4,0,0.0,5.0
2026-07-20,Shiprocket,Indore,Tier-2,8,0,0.0,4.25
2026-07-20,Shiprocket,Jaipur,Tier-3,6,0,0.0,5.67
2026-07-20,Shiprocket,Lucknow,Tier-3,13,1,144.0,4.54
2026-07-20,DTDC,Mumbai,Tier-1,10,6,95.0,5.45
2026-07-20,DTDC,Delhi,Tier-1,12,7,258.0,5.67
2026-07-20,DTDC,Pune,Tier-2,13,5,78.0,5.62
2026-07-20,DTDC,Indore,Tier-2,9,3,186.0,4.56
2026-07-20,DTDC,Jaipur,Tier-3,6,4,151.0,4.5
2026-07-20,DTDC,Lucknow,Tier-3,7,3,152.0,5.75
2026-07-20,Kwikship,Mumbai,Tier-1,7,0,0.0,6.29
2026-07-20,Kwikship,Delhi,Tier-1,14,0,0.0,4.86
2026-07-20,Kwikship,Pune,Tier-2,8,1,239.0,6.63
2026-07-20,Kwikship,Indore,Tier-2,3,1,181.0,3.33
2026-07-20,Kwikship,Jaipur,Tier-3,6,1,0.0,4.67
2026-07-20,Kwikship,Lucknow,Tier-3,14,4,0.0,5.36
2026-07-21,Delhivery,Mumbai,Tier-1,11,0,0.0,5.36
2026-07-21,Delhivery,Delhi,Tier-1,7,3,10217.0,3.0
2026-07-21,Delhivery,Pune,Tier-2,7,3,761.0,4.29
2026-07-21,Delhivery,Indore,Tier-2,12,2,551.0,5.42
2026-07-21,Delhivery,Jaipur,Tier-3,6,0,0.0,5.5
2026-07-21,Delhivery,Lucknow,Tier-3,12,1,194.0,6.83
2026-07-21,Bluedart,Mumbai,Tier-1,12,0,0.0,5.83
2026-07-21,Bluedart,Delhi,Tier-1,22,2,251.0,5.14
2026-07-21,Bluedart,Pune,Tier-2,7,0,0.0,5.29
2026-07-21,Bluedart,Indore,Tier-2,6,0,0.0,6.5
2026-07-21,Bluedart,Jaipur,Tier-3,10,6,501.0,6.8
2026-07-21,Bluedart,Lucknow,Tier-3,8,4,673.0,5.44
2026-07-21,Shiprocket,Mumbai,Tier-1,11,2,358.0,7.0
2026-07-21,Shiprocket,Delhi,Tier-1,7,0,0.0,5.57
2026-07-21,Shiprocket,Pune,Tier-2,11,1,221.0,4.45
2026-07-21,Shiprocket,Indore,Tier-2,9,0,0.0,6.22
2026-07-21,Shiprocket,Jaipur,Tier-3,12,1,101.0,5.67
2026-07-21,Shiprocket,Lucknow,Tier-3,13,2,376.0,6.23
2026-07-21,DTDC,Mumbai,Tier-1,15,10,475.0,4.5
2026-07-21,DTDC,Delhi,Tier-1,12,3,46.0,5.0
2026-07-21,DTDC,Pune,Tier-2,14,7,1587.0,7.13
2026-07-21,DTDC,Indore,Tier-2,5,1,19.0,5.6
2026-07-21,DTDC,Jaipur,Tier-3,11,4,70.0,6.64
2026-07-21,DTDC,Lucknow,Tier-3,10,4,51.0,5.45
2026-07-21,Kwikship,Mumbai,Tier-1,8,3,504.0,6.0
2026-07-21,Kwikship,Delhi,Tier-1,11,1,6204.0,6.58
2026-07-21,Kwikship,Pune,Tier-2,20,0,0.0,4.2
2026-07-21,Kwikship,Indore,Tier-2,10,0,0.0,6.6
2026-07-21,Kwikship,Jaipur,Tier-3,12,1,0.0,6.0
2026-07-21,Kwikship,Lucknow,Tier-3,14,7,111.0,5.14
2026-07-22,Delhivery,Mumbai,Tier-1,11,2,400.0,6.64
2026-07-22,Delhivery,Delhi,Tier-1,7,1,284.0,3.57
2026-07-22,Delhivery,Pune,Tier-2,13,4,950.0,6.46
2026-07-22,Delhivery,Indore,Tier-2,11,3,955.0,5.73
2026-07-22,Delhivery,Jaipur,Tier-3,8,0,0.0,5.75
2026-07-22,Delhivery,Lucknow,Tier-3,6,2,618.0,4.33
2026-07-22,Bluedart,Mumbai,Tier-1,9,0,0.0,5.67
2026-07-22,Bluedart,Delhi,Tier-1,7,0,0.0,6.57
2026-07-22,Bluedart,Pune,Tier-2,15,1,127.0,5.33
2026-07-22,Bluedart,Indore,Tier-2,14,2,362.0,4.86
2026-07-22,Bluedart,Jaipur,Tier-3,16,11,1129.0,4.89
2026-07-22,Bluedart,Lucknow,Tier-3,8,1,123.0,5.88
2026-07-22,Shiprocket,Mumbai,Tier-1,12,0,0.0,5.25
2026-07-22,Shiprocket,Delhi,Tier-1,9,0,0.0,6.67
2026-07-22,Shiprocket,Pune,Tier-2,8,1,107.0,6.88
2026-07-22,Shiprocket,Indore,Tier-2,7,0,0.0,4.57
2026-07-22,Shiprocket,Jaipur,Tier-3,17,1,0.0,4.06
2026-07-22,Shiprocket,Lucknow,Tier-3,6,0,0.0,6.5
2026-07-22,DTDC,Mumbai,Tier-1,7,1,19.0,6.57
2026-07-22,DTDC,Delhi,Tier-1,11,5,214.0,3.58
2026-07-22,DTDC,Pune,Tier-2,5,3,9822.0,6.0
2026-07-22,DTDC,Indore,Tier-2,13,2,144.0,4.77
2026-07-22,DTDC,Jaipur,Tier-3,10,5,255.0,5.6
2026-07-22,DTDC,Lucknow,Tier-3,8,7,598.0,4.89
2026-07-22,Kwikship,Mumbai,Tier-1,6,1,192.0,5.33
2026-07-22,Kwikship,Delhi,Tier-1,10,0,0.0,6.5
2026-07-22,Kwikship,Pune,Tier-2,6,1,159.0,5.67
2026-07-22,Kwikship,Indore,Tier-2,11,1,155.0,5.27
2026-07-22,Kwikship,Jaipur,Tier-3,10,2,0.0,4.3
2026-07-22,Kwikship,Lucknow,Tier-3,7,3,0.0,6.0
2026-07-23,Delhivery,Mumbai,Tier-1,12,4,951.0,5.67
2026-07-23,Delhivery,Delhi,Tier-1,10,0,0.0,6.6
2026-07-23,Delhivery,Pune,Tier-2,9,3,770.0,5.44
2026-07-23,Delhivery,Indore,Tier-2,8,0,0.0,6.38
2026-07-23,Delhivery,Jaipur,Tier-3,8,0,0.0,4.5
2026-07-23,Delhivery,Lucknow,Tier-3,3,0,0.0,5.67
2026-07-23,Bluedart,Mumbai,Tier-1,13,1,212.0,5.08
2026-07-23,Bluedart,Delhi,Tier-1,10,1,8486.0,6.0
2026-07-23,Bluedart,Pune,Tier-2,5,1,217.0,5.2
2026-07-23,Bluedart,Indore,Tier-2,8,1,216.0,5.5
2026-07-23,Bluedart,Jaipur,Tier-3,7,6,283.0,4.29
2026-07-23,Bluedart,Lucknow,Tier-3,11,6,378.0,4.64
2026-07-23,Shiprocket,Mumbai,Tier-1,8,0,0.0,5.88
2026-07-23,Shiprocket,Delhi,Tier-1,9,0,0.0,5.33
2026-07-23,Shiprocket,Pune,Tier-2,8,0,0.0,5.75
2026-07-23,Shiprocket,Indore,Tier-2,4,0,0.0,4.0
2026-07-23,Shiprocket,Jaipur,Tier-3,8,0,0.0,5.88
2026-07-23,Shiprocket,Lucknow,Tier-3,11,1,197.0,6.09
2026-07-23,DTDC,Mumbai,Tier-1,8,6,659.0,6.3
2026-07-23,DTDC,Delhi,Tier-1,13,6,181.0,5.23
2026-07-23,DTDC,Pune,Tier-2,7,3,32.0,5.75
2026-07-23,DTDC,Indore,Tier-2,8,4,76.0,7.38
2026-07-23,DTDC,Jaipur,Tier-3,12,8,274.0,5.31
2026-07-23,DTDC,Lucknow,Tier-3,8,3,40.0,6.13
2026-07-23,Kwikship,Mumbai,Tier-1,9,0,0.0,5.44
2026-07-23,Kwikship,Delhi,Tier-1,12,0,0.0,4.0
2026-07-23,Kwikship,Pune,Tier-2,9,0,0.0,5.22
2026-07-23,Kwikship,Indore,Tier-2,2,0,0.0,8.0
2026-07-23,Kwikship,Jaipur,Tier-3,8,1,232.0,4.0
2026-07-23,Kwikship,Lucknow,Tier-3,6,2,0.0,6.17
2026-07-24,Delhivery,Mumbai,Tier-1,8,2,605.0,6.13
2026-07-24,Delhivery,Delhi,Tier-1,10,1,143.0,4.9
2026-07-24,Delhivery,Pune,Tier-2,6,0,0.0,4.5
2026-07-24,Delhivery,Indore,Tier-2,7,2,402.0,6.71
2026-07-24,Delhivery,Jaipur,Tier-3,12,1,296.0,6.42
2026-07-24,Delhivery,Lucknow,Tier-3,5,0,0.0,7.2
2026-07-24,Bluedart,Mumbai,Tier-1,10,2,439.0,6.8
2026-07-24,Bluedart,Delhi,Tier-1,14,2,405.0,5.36
2026-07-24,Bluedart,Pune,Tier-2,10,1,199.0,6.3
2026-07-24,Bluedart,Indore,Tier-2,12,1,227.0,6.17
2026-07-24,Bluedart,Jaipur,Tier-3,11,7,502.0,4.82
2026-07-24,Bluedart,Lucknow,Tier-3,12,5,430.0,6.31
2026-07-24,Shiprocket,Mumbai,Tier-1,8,0,0.0,6.0
2026-07-24,Shiprocket,Delhi,Tier-1,16,1,157.0,5.94
2026-07-24,Shiprocket,Pune,Tier-2,11,1,149.0,4.82
2026-07-24,Shiprocket,Indore,Tier-2,9,1,155.0,5.78
2026-07-24,Shiprocket,Jaipur,Tier-3,10,0,0.0,6.2
2026-07-24,Shiprocket,Lucknow,Tier-3,8,0,0.0,6.38
2026-07-24,DTDC,Mumbai,Tier-1,8,5,351.0,5.0
2026-07-24,DTDC,Delhi,Tier-1,8,5,334.0,5.63
2026-07-24,DTDC,Pune,Tier-2,10,3,46.0,5.4
2026-07-24,DTDC,Indore,Tier-2,8,5,330.0,4.89
2026-07-24,DTDC,Jaipur,Tier-3,24,8,551.0,4.96
2026-07-24,DTDC,Lucknow,Tier-3,6,2,38.0,5.33
2026-07-24,Kwikship,Mumbai,Tier-1,8,1,188.0,4.38
2026-07-24,Kwikship,Delhi,Tier-1,6,1,218.0,5.33
2026-07-24,Kwikship,Pune,Tier-2,10,1,219.0,5.9
2026-07-24,Kwikship,Indore,Tier-2,13,1,108.0,5.23
2026-07-24,Kwikship,Jaipur,Tier-3,12,1,0.0,5.33
2026-07-24,Kwikship,Lucknow,Tier-3,5,3,0.0,5.2
2026-07-25,Delhivery,Mumbai,Tier-1,11,4,1095.0,5.08
2026-07-25,Delhivery,Delhi,Tier-1,9,1,214.0,6.33
2026-07-25,Delhivery,Pune,Tier-2,12,1,342.0,5.5
2026-07-25,Delhivery,Indore,Tier-2,11,3,601.0,5.09
2026-07-25,Delhivery,Jaipur,Tier-3,6,2,403.0,5.17
2026-07-25,Delhivery,Lucknow,Tier-3,11,4,890.0,5.82
2026-07-25,Bluedart,Mumbai,Tier-1,8,0,0.0,6.0
2026-07-25,Bluedart,Delhi,Tier-1,6,1,179.0,6.17
2026-07-25,Bluedart,Pune,Tier-2,6,0,0.0,4.5
2026-07-25,Bluedart,Indore,Tier-2,10,0,0.0,5.7
2026-07-25,Bluedart,Jaipur,Tier-3,6,4,574.0,6.43
2026-07-25,Bluedart,Lucknow,Tier-3,15,8,559.0,5.47
2026-07-25,Shiprocket,Mumbai,Tier-1,8,1,122.0,6.5
2026-07-25,Shiprocket,Delhi,Tier-1,2,0,0.0,7.0
2026-07-25,Shiprocket,Pune,Tier-2,11,0,0.0,5.27
2026-07-25,Shiprocket,Indore,Tier-2,8,1,243.0,6.75
2026-07-25,Shiprocket,Jaipur,Tier-3,13,1,199.0,5.62
2026-07-25,Shiprocket,Lucknow,Tier-3,9,1,127.0,5.33
2026-07-25,DTDC,Mumbai,Tier-1,10,1,19.0,5.1
2026-07-25,DTDC,Delhi,Tier-1,8,4,65.0,5.88
2026-07-25,DTDC,Pune,Tier-2,9,5,891.0,3.2
2026-07-25,DTDC,Indore,Tier-2,11,5,95.0,5.91
2026-07-25,DTDC,Jaipur,Tier-3,8,4,64.0,5.5
2026-07-25,DTDC,Lucknow,Tier-3,9,2,38.0,4.89
2026-07-25,Kwikship,Mumbai,Tier-1,10,2,293.0,4.9
2026-07-25,Kwikship,Delhi,Tier-1,5,0,0.0,7.2
2026-07-25,Kwikship,Pune,Tier-2,4,0,0.0,4.0
2026-07-25,Kwikship,Indore,Tier-2,10,0,0.0,4.8
2026-07-25,Kwikship,Jaipur,Tier-3,12,5,12092.0,4.13
2026-07-25,Kwikship,Lucknow,Tier-3,11,6,0.0,4.45
2026-07-26,Delhivery,Mumbai,Tier-1,9,2,258.0,5.67
2026-07-26,Delhivery,Delhi,Tier-1,9,2,363.0,5.44
2026-07-26,Delhivery,Pune,Tier-2,11,0,0.0,3.91
2026-07-26,Delhivery,Indore,Tier-2,15,2,8091.0,4.35
2026-07-26,Delhivery,Jaipur,Tier-3,3,0,0.0,4.33
2026-07-26,Delhivery,Lucknow,Tier-3,7,1,166.0,6.29
2026-07-26,Bluedart,Mumbai,Tier-1,11,1,144.0,5.36
2026-07-26,Bluedart,Delhi,Tier-1,13,2,8535.0,5.0
2026-07-26,Bluedart,Pune,Tier-2,10,1,244.0,5.1
2026-07-26,Bluedart,Indore,Tier-2,12,1,109.0,6.42
2026-07-26,Bluedart,Jaipur,Tier-3,13,6,460.0,6.23
2026-07-26,Bluedart,Lucknow,Tier-3,10,5,279.0,5.0
2026-07-26,Shiprocket,Mumbai,Tier-1,4,0,0.0,2.75
2026-07-26,Shiprocket,Delhi,Tier-1,13,1,9362.0,5.5
2026-07-26,Shiprocket,Pune,Tier-2,8,0,0.0,4.63
2026-07-26,Shiprocket,Indore,Tier-2,11,3,344.0,4.55
2026-07-26,Shiprocket,Jaipur,Tier-3,12,1,171.0,3.83
2026-07-26,Shiprocket,Lucknow,Tier-3,8,0,0.0,7.13
2026-07-26,DTDC,Mumbai,Tier-1,12,4,70.0,6.33
2026-07-26,DTDC,Delhi,Tier-1,5,2,38.0,6.6
2026-07-26,DTDC,Pune,Tier-2,12,4,57.0,4.54
2026-07-26,DTDC,Indore,Tier-2,12,6,356.0,4.69
2026-07-26,DTDC,Jaipur,Tier-3,6,3,230.0,4.83
2026-07-26,DTDC,Lucknow,Tier-3,9,6,273.0,5.89
2026-07-26,Kwikship,Mumbai,Tier-1,12,1,150.0,3.83
2026-07-26,Kwikship,Delhi,Tier-1,9,0,0.0,7.0
2026-07-26,Kwikship,Pune,Tier-2,5,0,0.0,5.4
2026-07-26,Kwikship,Indore,Tier-2,9,1,7760.0,3.9
2026-07-26,Kwikship,Jaipur,Tier-3,12,4,198.0,5.25
2026-07-26,Kwikship,Lucknow,Tier-3,11,3,0.0,4.45
2026-07-27,Delhivery,Mumbai,Tier-1,13,1,247.0,5.0
2026-07-27,Delhivery,Delhi,Tier-1,12,5,686.0,5.77
2026-07-27,Delhivery,Pune,Tier-2,7,0,0.0,4.43
2026-07-27,Delhivery,Indore,Tier-2,15,2,327.0,4.47
2026-07-27,Delhivery,Jaipur,Tier-3,10,0,0.0,6.1
2026-07-27,Delhivery,Lucknow,Tier-3,9,0,0.0,5.89
2026-07-27,Bluedart,Mumbai,Tier-1,7,1,120.0,5.71
2026-07-27,Bluedart,Delhi,Tier-1,4,2,369.0,4.25
2026-07-27,Bluedart,Pune,Tier-2,8,2,292.0,5.63
2026-07-27,Bluedart,Indore,Tier-2,7,1,170.0,5.14
2026-07-27,Bluedart,Jaipur,Tier-3,12,9,710.0,3.75
2026-07-27,Bluedart,Lucknow,Tier-3,7,4,5984.0,5.75
2026-07-27,Shiprocket,Mumbai,Tier-1,12,1,202.0,5.75
2026-07-27,Shiprocket,Delhi,Tier-1,10,0,0.0,4.5
2026-07-27,Shiprocket,Pune,Tier-2,13,0,0.0,5.69
2026-07-27,Shiprocket,Indore,Tier-2,12,5,9644.0,6.0
2026-07-27,Shiprocket,Jaipur,Tier-3,13,2,310.0,5.46
2026-07-27,Shiprocket,Lucknow,Tier-3,5,0,0.0,4.6
2026-07-27,DTDC,Mumbai,Tier-1,9,0,0.0,5.56
2026-07-27,DTDC,Delhi,Tier-1,2,1,13.0,5.0
2026-07-27,DTDC,Pune,Tier-2,9,3,46.0,6.0
2026-07-27,DTDC,Indore,Tier-2,8,3,182.0,6.0
2026-07-27,DTDC,Jaipur,Tier-3,6,2,38.0,6.17
2026-07-27,DTDC,Lucknow,Tier-3,12,6,217.0,4.85
2026-07-27,Kwikship,Mumbai,Tier-1,7,1,169.0,5.43
2026-07-27,Kwikship,Delhi,Tier-1,10,1,245.0,4.6
2026-07-27,Kwikship,Pune,Tier-2,12,0,0.0,4.92
2026-07-27,Kwikship,Indore,Tier-2,12,1,210.0,5.5
2026-07-27,Kwikship,Jaipur,Tier-3,11,5,425.0,4.85
2026-07-27,Kwikship,Lucknow,Tier-3,5,2,10200.0,6.0
2026-07-28,Delhivery,Mumbai,Tier-1,9,1,526.0,5.5
2026-07-28,Delhivery,Delhi,Tier-1,8,4,986.0,5.25
2026-07-28,Delhivery,Pune,Tier-2,6,2,380.0,6.17
2026-07-28,Delhivery,Indore,Tier-2,9,1,236.0,4.89
2026-07-28,Delhivery,Jaipur,Tier-3,9,2,461.0,5.56
2026-07-28,Delhivery,Lucknow,Tier-3,13,4,952.0,6.0
2026-07-28,Bluedart,Mumbai,Tier-1,8,0,0.0,4.63
2026-07-28,Bluedart,Delhi,Tier-1,10,1,112.0,6.3
2026-07-28,Bluedart,Pune,Tier-2,11,0,0.0,5.45
2026-07-28,Bluedart,Indore,Tier-2,11,1,151.0,6.09
2026-07-28,Bluedart,Jaipur,Tier-3,7,4,310.0,3.57
2026-07-28,Bluedart,Lucknow,Tier-3,10,5,506.0,6.3
2026-07-28,Shiprocket,Mumbai,Tier-1,5,0,0.0,4.4
2026-07-28,Shiprocket,Delhi,Tier-1,11,2,242.0,3.92
2026-07-28,Shiprocket,Pune,Tier-2,9,0,0.0,4.89
2026-07-28,Shiprocket,Indore,Tier-2,11,0,0.0,6.0
2026-07-28,Shiprocket,Jaipur,Tier-3,9,1,162.0,6.33
2026-07-28,Shiprocket,Lucknow,Tier-3,10,1,130.0,5.7
2026-07-28,DTDC,Mumbai,Tier-1,10,5,77.0,6.8
2026-07-28,DTDC,Delhi,Tier-1,7,3,57.0,6.43
2026-07-28,DTDC,Pune,Tier-2,12,4,70.0,5.42
2026-07-28,DTDC,Indore,Tier-2,13,2,32.0,4.85
2026-07-28,DTDC,Jaipur,Tier-3,5,2,38.0,5.8
2026-07-28,DTDC,Lucknow,Tier-3,11,3,282.0,4.25
2026-07-28,Kwikship,Mumbai,Tier-1,8,1,118.0,4.25
2026-07-28,Kwikship,Delhi,Tier-1,14,0,0.0,5.57
2026-07-28,Kwikship,Pune,Tier-2,8,1,224.0,5.5
2026-07-28,Kwikship,Indore,Tier-2,8,0,0.0,6.63
2026-07-28,Kwikship,Jaipur,Tier-3,12,6,310.0,5.21
2026-07-28,Kwikship,Lucknow,Tier-3,11,2,0.0,5.45
2026-07-29,Delhivery,Mumbai,Tier-1,7,3,623.0,6.71
2026-07-29,Delhivery,Delhi,Tier-1,11,2,347.0,5.55
2026-07-29,Delhivery,Pune,Tier-2,7,0,0.0,4.71
2026-07-29,Delhivery,Indore,Tier-2,8,1,173.0,6.13
2026-07-29,Delhivery,Jaipur,Tier-3,4,1,227.0,5.0
2026-07-29,Delhivery,Lucknow,Tier-3,11,2,553.0,5.17
2026-07-29,Bluedart,Mumbai,Tier-1,8,1,146.0,5.63
2026-07-29,Bluedart,Delhi,Tier-1,9,0,0.0,7.56
2026-07-29,Bluedart,Pune,Tier-2,13,2,338.0,6.15
2026-07-29,Bluedart,Indore,Tier-2,7,1,241.0,4.29
2026-07-29,Bluedart,Jaipur,Tier-3,21,6,373.0,5.05
2026-07-29,Bluedart,Lucknow,Tier-3,8,3,315.0,5.88
2026-07-29,Shiprocket,Mumbai,Tier-1,9,1,217.0,5.11
2026-07-29,Shiprocket,Delhi,Tier-1,11,2,223.0,5.82
2026-07-29,Shiprocket,Pune,Tier-2,18,1,196.0,5.94
2026-07-29,Shiprocket,Indore,Tier-2,9,0,0.0,4.56
2026-07-29,Shiprocket,Jaipur,Tier-3,11,0,0.0,4.91
2026-07-29,Shiprocket,Lucknow,Tier-3,10,0,0.0,5.4
2026-07-29,DTDC,Mumbai,Tier-1,7,2,247.0,7.0
2026-07-29,DTDC,Delhi,Tier-1,7,2,38.0,4.86
2026-07-29,DTDC,Pune,Tier-2,13,5,3524.0,6.5
2026-07-29,DTDC,Indore,Tier-2,6,4,261.0,6.29
2026-07-29,DTDC,Jaipur,Tier-3,10,4,161.0,5.2
2026-07-29,DTDC,Lucknow,Tier-3,13,7,640.0,4.29
2026-07-29,Kwikship,Mumbai,Tier-1,13,0,0.0,5.15
2026-07-29,Kwikship,Delhi,Tier-1,10,1,175.0,5.7
2026-07-29,Kwikship,Pune,Tier-2,5,0,0.0,4.4
2026-07-29,Kwikship,Indore,Tier-2,9,2,442.0,5.89
2026-07-29,Kwikship,Jaipur,Tier-3,15,4,0.0,4.8
2026-07-29,Kwikship,Lucknow,Tier-3,10,1,0.0,5.0
2026-07-30,Delhivery,Mumbai,Tier-1,12,1,189.0,6.5
2026-07-30,Delhivery,Delhi,Tier-1,18,6,9155.0,5.8
2026-07-30,Delhivery,Pune,Tier-2,8,2,302.0,5.63
2026-07-30,Delhivery,Indore,Tier-2,14,5,964.0,5.07
2026-07-30,Delhivery,Jaipur,Tier-3,10,0,0.0,6.1
2026-07-30,Delhivery,Lucknow,Tier-3,7,3,722.0,6.0
2026-07-30,Bluedart,Mumbai,Tier-1,7,0,0.0,7.86
2026-07-30,Bluedart,Delhi,Tier-1,15,3,353.0,6.19
2026-07-30,Bluedart,Pune,Tier-2,11,0,0.0,4.91
2026-07-30,Bluedart,Indore,Tier-2,13,1,125.0,5.31
2026-07-30,Bluedart,Jaipur,Tier-3,10,5,514.0,4.91
2026-07-30,Bluedart,Lucknow,Tier-3,10,6,440.0,6.45
2026-07-30,Shiprocket,Mumbai,Tier-1,6,1,202.0,5.67
2026-07-30,Shiprocket,Delhi,Tier-1,8,1,0.0,7.33
2026-07-30,Shiprocket,Pune,Tier-2,11,1,0.0,5.83
2026-07-30,Shiprocket,Indore,Tier-2,6,0,0.0,6.17
2026-07-30,Shiprocket,Jaipur,Tier-3,9,0,0.0,5.33
2026-07-30,Shiprocket,Lucknow,Tier-3,7,0,0.0,6.43
2026-07-30,DTDC,Mumbai,Tier-1,6,3,51.0,5.0
2026-07-30,DTDC,Delhi,Tier-1,12,3,182.0,5.46
2026-07-30,DTDC,Pune,Tier-2,10,4,270.0,5.7
2026-07-30,DTDC,Indore,Tier-2,6,2,38.0,5.83
2026-07-30,DTDC,Jaipur,Tier-3,15,8,519.0,5.56
2026-07-30,DTDC,Lucknow,Tier-3,10,6,500.0,6.4
2026-07-30,Kwikship,Mumbai,Tier-1,7,0,0.0,5.86
2026-07-30,Kwikship,Delhi,Tier-1,12,0,0.0,4.25
2026-07-30,Kwikship,Pune,Tier-2,9,0,0.0,5.67
2026-07-30,Kwikship,Indore,Tier-2,7,0,0.0,6.29
2026-07-30,Kwikship,Jaipur,Tier-3,7,6,0.0,4.71
2026-07-30,Kwikship,Lucknow,Tier-3,10,2,0.0,5.9
2026-07-31,Delhivery,Mumbai,Tier-1,14,9,2245.0,5.53
2026-07-31,Delhivery,Delhi,Tier-1,11,1,207.0,6.45
2026-07-31,Delhivery,Pune,Tier-2,8,1,195.0,5.0
2026-07-31,Delhivery,Indore,Tier-2,11,1,190.0,6.36
2026-07-31,Delhivery,Jaipur,Tier-3,20,5,1048.0,4.75
2026-07-31,Delhivery,Lucknow,Tier-3,11,2,553.0,6.09
2026-07-31,Bluedart,Mumbai,Tier-1,9,0,0.0,4.67
2026-07-31,Bluedart,Delhi,Tier-1,6,0,0.0,4.5
2026-07-31,Bluedart,Pune,Tier-2,10,3,9918.0,5.73
2026-07-31,Bluedart,Indore,Tier-2,14,2,330.0,5.14
2026-07-31,Bluedart,Jaipur,Tier-3,11,4,436.0,4.91
2026-07-31,Bluedart,Lucknow,Tier-3,9,5,516.0,4.6
2026-07-31,Shiprocket,Mumbai,Tier-1,7,0,0.0,6.57
2026-07-31,Shiprocket,Delhi,Tier-1,9,0,0.0,5.78
2026-07-31,Shiprocket,Pune,Tier-2,15,1,10404.0,4.56
2026-07-31,Shiprocket,Indore,Tier-2,13,2,387.0,4.31
2026-07-31,Shiprocket,Jaipur,Tier-3,4,0,0.0,6.5
2026-07-31,Shiprocket,Lucknow,Tier-3,9,0,0.0,6.22
2026-07-31,DTDC,Mumbai,Tier-1,10,6,594.0,5.3
2026-07-31,DTDC,Delhi,Tier-1,11,4,76.0,5.91
2026-07-31,DTDC,Pune,Tier-2,12,5,265.0,6.08
2026-07-31,DTDC,Indore,Tier-2,11,5,621.0,5.62
2026-07-31,DTDC,Jaipur,Tier-3,7,3,51.0,5.86
2026-07-31,DTDC,Lucknow,Tier-3,9,5,76.0,5.3
2026-07-31,Kwikship,Mumbai,Tier-1,5,1,136.0,6.4
2026-07-31,Kwikship,Delhi,Tier-1,10,2,168.0,5.64
2026-07-31,Kwikship,Pune,Tier-2,7,0,0.0,4.57
2026-07-31,Kwikship,Indore,Tier-2,10,1,171.0,5.6
2026-07-31,Kwikship,Jaipur,Tier-3,2,0,0.0,5.0
2026-07-31,Kwikship,Lucknow,Tier-3,12,2,212.0,6.33
2026-08-01,Delhivery,Mumbai,Tier-1,11,2,654.0,5.42
2026-08-01,Delhivery,Delhi,Tier-1,13,3,784.0,6.85
2026-08-01,Delhivery,Pune,Tier-2,11,2,399.0,6.09
2026-08-01,Delhivery,Indore,Tier-2,3,1,467.0,4.0
2026-08-01,Delhivery,Jaipur,Tier-3,6,1,130.0,5.17
2026-08-01,Delhivery,Lucknow,Tier-3,6,0,0.0,5.67
2026-08-01,Bluedart,Mumbai,Tier-1,10,0,0.0,5.9
2026-08-01,Bluedart,Delhi,Tier-1,10,0,0.0,4.3
2026-08-01,Bluedart,Pune,Tier-2,13,0,0.0,4.08
2026-08-01,Bluedart,Indore,Tier-2,14,1,179.0,5.86
2026-08-01,Bluedart,Jaipur,Tier-3,6,5,479.0,4.83
2026-08-01,Bluedart,Lucknow,Tier-3,7,1,122.0,6.43
2026-08-01,Shiprocket,Mumbai,Tier-1,6,1,101.0,6.5
2026-08-01,Shiprocket,Delhi,Tier-1,8,0,0.0,5.38
2026-08-01,Shiprocket,Pune,Tier-2,15,2,490.0,5.47
2026-08-01,Shiprocket,Indore,Tier-2,9,1,9302.0,5.5
2026-08-01,Shiprocket,Jaipur,Tier-3,9,0,0.0,4.33
2026-08-01,Shiprocket,Lucknow,Tier-3,11,1,202.0,4.55
2026-08-01,DTDC,Mumbai,Tier-1,11,7,716.0,5.62
2026-08-01,DTDC,Delhi,Tier-1,9,3,150.0,3.89
2026-08-01,DTDC,Pune,Tier-2,8,5,84.0,5.75
2026-08-01,DTDC,Indore,Tier-2,7,1,19.0,6.29
2026-08-01,DTDC,Jaipur,Tier-3,8,4,76.0,5.5
2026-08-01,DTDC,Lucknow,Tier-3,10,4,222.0,5.7
2026-08-01,Kwikship,Mumbai,Tier-1,9,1,201.0,5.11
2026-08-01,Kwikship,Delhi,Tier-1,6,0,0.0,6.33
2026-08-01,Kwikship,Pune,Tier-2,15,0,0.0,5.4
2026-08-01,Kwikship,Indore,Tier-2,9,2,358.0,5.67
2026-08-01,Kwikship,Jaipur,Tier-3,10,5,0.0,5.7
2026-08-01,Kwikship,Lucknow,Tier-3,6,1,0.0,7.17
2026-08-02,Delhivery,Mumbai,Tier-1,6,1,361.0,5.17
2026-08-02,Delhivery,Delhi,Tier-1,10,1,194.0,4.0
2026-08-02,Delhivery,Pune,Tier-2,6,3,730.0,3.29
2026-08-02,Delhivery,Indore,Tier-2,10,2,519.0,7.0
2026-08-02,Delhivery,Jaipur,Tier-3,6,0,0.0,5.67
2026-08-02,Delhivery,Lucknow,Tier-3,7,2,645.0,4.57
2026-08-02,Bluedart,Mumbai,Tier-1,10,0,0.0,7.1
2026-08-02,Bluedart,Delhi,Tier-1,7,0,0.0,5.43
2026-08-02,Bluedart,Pune,Tier-2,10,0,0.0,5.1
2026-08-02,Bluedart,Indore,Tier-2,10,0,0.0,5.7
2026-08-02,Bluedart,Jaipur,Tier-3,10,2,95.0,7.0
2026-08-02,Bluedart,Lucknow,Tier-3,9,6,7685.0,4.6
2026-08-02,Shiprocket,Mumbai,Tier-1,7,1,161.0,6.0
2026-08-02,Shiprocket,Delhi,Tier-1,11,1,162.0,6.45
2026-08-02,Shiprocket,Pune,Tier-2,10,0,0.0,6.9
2026-08-02,Shiprocket,Indore,Tier-2,9,1,164.0,4.22
2026-08-02,Shiprocket,Jaipur,Tier-3,15,1,228.0,5.73
2026-08-02,Shiprocket,Lucknow,Tier-3,6,0,0.0,7.0
2026-08-02,DTDC,Mumbai,Tier-1,16,5,66.0,4.31
2026-08-02,DTDC,Delhi,Tier-1,13,6,215.0,4.86
2026-08-02,DTDC,Pune,Tier-2,9,4,65.0,4.78
2026-08-02,DTDC,Indore,Tier-2,9,2,32.0,4.22
2026-08-02,DTDC,Jaipur,Tier-3,9,3,144.0,5.11
2026-08-02,DTDC,Lucknow,Tier-3,6,0,0.0,4.33
2026-08-02,Kwikship,Mumbai,Tier-1,8,1,189.0,5.13
2026-08-02,Kwikship,Delhi,Tier-1,8,0,0.0,5.25
2026-08-02,Kwikship,Pune,Tier-2,17,1,187.0,4.88
2026-08-02,Kwikship,Indore,Tier-2,11,1,168.0,5.73
2026-08-02,Kwikship,Jaipur,Tier-3,9,3,0.0,5.33
2026-08-02,Kwikship,Lucknow,Tier-3,6,4,223.0,6.17
2026-08-03,Delhivery,Mumbai,Tier-1,8,4,576.0,4.56
2026-08-03,Delhivery,Delhi,Tier-1,6,0,0.0,5.0
2026-08-03,Delhivery,Pune,Tier-2,9,1,173.0,3.67
2026-08-03,Delhivery,Indore,Tier-2,9,2,454.0,4.67
2026-08-03,Delhivery,Jaipur,Tier-3,6,1,214.0,6.0
2026-08-03,Delhivery,Lucknow,Tier-3,11,3,584.0,5.27
2026-08-03,Bluedart,Mumbai,Tier-1,8,0,0.0,6.13
2026-08-03,Bluedart,Delhi,Tier-1,11,0,0.0,4.91
2026-08-03,Bluedart,Pune,Tier-2,11,1,974.0,4.67
2026-08-03,Bluedart,Indore,Tier-2,9,1,226.0,6.56
2026-08-03,Bluedart,Jaipur,Tier-3,7,4,419.0,5.43
2026-08-03,Bluedart,Lucknow,Tier-3,9,4,371.0,6.0
2026-08-03,Shiprocket,Mumbai,Tier-1,5,1,206.0,4.8
2026-08-03,Shiprocket,Delhi,Tier-1,9,0,0.0,6.22
2026-08-03,Shiprocket,Pune,Tier-2,11,0,0.0,5.55
2026-08-03,Shiprocket,Indore,Tier-2,13,0,0.0,5.0
2026-08-03,Shiprocket,Jaipur,Tier-3,6,0,0.0,5.17
2026-08-03,Shiprocket,Lucknow,Tier-3,13,2,328.0,5.62
2026-08-03,DTDC,Mumbai,Tier-1,11,5,77.0,4.64
2026-08-03,DTDC,Delhi,Tier-1,10,6,308.0,4.3
2026-08-03,DTDC,Pune,Tier-2,11,6,108.0,5.36
2026-08-03,DTDC,Indore,Tier-2,12,5,77.0,5.33
2026-08-03,DTDC,Jaipur,Tier-3,12,7,508.0,5.15
2026-08-03,DTDC,Lucknow,Tier-3,6,2,245.0,5.17
2026-08-03,Kwikship,Mumbai,Tier-1,10,1,0.0,5.27
2026-08-03,Kwikship,Delhi,Tier-1,3,0,0.0,6.33
2026-08-03,Kwikship,Pune,Tier-2,4,0,0.0,7.0
2026-08-03,Kwikship,Indore,Tier-2,10,1,201.0,6.0
2026-08-03,Kwikship,Jaipur,Tier-3,16,6,338.0,5.94
2026-08-03,Kwikship,Lucknow,Tier-3,9,2,337.0,6.1
2026-08-04,Delhivery,Mumbai,Tier-1,11,4,9196.0,5.92
2026-08-04,Delhivery,Delhi,Tier-1,7,1,166.0,5.86
2026-08-04,Delhivery,Pune,Tier-2,8,4,894.0,6.0
2026-08-04,Delhivery,Indore,Tier-2,12,0,0.0,5.08
2026-08-04,Delhivery,Jaipur,Tier-3,9,0,0.0,5.67
2026-08-04,Delhivery,Lucknow,Tier-3,6,1,281.0,6.0
2026-08-04,Bluedart,Mumbai,Tier-1,8,1,137.0,6.63
2026-08-04,Bluedart,Delhi,Tier-1,13,1,109.0,5.69
2026-08-04,Bluedart,Pune,Tier-2,10,0,0.0,4.6
2026-08-04,Bluedart,Indore,Tier-2,9,1,140.0,7.0
2026-08-04,Bluedart,Jaipur,Tier-3,12,5,323.0,5.92
2026-08-04,Bluedart,Lucknow,Tier-3,3,2,116.0,3.33
2026-08-04,Shiprocket,Mumbai,Tier-1,6,1,154.0,5.67
2026-08-04,Shiprocket,Delhi,Tier-1,7,0,0.0,5.43
2026-08-04,Shiprocket,Pune,Tier-2,11,1,246.0,5.64
2026-08-04,Shiprocket,Indore,Tier-2,12,1,137.0,6.33
2026-08-04,Shiprocket,Jaipur,Tier-3,18,1,163.0,4.94
2026-08-04,Shiprocket,Lucknow,Tier-3,7,0,0.0,4.71
2026-08-04,DTDC,Mumbai,Tier-1,10,4,70.0,6.4
2026-08-04,DTDC,Delhi,Tier-1,9,6,384.0,5.0
2026-08-04,DTDC,Pune,Tier-2,10,2,38.0,4.9
2026-08-04,DTDC,Indore,Tier-2,11,3,51.0,5.73
2026-08-04,DTDC,Jaipur,Tier-3,5,4,76.0,4.4
2026-08-04,DTDC,Lucknow,Tier-3,11,3,51.0,5.0
2026-08-04,Kwikship,Mumbai,Tier-1,9,0,0.0,6.44
2026-08-04,Kwikship,Delhi,Tier-1,6,0,0.0,5.5
2026-08-04,Kwikship,Pune,Tier-2,12,1,160.0,6.25
2026-08-04,Kwikship,Indore,Tier-2,7,1,5350.0,6.5
2026-08-04,Kwikship,Jaipur,Tier-3,11,2,0.0,5.58
2026-08-04,Kwikship,Lucknow,Tier-3,14,4,249.0,6.07
2026-08-05,Delhivery,Mumbai,Tier-1,6,1,152.0,4.83
2026-08-05,Delhivery,Delhi,Tier-1,11,3,7416.0,5.25
2026-08-05,Delhivery,Pune,Tier-2,12,5,1292.0,5.42
2026-08-05,Delhivery,Indore,Tier-2,10,3,609.0,6.6
2026-08-05,Delhivery,Jaipur,Tier-3,7,0,0.0,4.57
2026-08-05,Delhivery,Lucknow,Tier-3,11,2,319.0,4.45
2026-08-05,Bluedart,Mumbai,Tier-1,6,0,0.0,5.83
2026-08-05,Bluedart,Delhi,Tier-1,8,0,0.0,4.25
2026-08-05,Bluedart,Pune,Tier-2,16,2,3085.0,5.18
2026-08-05,Bluedart,Indore,Tier-2,5,1,103.0,5.0
2026-08-05,Bluedart,Jaipur,Tier-3,6,3,265.0,6.29
2026-08-05,Bluedart,Lucknow,Tier-3,7,5,331.0,5.0
2026-08-05,Shiprocket,Mumbai,Tier-1,14,1,0.0,4.4
2026-08-05,Shiprocket,Delhi,Tier-1,6,2,188.0,4.43
2026-08-05,Shiprocket,Pune,Tier-2,16,1,215.0,6.31
2026-08-05,Shiprocket,Indore,Tier-2,9,1,140.0,5.33
2026-08-05,Shiprocket,Jaipur,Tier-3,10,1,180.0,5.2
2026-08-05,Shiprocket,Lucknow,Tier-3,11,2,171.0,6.42
2026-08-05,DTDC,Mumbai,Tier-1,11,3,8493.0,4.5
2026-08-05,DTDC,Delhi,Tier-1,6,2,314.0,5.86
2026-08-05,DTDC,Pune,Tier-2,6,4,59.0,4.67
2026-08-05,DTDC,Indore,Tier-2,12,3,46.0,5.0
2026-08-05,DTDC,Jaipur,Tier-3,10,4,204.0,5.3
2026-08-05,DTDC,Lucknow,Tier-3,10,4,394.0,7.45
2026-08-05,Kwikship,Mumbai,Tier-1,10,1,239.0,5.1
2026-08-05,Kwikship,Delhi,Tier-1,8,1,114.0,6.13
2026-08-05,Kwikship,Pune,Tier-2,10,1,2784.0,5.73
2026-08-05,Kwikship,Indore,Tier-2,10,0,0.0,5.3
2026-08-05,Kwikship,Jaipur,Tier-3,7,2,150.0,4.88
2026-08-05,Kwikship,Lucknow,Tier-3,3,1,140.0,5.67
2026-08-06,Delhivery,Mumbai,Tier-1,17,4,556.0,5.11
2026-08-06,Delhivery,Delhi,Tier-1,10,4,989.0,4.45
2026-08-06,Delhivery,Pune,Tier-2,12,0,0.0,5.5
2026-08-06,Delhivery,Indore,Tier-2,7,0,0.0,5.29
2026-08-06,Delhivery,Jaipur,Tier-3,11,0,0.0,4.91
2026-08-06,Delhivery,Lucknow,Tier-3,6,1,167.0,5.17
2026-08-06,Bluedart,Mumbai,Tier-1,10,1,179.0,6.1
2026-08-06,Bluedart,Delhi,Tier-1,7,0,0.0,4.14
2026-08-06,Bluedart,Pune,Tier-2,7,0,0.0,7.14
2026-08-06,Bluedart,Indore,Tier-2,9,1,110.0,5.56
2026-08-06,Bluedart,Jaipur,Tier-3,14,10,957.0,5.06
2026-08-06,Bluedart,Lucknow,Tier-3,11,7,646.0,5.83
2026-08-06,Shiprocket,Mumbai,Tier-1,6,0,0.0,5.0
2026-08-06,Shiprocket,Delhi,Tier-1,10,1,0.0,5.18
2026-08-06,Shiprocket,Pune,Tier-2,8,0,0.0,6.88
2026-08-06,Shiprocket,Indore,Tier-2,12,0,0.0,5.0
2026-08-06,Shiprocket,Jaipur,Tier-3,9,0,0.0,6.22
2026-08-06,Shiprocket,Lucknow,Tier-3,7,0,0.0,4.57
2026-08-06,DTDC,Mumbai,Tier-1,7,2,38.0,5.57
2026-08-06,DTDC,Delhi,Tier-1,9,5,254.0,4.5
2026-08-06,DTDC,Pune,Tier-2,7,4,45.0,4.63
2026-08-06,DTDC,Indore,Tier-2,10,1,19.0,5.3
2026-08-06,DTDC,Jaipur,Tier-3,6,1,19.0,7.0
2026-08-06,DTDC,Lucknow,Tier-3,18,6,211.0,5.67
2026-08-06,Kwikship,Mumbai,Tier-1,11,2,360.0,5.36
2026-08-06,Kwikship,Delhi,Tier-1,8,0,0.0,5.5
2026-08-06,Kwikship,Pune,Tier-2,11,0,0.0,5.09
2026-08-06,Kwikship,Indore,Tier-2,11,0,0.0,4.82
2026-08-06,Kwikship,Jaipur,Tier-3,7,2,0.0,4.71
2026-08-06,Kwikship,Lucknow,Tier-3,7,0,0.0,5.0
2026-08-07,Delhivery,Mumbai,Tier-1,10,3,743.0,4.4
2026-08-07,Delhivery,Delhi,Tier-1,10,3,768.0,4.1
2026-08-07,Delhivery,Pune,Tier-2,11,4,868.0,4.45
2026-08-07,Delhivery,Indore,Tier-2,9,2,501.0,5.44
2026-08-07,Delhivery,Jaipur,Tier-3,9,3,816.0,5.44
2026-08-07,Delhivery,Lucknow,Tier-3,9,0,0.0,5.67
2026-08-07,Bluedart,Mumbai,Tier-1,8,1,165.0,5.5
2026-08-07,Bluedart,Delhi,Tier-1,15,0,0.0,6.53
2026-08-07,Bluedart,Pune,Tier-2,2,0,0.0,3.5
2026-08-07,Bluedart,Indore,Tier-2,8,0,0.0,3.88
2026-08-07,Bluedart,Jaipur,Tier-3,7,3,371.0,5.57
2026-08-07,Bluedart,Lucknow,Tier-3,11,4,258.0,6.82
2026-08-07,Shiprocket,Mumbai,Tier-1,14,1,147.0,5.21
2026-08-07,Shiprocket,Delhi,Tier-1,6,1,7640.0,6.0
2026-08-07,Shiprocket,Pune,Tier-2,13,0,0.0,5.54
2026-08-07,Shiprocket,Indore,Tier-2,10,0,0.0,5.5
2026-08-07,Shiprocket,Jaipur,Tier-3,10,0,0.0,5.6
2026-08-07,Shiprocket,Lucknow,Tier-3,10,0,0.0,4.1
2026-08-07,DTDC,Mumbai,Tier-1,4,1,19.0,4.75
2026-08-07,DTDC,Delhi,Tier-1,3,2,272.0,7.25
2026-08-07,DTDC,Pune,Tier-2,6,1,19.0,5.33
2026-08-07,DTDC,Indore,Tier-2,10,5,212.0,4.7
2026-08-07,DTDC,Jaipur,Tier-3,6,5,403.0,3.71
2026-08-07,DTDC,Lucknow,Tier-3,11,6,545.0,6.64
2026-08-07,Kwikship,Mumbai,Tier-1,14,1,183.0,5.43
2026-08-07,Kwikship,Delhi,Tier-1,11,0,0.0,5.82
2026-08-07,Kwikship,Pune,Tier-2,14,2,736.0,5.35
2026-08-07,Kwikship,Indore,Tier-2,10,0,0.0,5.4
2026-08-07,Kwikship,Jaipur,Tier-3,12,5,0.0,5.0
2026-08-07,Kwikship,Lucknow,Tier-3,12,5,115.0,5.58
2026-08-08,Delhivery,Mumbai,Tier-1,6,2,655.0,5.0
2026-08-08,Delhivery,Delhi,Tier-1,10,1,184.0,6.6
2026-08-08,Delhivery,Pune,Tier-2,10,2,409.0,4.1
2026-08-08,Delhivery,Indore,Tier-2,14,3,492.0,4.79
2026-08-08,Delhivery,Jaipur,Tier-3,7,1,471.0,5.5
2026-08-08,Delhivery,Lucknow,Tier-3,14,5,1204.0,5.93
2026-08-08,Bluedart,Mumbai,Tier-1,7,0,0.0,6.71
2026-08-08,Bluedart,Delhi,Tier-1,12,1,104.0,5.67
2026-08-08,Bluedart,Pune,Tier-2,9,1,164.0,5.33
2026-08-08,Bluedart,Indore,Tier-2,8,0,0.0,4.88
2026-08-08,Bluedart,Jaipur,Tier-3,10,6,720.0,4.45
2026-08-08,Bluedart,Lucknow,Tier-3,17,10,7968.0,5.35
2026-08-08,Shiprocket,Mumbai,Tier-1,6,1,224.0,5.17
2026-08-08,Shiprocket,Delhi,Tier-1,6,0,0.0,4.17
2026-08-08,Shiprocket,Pune,Tier-2,9,0,0.0,6.78
2026-08-08,Shiprocket,Indore,Tier-2,8,0,0.0,4.5
2026-08-08,Shiprocket,Jaipur,Tier-3,8,1,0.0,5.89
2026-08-08,Shiprocket,Lucknow,Tier-3,12,0,0.0,5.75
2026-08-08,DTDC,Mumbai,Tier-1,11,1,13.0,6.18
2026-08-08,DTDC,Delhi,Tier-1,8,2,38.0,4.25
2026-08-08,DTDC,Pune,Tier-2,9,4,59.0,6.56
2026-08-08,DTDC,Indore,Tier-2,9,5,235.0,4.67
2026-08-08,DTDC,Jaipur,Tier-3,13,6,202.0,6.14
2026-08-08,DTDC,Lucknow,Tier-3,12,5,4209.0,5.0
2026-08-08,Kwikship,Mumbai,Tier-1,4,0,0.0,4.5
2026-08-08,Kwikship,Delhi,Tier-1,9,0,0.0,5.44
2026-08-08,Kwikship,Pune,Tier-2,8,1,233.0,5.38
2026-08-08,Kwikship,Indore,Tier-2,10,1,123.0,5.3
2026-08-08,Kwikship,Jaipur,Tier-3,7,4,493.0,3.7
2026-08-08,Kwikship,Lucknow,Tier-3,9,3,0.0,6.89
2026-08-09,Delhivery,Mumbai,Tier-1,6,1,287.0,6.83
2026-08-09,Delhivery,Delhi,Tier-1,9,3,595.0,5.0
2026-08-09,Delhivery,Pune,Tier-2,6,1,125.0,6.5
2026-08-09,Delhivery,Indore,Tier-2,9,1,326.0,7.11
2026-08-09,Delhivery,Jaipur,Tier-3,12,4,1112.0,6.58
2026-08-09,Delhivery,Lucknow,Tier-3,10,2,304.0,4.7
2026-08-09,Bluedart,Mumbai,Tier-1,10,1,193.0,6.3
2026-08-09,Bluedart,Delhi,Tier-1,8,2,274.0,6.63
2026-08-09,Bluedart,Pune,Tier-2,4,1,193.0,5.25
2026-08-09,Bluedart,Indore,Tier-2,4,0,0.0,4.75
2026-08-09,Bluedart,Jaipur,Tier-3,10,7,715.0,6.09
2026-08-09,Bluedart,Lucknow,Tier-3,6,4,325.0,5.83
2026-08-09,Shiprocket,Mumbai,Tier-1,9,2,388.0,6.0
2026-08-09,Shiprocket,Delhi,Tier-1,5,1,9604.0,6.67
2026-08-09,Shiprocket,Pune,Tier-2,9,1,126.0,6.67
2026-08-09,Shiprocket,Indore,Tier-2,9,0,0.0,5.33
2026-08-09,Shiprocket,Jaipur,Tier-3,7,1,130.0,6.71
2026-08-09,Shiprocket,Lucknow,Tier-3,10,0,0.0,6.4
2026-08-09,DTDC,Mumbai,Tier-1,5,3,57.0,6.0
2026-08-09,DTDC,Delhi,Tier-1,9,1,19.0,5.89
2026-08-09,DTDC,Pune,Tier-2,9,4,312.0,5.45
2026-08-09,DTDC,Indore,Tier-2,7,3,46.0,4.86
2026-08-09,DTDC,Jaipur,Tier-3,10,2,26.0,6.0
2026-08-09,DTDC,Lucknow,Tier-3,9,3,51.0,6.89
2026-08-09,Kwikship,Mumbai,Tier-1,11,1,0.0,5.08
2026-08-09,Kwikship,Delhi,Tier-1,10,1,177.0,6.4
2026-08-09,Kwikship,Pune,Tier-2,13,2,700.0,4.75
2026-08-09,Kwikship,Indore,Tier-2,10,2,350.0,6.0
2026-08-09,Kwikship,Jaipur,Tier-3,12,4,182.0,5.85
2026-08-09,Kwikship,Lucknow,Tier-3,6,0,0.0,5.33
2026-08-10,Delhivery,Mumbai,Tier-1,12,5,1051.0,6.42
2026-08-10,Delhivery,Delhi,Tier-1,4,1,368.0,4.5
2026-08-10,Delhivery,Pune,Tier-2,9,1,409.0,4.6
2026-08-10,Delhivery,Indore,Tier-2,8,1,172.0,5.75
2026-08-10,Delhivery,Jaipur,Tier-3,9,2,471.0,5.33
2026-08-10,Delhivery,Lucknow,Tier-3,11,1,108.0,5.27
2026-08-10,Bluedart,Mumbai,Tier-1,9,0,0.0,5.56
2026-08-10,Bluedart,Delhi,Tier-1,14,1,148.0,5.71
2026-08-10,Bluedart,Pune,Tier-2,14,0,0.0,5.93
2026-08-10,Bluedart,Indore,Tier-2,14,0,0.0,5.93
2026-08-10,Bluedart,Jaipur,Tier-3,6,4,167.0,5.17
2026-08-10,Bluedart,Lucknow,Tier-3,7,5,549.0,4.38
2026-08-10,Shiprocket,Mumbai,Tier-1,6,0,0.0,6.67
2026-08-10,Shiprocket,Delhi,Tier-1,5,1,117.0,5.6
2026-08-10,Shiprocket,Pune,Tier-2,5,0,0.0,5.4
2026-08-10,Shiprocket,Indore,Tier-2,2,0,0.0,6.5
2026-08-10,Shiprocket,Jaipur,Tier-3,8,0,0.0,6.0
2026-08-10,Shiprocket,Lucknow,Tier-3,5,0,0.0,6.6
2026-08-10,DTDC,Mumbai,Tier-1,9,4,64.0,6.44
2026-08-10,DTDC,Delhi,Tier-1,8,5,294.0,5.25
2026-08-10,DTDC,Pune,Tier-2,9,4,65.0,6.22
2026-08-10,DTDC,Indore,Tier-2,8,4,415.0,5.13
2026-08-10,DTDC,Jaipur,Tier-3,9,1,19.0,5.0
2026-08-10,DTDC,Lucknow,Tier-3,6,3,46.0,6.5
2026-08-10,Kwikship,Mumbai,Tier-1,12,0,0.0,6.17
2026-08-10,Kwikship,Delhi,Tier-1,7,0,0.0,4.57
2026-08-10,Kwikship,Pune,Tier-2,13,2,399.0,5.15
2026-08-10,Kwikship,Indore,Tier-2,10,1,144.0,6.6
2026-08-10,Kwikship,Jaipur,Tier-3,14,5,194.0,5.0
2026-08-10,Kwikship,Lucknow,Tier-3,9,4,409.0,5.82
2026-08-11,Delhivery,Mumbai,Tier-1,9,1,209.0,4.78
2026-08-11,Delhivery,Delhi,Tier-1,12,5,11162.0,5.33
2026-08-11,Delhivery,Pune,Tier-2,13,3,747.0,3.69
2026-08-11,Delhivery,Indore,Tier-2,10,3,545.0,6.1
2026-08-11,Delhivery,Jaipur,Tier-3,12,3,536.0,5.17
2026-08-11,Delhivery,Lucknow,Tier-3,10,0,0.0,5.6
2026-08-11,Bluedart,Mumbai,Tier-1,11,0,0.0,5.82
2026-08-11,Bluedart,Delhi,Tier-1,10,1,132.0,5.2
2026-08-11,Bluedart,Pune,Tier-2,5,1,226.0,7.0
2026-08-11,Bluedart,Indore,Tier-2,15,3,370.0,5.0
2026-08-11,Bluedart,Jaipur,Tier-3,15,7,405.0,5.33
2026-08-11,Bluedart,Lucknow,Tier-3,10,6,327.0,5.09
2026-08-11,Shiprocket,Mumbai,Tier-1,10,0,0.0,7.6
2026-08-11,Shiprocket,Delhi,Tier-1,8,0,0.0,7.5
2026-08-11,Shiprocket,Pune,Tier-2,9,1,111.0,7.22
2026-08-11,Shiprocket,Indore,Tier-2,9,0,0.0,6.11
2026-08-11,Shiprocket,Jaipur,Tier-3,7,1,175.0,7.14
2026-08-11,Shiprocket,Lucknow,Tier-3,6,0,0.0,7.83
2026-08-11,DTDC,Mumbai,Tier-1,15,8,1685.0,5.69
2026-08-11,DTDC,Delhi,Tier-1,6,3,12137.0,3.67
2026-08-11,DTDC,Pune,Tier-2,9,5,78.0,5.11
2026-08-11,DTDC,Indore,Tier-2,9,2,149.0,4.0
2026-08-11,DTDC,Jaipur,Tier-3,12,5,78.0,5.58
2026-08-11,DTDC,Lucknow,Tier-3,11,4,300.0,6.25
2026-08-11,Kwikship,Mumbai,Tier-1,11,1,224.0,4.82
2026-08-11,Kwikship,Delhi,Tier-1,12,3,502.0,4.92
2026-08-11,Kwikship,Pune,Tier-2,11,1,240.0,4.36
2026-08-11,Kwikship,Indore,Tier-2,11,1,116.0,5.0
2026-08-11,Kwikship,Jaipur,Tier-3,10,4,223.0,5.2
2026-08-11,Kwikship,Lucknow,Tier-3,10,2,0.0,4.8
2026-08-12,Delhivery,Mumbai,Tier-1,9,1,239.0,5.44
2026-08-12,Delhivery,Delhi,Tier-1,4,1,153.0,6.25
2026-08-12,Delhivery,Pune,Tier-2,18,5,1081.0,5.72
2026-08-12,Delhivery,Indore,Tier-2,12,2,419.0,5.33
2026-08-12,Delhivery,Jaipur,Tier-3,5,0,0.0,7.2
2026-08-12,Delhivery,Lucknow,Tier-3,6,0,0.0,7.83
2026-08-12,Bluedart,Mumbai,Tier-1,11,0,0.0,5.09
2026-08-12,Bluedart,Delhi,Tier-1,14,2,408.0,5.86
2026-08-12,Bluedart,Pune,Tier-2,9,0,0.0,5.0
2026-08-12,Bluedart,Indore,Tier-2,12,3,466.0,5.5
2026-08-12,Bluedart,Jaipur,Tier-3,7,4,198.0,5.14
2026-08-12,Bluedart,Lucknow,Tier-3,9,4,76.0,6.11
2026-08-12,Shiprocket,Mumbai,Tier-1,4,1,135.0,7.75
2026-08-12,Shiprocket,Delhi,Tier-1,4,0,0.0,6.5
2026-08-12,Shiprocket,Pune,Tier-2,4,0,0.0,7.5
2026-08-12,Shiprocket,Indore,Tier-2,6,0,0.0,7.5
2026-08-12,Shiprocket,Jaipur,Tier-3,4,0,0.0,6.25
2026-08-12,Shiprocket,Lucknow,Tier-3,4,1,108.0,8.0
2026-08-12,DTDC,Mumbai,Tier-1,9,3,256.0,7.1
2026-08-12,DTDC,Delhi,Tier-1,10,5,204.0,5.27
2026-08-12,DTDC,Pune,Tier-2,8,3,51.0,7.0
2026-08-12,DTDC,Indore,Tier-2,11,4,286.0,6.33
2026-08-12,DTDC,Jaipur,Tier-3,9,4,47.0,5.78
2026-08-12,DTDC,Lucknow,Tier-3,11,4,11766.0,4.93
2026-08-12,Kwikship,Mumbai,Tier-1,4,0,0.0,3.75
2026-08-12,Kwikship,Delhi,Tier-1,11,2,345.0,5.55
2026-08-12,Kwikship,Pune,Tier-2,14,2,298.0,6.5
2026-08-12,Kwikship,Indore,Tier-2,10,0,0.0,5.4
2026-08-12,Kwikship,Jaipur,Tier-3,12,6,0.0,4.67
2026-08-12,Kwikship,Lucknow,Tier-3,17,8,228.0,5.18
2026-08-13,Delhivery,Mumbai,Tier-1,16,6,1185.0,5.56
2026-08-13,Delhivery,Delhi,Tier-1,8,2,441.0,6.0
2026-08-13,Delhivery,Pune,Tier-2,11,0,0.0,5.45
2026-08-13,Delhivery,Indore,Tier-2,9,0,0.0,6.78
2026-08-13,Delhivery,Jaipur,Tier-3,8,2,287.0,4.13
2026-08-13,Delhivery,Lucknow,Tier-3,4,0,0.0,4.25
2026-08-13,Bluedart,Mumbai,Tier-1,6,1,0.0,5.71
2026-08-13,Bluedart,Delhi,Tier-1,13,0,0.0,4.77
2026-08-13,Bluedart,Pune,Tier-2,15,1,110.0,6.4
2026-08-13,Bluedart,Indore,Tier-2,10,2,304.0,6.8
2026-08-13,Bluedart,Jaipur,Tier-3,10,3,328.0,5.1
2026-08-13,Bluedart,Lucknow,Tier-3,4,3,148.0,4.0
2026-08-13,Shiprocket,Mumbai,Tier-1,7,1,390.0,8.2
2026-08-13,Shiprocket,Delhi,Tier-1,1,0,0.0,9.0
2026-08-13,Shiprocket,Indore,Tier-2,4,0,0.0,8.5
2026-08-13,Shiprocket,Jaipur,Tier-3,1,0,0.0,7.0
2026-08-13,Shiprocket,Lucknow,Tier-3,5,0,0.0,7.4
2026-08-13,DTDC,Mumbai,Tier-1,10,4,59.0,5.3
2026-08-13,DTDC,Delhi,Tier-1,12,6,102.0,4.83
2026-08-13,DTDC,Pune,Tier-2,8,4,59.0,4.88
2026-08-13,DTDC,Indore,Tier-2,2,1,252.0,3.0
2026-08-13,DTDC,Jaipur,Tier-3,12,3,57.0,5.75
2026-08-13,DTDC,Lucknow,Tier-3,8,3,57.0,5.13
2026-08-13,Kwikship,Mumbai,Tier-1,9,0,0.0,5.0
2026-08-13,Kwikship,Delhi,Tier-1,8,0,0.0,3.88
2026-08-13,Kwikship,Pune,Tier-2,2,1,108.0,4.5
2026-08-13,Kwikship,Indore,Tier-2,13,2,6113.0,5.57
2026-08-13,Kwikship,Jaipur,Tier-3,6,4,189.0,6.83
2026-08-13,Kwikship,Lucknow,Tier-3,8,2,0.0,5.38
2026-08-14,Delhivery,Mumbai,Tier-1,8,2,378.0,6.13
2026-08-14,Delhivery,Delhi,Tier-1,11,2,243.0,4.64
2026-08-14,Delhivery,Pune,Tier-2,9,2,409.0,5.56
2026-08-14,Delhivery,Indore,Tier-2,15,6,1513.0,5.4
2026-08-14,Delhivery,Jaipur,Tier-3,10,2,491.0,5.6
2026-08-14,Delhivery,Lucknow,Tier-3,8,0,0.0,6.75
2026-08-14,Bluedart,Mumbai,Tier-1,11,0,0.0,5.82
2026-08-14,Bluedart,Delhi,Tier-1,14,0,0.0,5.21
2026-08-14,Bluedart,Pune,Tier-2,10,1,192.0,5.7
2026-08-14,Bluedart,Indore,Tier-2,9,0,0.0,7.22
2026-08-14,Bluedart,Jaipur,Tier-3,3,2,100.0,7.0
2026-08-14,Bluedart,Lucknow,Tier-3,14,9,701.0,4.8
2026-08-14,Shiprocket,Mumbai,Tier-1,2,0,0.0,9.0
2026-08-14,Shiprocket,Delhi,Tier-1,2,0,0.0,8.0
2026-08-14,Shiprocket,Pune,Tier-2,3,0,0.0,8.33
2026-08-14,Shiprocket,Indore,Tier-2,1,0,0.0,8.0
2026-08-14,Shiprocket,Jaipur,Tier-3,5,0,0.0,8.6
2026-08-14,Shiprocket,Lucknow,Tier-3,3,0,0.0,8.33
2026-08-14,DTDC,Mumbai,Tier-1,11,3,48.0,6.71
2026-08-14,DTDC,Delhi,Tier-1,9,3,3004.0,3.73
2026-08-14,DTDC,Pune,Tier-2,12,4,76.0,4.83
2026-08-14,DTDC,Indore,Tier-2,14,8,152.0,6.0
2026-08-14,DTDC,Jaipur,Tier-3,6,4,316.0,6.0
2026-08-14,DTDC,Lucknow,Tier-3,15,7,327.0,5.0
2026-08-14,Kwikship,Mumbai,Tier-1,11,1,0.0,6.17
2026-08-14,Kwikship,Delhi,Tier-1,3,1,120.0,8.67
2026-08-14,Kwikship,Pune,Tier-2,11,0,0.0,4.73
2026-08-14,Kwikship,Indore,Tier-2,8,1,111.0,6.0
2026-08-14,Kwikship,Jaipur,Tier-3,12,3,104.0,5.62
2026-08-14,Kwikship,Lucknow,Tier-3,8,3,0.0,5.25
2026-08-15,Delhivery,Mumbai,Tier-1,4,0,0.0,4.5
2026-08-15,Delhivery,Delhi,Tier-1,4,2,640.0,6.25
2026-08-15,Delhivery,Pune,Tier-2,15,3,1029.0,6.19
2026-08-15,Delhivery,Indore,Tier-2,9,2,550.0,6.56
2026-08-15,Delhivery,Jaipur,Tier-3,13,4,935.0,5.62
2026-08-15,Delhivery,Lucknow,Tier-3,15,4,3880.0,5.0
2026-08-15,Bluedart,Mumbai,Tier-1,16,0,0.0,6.19
2026-08-15,Bluedart,Delhi,Tier-1,7,2,1581.0,6.5
2026-08-15,Bluedart,Pune,Tier-2,14,1,205.0,6.07
2026-08-15,Bluedart,Indore,Tier-2,12,0,0.0,5.42
2026-08-15,Bluedart,Jaipur,Tier-3,7,3,206.0,6.14
2026-08-15,Bluedart,Lucknow,Tier-3,15,10,677.0,5.6
2026-08-15,Shiprocket,Indore,Tier-2,2,0,0.0,9.0
2026-08-15,Shiprocket,Jaipur,Tier-3,1,0,0.0,9.0
2026-08-15,DTDC,Mumbai,Tier-1,7,2,207.0,5.0
2026-08-15,DTDC,Delhi,Tier-1,9,6,108.0,5.22
2026-08-15,DTDC,Pune,Tier-2,4,1,19.0,5.25
2026-08-15,DTDC,Indore,Tier-2,12,6,427.0,5.17
2026-08-15,DTDC,Jaipur,Tier-3,6,3,146.0,4.43
2026-08-15,DTDC,Lucknow,Tier-3,12,6,91.0,4.83
2026-08-15,Kwikship,Mumbai,Tier-1,10,2,410.0,5.6
2026-08-15,Kwikship,Delhi,Tier-1,7,0,0.0,5.86
2026-08-15,Kwikship,Pune,Tier-2,6,0,0.0,7.17
2026-08-15,Kwikship,Indore,Tier-2,7,1,147.0,4.86
2026-08-15,Kwikship,Jaipur,Tier-3,11,3,225.0,4.91
2026-08-15,Kwikship,Lucknow,Tier-3,9,0,0.0,5.0
2026-08-16,Delhivery,Mumbai,Tier-1,6,3,597.0,5.83
2026-08-16,Delhivery,Delhi,Tier-1,12,0,0.0,6.42
2026-08-16,Delhivery,Pune,Tier-2,11,3,895.0,5.57
2026-08-16,Delhivery,Indore,Tier-2,7,1,237.0,5.57
2026-08-16,Delhivery,Jaipur,Tier-3,5,1,324.0,5.8
2026-08-16,Delhivery,Lucknow,Tier-3,5,1,214.0,6.0
2026-08-16,Bluedart,Mumbai,Tier-1,10,0,0.0,6.0
2026-08-16,Bluedart,Delhi,Tier-1,11,0,0.0,5.0
2026-08-16,Bluedart,Pune,Tier-2,8,0,0.0,4.88
2026-08-16,Bluedart,Indore,Tier-2,10,0,0.0,6.1
2026-08-16,Bluedart,Jaipur,Tier-3,11,6,170.0,5.45
2026-08-16,Bluedart,Lucknow,Tier-3,10,4,405.0,5.3
2026-08-16,DTDC,Mumbai,Tier-1,9,3,51.0,5.78
2026-08-16,DTDC,Delhi,Tier-1,10,2,194.0,5.4
2026-08-16,DTDC,Pune,Tier-2,12,7,400.0,5.31
2026-08-16,DTDC,Indore,Tier-2,7,2,32.0,7.0
2026-08-16,DTDC,Jaipur,Tier-3,15,4,187.0,4.94
2026-08-16,DTDC,Lucknow,Tier-3,10,3,51.0,5.8
2026-08-16,Kwikship,Mumbai,Tier-1,6,1,162.0,4.5
2026-08-16,Kwikship,Delhi,Tier-1,8,1,178.0,6.25
2026-08-16,Kwikship,Pune,Tier-2,8,0,0.0,5.88
2026-08-16,Kwikship,Indore,Tier-2,8,1,117.0,5.5
2026-08-16,Kwikship,Jaipur,Tier-3,11,3,0.0,5.27
2026-08-16,Kwikship,Lucknow,Tier-3,10,4,212.0,5.36
2026-08-17,Delhivery,Mumbai,Tier-1,10,3,647.0,5.2
2026-08-17,Delhivery,Delhi,Tier-1,5,2,370.0,5.83
2026-08-17,Delhivery,Pune,Tier-2,16,6,1367.0,5.5
2026-08-17,Delhivery,Indore,Tier-2,13,1,288.0,6.38
2026-08-17,Delhivery,Jaipur,Tier-3,8,0,0.0,4.38
2026-08-17,Delhivery,Lucknow,Tier-3,14,5,5965.0,5.73
2026-08-17,Bluedart,Mumbai,Tier-1,9,0,0.0,5.22
2026-08-17,Bluedart,Delhi,Tier-1,5,0,0.0,3.8
2026-08-17,Bluedart,Pune,Tier-2,10,0,0.0,4.8
2026-08-17,Bluedart,Indore,Tier-2,6,0,0.0,6.67
2026-08-17,Bluedart,Jaipur,Tier-3,5,4,230.0,6.0
2026-08-17,Bluedart,Lucknow,Tier-3,11,10,993.0,7.64
2026-08-17,Shiprocket,Mumbai,Tier-1,1,1,192.0,2.0
2026-08-17,Shiprocket,Delhi,Tier-1,1,0,0.0,2.0
2026-08-17,Shiprocket,Pune,Tier-2,2,0,0.0,2.0
2026-08-17,Shiprocket,Indore,Tier-2,1,0,0.0,2.0
2026-08-17,Shiprocket,Lucknow,Tier-3,1,0,0.0,2.0
2026-08-17,DTDC,Mumbai,Tier-1,9,2,207.0,5.5
2026-08-17,DTDC,Delhi,Tier-1,12,3,172.0,3.83
2026-08-17,DTDC,Pune,Tier-2,11,3,51.0,4.55
2026-08-17,DTDC,Indore,Tier-2,11,2,32.0,7.18
2026-08-17,DTDC,Jaipur,Tier-3,8,4,70.0,5.75
2026-08-17,DTDC,Lucknow,Tier-3,15,6,231.0,6.33
2026-08-17,Kwikship,Mumbai,Tier-1,9,1,182.0,5.33
2026-08-17,Kwikship,Delhi,Tier-1,12,2,242.0,5.0
2026-08-17,Kwikship,Pune,Tier-2,13,0,0.0,5.46
2026-08-17,Kwikship,Indore,Tier-2,12,1,233.0,5.58
2026-08-17,Kwikship,Jaipur,Tier-3,12,4,0.0,5.25
2026-08-17,Kwikship,Lucknow,Tier-3,8,0,0.0,5.25
2026-08-18,Delhivery,Mumbai,Tier-1,15,2,459.0,3.73
2026-08-18,Delhivery,Delhi,Tier-1,2,0,0.0,5.0
2026-08-18,Delhivery,Pune,Tier-2,14,1,260.0,5.79
2026-08-18,Delhivery,Indore,Tier-2,14,5,1113.0,4.86
2026-08-18,Delhivery,Jaipur,Tier-3,10,1,390.0,5.6
2026-08-18,Delhivery,Lucknow,Tier-3,8,0,0.0,6.5
2026-08-18,Bluedart,Mumbai,Tier-1,8,0,0.0,4.88
2026-08-18,Bluedart,Delhi,Tier-1,4,0,0.0,4.0
2026-08-18,Bluedart,Pune,Tier-2,11,0,0.0,5.73
2026-08-18,Bluedart,Indore,Tier-2,14,1,201.0,5.36
2026-08-18,Bluedart,Jaipur,Tier-3,3,2,160.0,6.0
2026-08-18,Bluedart,Lucknow,Tier-3,9,7,596.0,5.11
2026-08-18,Shiprocket,Mumbai,Tier-1,1,0,0.0,3.0
2026-08-18,Shiprocket,Delhi,Tier-1,2,0,0.0,3.0
2026-08-18,Shiprocket,Jaipur,Tier-3,1,0,0.0,2.0
2026-08-18,Shiprocket,Lucknow,Tier-3,1,0,0.0,2.0
2026-08-18,DTDC,Mumbai,Tier-1,9,4,59.0,6.22
2026-08-18,DTDC,Delhi,Tier-1,12,4,65.0,5.33
2026-08-18,DTDC,Pune,Tier-2,8,3,51.0,4.88
2026-08-18,DTDC,Indore,Tier-2,6,2,27.0,5.83
2026-08-18,DTDC,Jaipur,Tier-3,11,4,70.0,5.09
2026-08-18,DTDC,Lucknow,Tier-3,5,3,51.0,3.8
2026-08-18,Kwikship,Mumbai,Tier-1,8,1,199.0,5.63
2026-08-18,Kwikship,Delhi,Tier-1,10,0,0.0,5.2
2026-08-18,Kwikship,Pune,Tier-2,3,0,0.0,4.33
2026-08-18,Kwikship,Indore,Tier-2,11,0,0.0,5.82
2026-08-18,Kwikship,Jaipur,Tier-3,9,4,232.0,5.67
2026-08-18,Kwikship,Lucknow,Tier-3,7,4,0.0,4.43
2026-08-19,Delhivery,Mumbai,Tier-1,5,0,0.0,5.6
2026-08-19,Delhivery,Delhi,Tier-1,11,0,0.0,5.27
2026-08-19,Delhivery,Pune,Tier-2,17,4,875.0,6.06
2026-08-19,Delhivery,Indore,Tier-2,5,2,329.0,6.0
2026-08-19,Delhivery,Jaipur,Tier-3,10,1,189.0,6.4
2026-08-19,Delhivery,Lucknow,Tier-3,9,0,0.0,4.78
2026-08-19,Bluedart,Mumbai,Tier-1,7,0,0.0,6.0
2026-08-19,Bluedart,Delhi,Tier-1,9,1,165.0,5.78
2026-08-19,Bluedart,Pune,Tier-2,6,0,0.0,5.0
2026-08-19,Bluedart,Indore,Tier-2,9,1,109.0,4.89
2026-08-19,Bluedart,Jaipur,Tier-3,9,7,10052.0,4.58
2026-08-19,Bluedart,Lucknow,Tier-3,7,5,538.0,6.0
2026-08-19,Shiprocket,Mumbai,Tier-1,4,1,238.0,3.0
2026-08-19,Shiprocket,Delhi,Tier-1,5,2,359.0,3.4
2026-08-19,Shiprocket,Pune,Tier-2,3,0,0.0,2.67
2026-08-19,Shiprocket,Indore,Tier-2,8,0,0.0,2.38
2026-08-19,Shiprocket,Jaipur,Tier-3,2,0,0.0,4.0
2026-08-19,Shiprocket,Lucknow,Tier-3,7,0,0.0,2.86
2026-08-19,DTDC,Mumbai,Tier-1,14,2,38.0,4.86
2026-08-19,DTDC,Delhi,Tier-1,5,0,0.0,5.0
2026-08-19,DTDC,Pune,Tier-2,8,5,67.0,4.88
2026-08-19,DTDC,Indore,Tier-2,11,2,38.0,6.27
2026-08-19,DTDC,Jaipur,Tier-3,8,4,194.0,4.0
2026-08-19,DTDC,Lucknow,Tier-3,5,3,45.0,6.6
2026-08-19,Kwikship,Mumbai,Tier-1,6,0,0.0,6.0
2026-08-19,Kwikship,Delhi,Tier-1,8,0,0.0,4.5
2026-08-19,Kwikship,Pune,Tier-2,7,0,0.0,4.43
2026-08-19,Kwikship,Indore,Tier-2,8,0,0.0,5.25
2026-08-19,Kwikship,Jaipur,Tier-3,10,0,0.0,5.1
2026-08-19,Kwikship,Lucknow,Tier-3,6,1,222.0,6.14
2026-08-20,Delhivery,Mumbai,Tier-1,3,0,0.0,4.33
2026-08-20,Delhivery,Delhi,Tier-1,11,4,9510.0,5.83
2026-08-20,Delhivery,Pune,Tier-2,8,0,0.0,4.88
2026-08-20,Delhivery,Indore,Tier-2,4,1,6326.0,7.14
2026-08-20,Delhivery,Jaipur,Tier-3,4,0,0.0,5.0
2026-08-20,Delhivery,Lucknow,Tier-3,10,3,856.0,4.8
2026-08-20,Bluedart,Mumbai,Tier-1,10,0,0.0,5.7
2026-08-20,Bluedart,Delhi,Tier-1,9,2,339.0,7.33
2026-08-20,Bluedart,Pune,Tier-2,7,2,382.0,5.86
2026-08-20,Bluedart,Indore,Tier-2,10,1,147.0,5.0
2026-08-20,Bluedart,Jaipur,Tier-3,9,3,153.0,6.44
2026-08-20,Bluedart,Lucknow,Tier-3,8,4,220.0,4.75
2026-08-20,Shiprocket,Mumbai,Tier-1,4,0,0.0,4.0
2026-08-20,Shiprocket,Delhi,Tier-1,8,0,0.0,3.13
2026-08-20,Shiprocket,Pune,Tier-2,5,0,0.0,2.6
2026-08-20,Shiprocket,Indore,Tier-2,3,1,105.0,4.0
2026-08-20,Shiprocket,Jaipur,Tier-3,11,0,0.0,4.27
2026-08-20,Shiprocket,Lucknow,Tier-3,3,1,161.0,2.33
2026-08-20,DTDC,Mumbai,Tier-1,3,0,0.0,5.33
2026-08-20,DTDC,Delhi,Tier-1,12,4,59.0,5.33
2026-08-20,DTDC,Pune,Tier-2,13,6,281.0,4.21
2026-08-20,DTDC,Indore,Tier-2,9,3,262.0,4.4
2026-08-20,DTDC,Jaipur,Tier-3,5,1,13.0,3.4
2026-08-20,DTDC,Lucknow,Tier-3,10,4,380.0,5.8
2026-08-20,Kwikship,Mumbai,Tier-1,12,0,0.0,4.83
2026-08-20,Kwikship,Delhi,Tier-1,7,1,0.0,5.13
2026-08-20,Kwikship,Pune,Tier-2,5,0,0.0,7.0
2026-08-20,Kwikship,Indore,Tier-2,9,0,0.0,6.0
2026-08-20,Kwikship,Jaipur,Tier-3,10,2,0.0,4.1
2026-08-20,Kwikship,Lucknow,Tier-3,9,5,0.0,6.67
2026-08-21,Delhivery,Mumbai,Tier-1,7,1,243.0,6.86
2026-08-21,Delhivery,Delhi,Tier-1,5,2,353.0,5.4
2026-08-21,Delhivery,Pune,Tier-2,12,4,730.0,5.92
2026-08-21,Delhivery,Indore,Tier-2,12,3,690.0,6.08
2026-08-21,Delhivery,Jaipur,Tier-3,7,2,431.0,5.29
2026-08-21,Delhivery,Lucknow,Tier-3,13,2,288.0,6.31
2026-08-21,Bluedart,Mumbai,Tier-1,10,1,158.0,5.7
2026-08-21,Bluedart,Delhi,Tier-1,13,0,0.0,6.15
2026-08-21,Bluedart,Pune,Tier-2,12,2,369.0,5.83
2026-08-21,Bluedart,Indore,Tier-2,8,1,5180.0,6.11
2026-08-21,Bluedart,Jaipur,Tier-3,12,4,448.0,5.85
2026-08-21,Bluedart,Lucknow,Tier-3,6,2,73.0,4.67
2026-08-21,Shiprocket,Mumbai,Tier-1,8,3,391.0,2.67
2026-08-21,Shiprocket,Delhi,Tier-1,6,1,179.0,3.0
2026-08-21,Shiprocket,Pune,Tier-2,6,0,0.0,4.0
2026-08-21,Shiprocket,Indore,Tier-2,6,1,132.0,4.67
2026-08-21,Shiprocket,Jaipur,Tier-3,7,1,0.0,3.38
2026-08-21,Shiprocket,Lucknow,Tier-3,2,0,0.0,3.5
2026-08-21,DTDC,Mumbai,Tier-1,6,3,51.0,5.5
2026-08-21,DTDC,Delhi,Tier-1,6,1,13.0,6.5
2026-08-21,DTDC,Pune,Tier-2,9,3,57.0,5.33
2026-08-21,DTDC,Indore,Tier-2,6,4,408.0,4.43
2026-08-21,DTDC,Jaipur,Tier-3,8,6,232.0,5.78
2026-08-21,DTDC,Lucknow,Tier-3,9,4,213.0,5.6
2026-08-21,Kwikship,Mumbai,Tier-1,9,0,0.0,7.0
2026-08-21,Kwikship,Delhi,Tier-1,9,2,297.0,5.56
2026-08-21,Kwikship,Pune,Tier-2,9,0,0.0,6.0
2026-08-21,Kwikship,Indore,Tier-2,15,0,0.0,4.8
2026-08-21,Kwikship,Jaipur,Tier-3,7,3,145.0,6.43
2026-08-21,Kwikship,Lucknow,Tier-3,12,5,105.0,5.07
2026-08-22,Delhivery,Mumbai,Tier-1,8,1,433.0,4.13
2026-08-22,Delhivery,Delhi,Tier-1,9,0,0.0,6.89
2026-08-22,Delhivery,Pune,Tier-2,13,3,809.0,4.5
2026-08-22,Delhivery,Indore,Tier-2,6,1,194.0,5.0
2026-08-22,Delhivery,Jaipur,Tier-3,10,2,368.0,5.1
2026-08-22,Delhivery,Lucknow,Tier-3,9,2,543.0,6.1
2026-08-22,Bluedart,Mumbai,Tier-1,12,0,0.0,5.08
2026-08-22,Bluedart,Delhi,Tier-1,7,1,148.0,4.86
2026-08-22,Bluedart,Pune,Tier-2,6,1,186.0,5.17
2026-08-22,Bluedart,Indore,Tier-2,6,0,0.0,6.5
2026-08-22,Bluedart,Jaipur,Tier-3,10,3,478.0,5.27
2026-08-22,Bluedart,Lucknow,Tier-3,8,6,384.0,7.0
2026-08-22,Shiprocket,Mumbai,Tier-1,10,0,0.0,4.1
2026-08-22,Shiprocket,Delhi,Tier-1,2,0,0.0,4.5
2026-08-22,Shiprocket,Pune,Tier-2,10,1,138.0,3.9
2026-08-22,Shiprocket,Indore,Tier-2,11,1,201.0,5.36
2026-08-22,Shiprocket,Jaipur,Tier-3,5,0,0.0,4.0
2026-08-22,Shiprocket,Lucknow,Tier-3,4,0,0.0,2.75
2026-08-22,DTDC,Mumbai,Tier-1,7,2,262.0,5.57
2026-08-22,DTDC,Delhi,Tier-1,8,2,270.0,6.56
2026-08-22,DTDC,Pune,Tier-2,5,1,19.0,5.6
2026-08-22,DTDC,Indore,Tier-2,10,6,221.0,5.3
2026-08-22,DTDC,Jaipur,Tier-3,16,5,89.0,4.94
2026-08-22,DTDC,Lucknow,Tier-3,9,2,38.0,5.89
2026-08-22,Kwikship,Mumbai,Tier-1,7,0,0.0,5.0
2026-08-22,Kwikship,Delhi,Tier-1,6,0,0.0,5.0
2026-08-22,Kwikship,Pune,Tier-2,7,0,0.0,6.29
2026-08-22,Kwikship,Indore,Tier-2,3,1,117.0,3.67
2026-08-22,Kwikship,Jaipur,Tier-3,16,9,120.0,6.24
2026-08-22,Kwikship,Lucknow,Tier-3,16,7,111.0,6.24
2026-08-23,Delhivery,Mumbai,Tier-1,13,3,6851.0,5.81
2026-08-23,Delhivery,Delhi,Tier-1,8,2,415.0,5.25
2026-08-23,Delhivery,Pune,Tier-2,12,2,470.0,6.08
2026-08-23,Delhivery,Indore,Tier-2,9,2,370.0,6.78
2026-08-23,Delhivery,Jaipur,Tier-3,10,1,279.0,5.4
2026-08-23,Delhivery,Lucknow,Tier-3,14,3,486.0,6.13
2026-08-23,Bluedart,Mumbai,Tier-1,9,0,0.0,3.78
2026-08-23,Bluedart,Delhi,Tier-1,14,1,147.0,6.5
2026-08-23,Bluedart,Pune,Tier-2,5,0,0.0,6.0
2026-08-23,Bluedart,Indore,Tier-2,10,0,0.0,5.8
2026-08-23,Bluedart,Jaipur,Tier-3,2,0,0.0,6.0
2026-08-23,Bluedart,Lucknow,Tier-3,5,2,95.0,5.2
2026-08-23,Shiprocket,Mumbai,Tier-1,12,0,0.0,5.0
2026-08-23,Shiprocket,Delhi,Tier-1,11,0,0.0,4.64
2026-08-23,Shiprocket,Pune,Tier-2,15,0,0.0,4.6
2026-08-23,Shiprocket,Indore,Tier-2,9,0,0.0,5.33
2026-08-23,Shiprocket,Jaipur,Tier-3,7,0,0.0,5.14
2026-08-23,Shiprocket,Lucknow,Tier-3,5,0,0.0,4.2
2026-08-23,DTDC,Mumbai,Tier-1,10,2,38.0,5.8
2026-08-23,DTDC,Delhi,Tier-1,10,6,434.0,5.3
2026-08-23,DTDC,Pune,Tier-2,17,8,153.0,5.1
2026-08-23,DTDC,Indore,Tier-2,9,5,181.0,5.22
2026-08-23,DTDC,Jaipur,Tier-3,11,3,160.0,6.25
2026-08-23,DTDC,Lucknow,Tier-3,10,1,19.0,5.9
2026-08-23,Kwikship,Mumbai,Tier-1,8,0,0.0,5.63
2026-08-23,Kwikship,Delhi,Tier-1,8,1,174.0,5.13
2026-08-23,Kwikship,Pune,Tier-2,12,0,0.0,6.33
2026-08-23,Kwikship,Indore,Tier-2,9,0,0.0,4.56
2026-08-23,Kwikship,Jaipur,Tier-3,11,2,0.0,5.18
2026-08-23,Kwikship,Lucknow,Tier-3,8,1,0.0,4.5
2026-08-24,Delhivery,Mumbai,Tier-1,6,3,703.0,5.5
2026-08-24,Delhivery,Delhi,Tier-1,9,1,239.0,4.78
2026-08-24,Delhivery,Pune,Tier-2,5,2,733.0,6.67
2026-08-24,Delhivery,Indore,Tier-2,7,0,0.0,5.14
2026-08-24,Delhivery,Jaipur,Tier-3,9,2,552.0,6.44
2026-08-24,Delhivery,Lucknow,Tier-3,6,2,205.0,7.0
2026-08-24,Bluedart,Mumbai,Tier-1,11,1,133.0,5.73
2026-08-24,Bluedart,Delhi,Tier-1,5,0,0.0,3.8
2026-08-24,Bluedart,Pune,Tier-2,7,0,0.0,5.0
2026-08-24,Bluedart,Indore,Tier-2,13,0,0.0,5.77
2026-08-24,Bluedart,Jaipur,Tier-3,7,4,454.0,6.71
2026-08-24,Bluedart,Lucknow,Tier-3,12,8,463.0,4.83
2026-08-24,Shiprocket,Mumbai,Tier-1,9,0,0.0,5.67
2026-08-24,Shiprocket,Delhi,Tier-1,13,0,0.0,4.77
2026-08-24,Shiprocket,Pune,Tier-2,10,0,0.0,6.1
2026-08-24,Shiprocket,Indore,Tier-2,10,1,118.0,5.8
2026-08-24,Shiprocket,Jaipur,Tier-3,9,1,124.0,7.0
2026-08-24,Shiprocket,Lucknow,Tier-3,12,2,324.0,6.5
2026-08-24,DTDC,Mumbai,Tier-1,9,5,349.0,3.8
2026-08-24,DTDC,Delhi,Tier-1,11,4,70.0,5.0
2026-08-24,DTDC,Pune,Tier-2,6,2,38.0,6.5
2026-08-24,DTDC,Indore,Tier-2,9,4,284.0,5.78
2026-08-24,DTDC,Jaipur,Tier-3,11,7,5388.0,5.67
2026-08-24,DTDC,Lucknow,Tier-3,12,2,38.0,5.42
2026-08-24,Kwikship,Mumbai,Tier-1,6,1,3412.0,6.86
2026-08-24,Kwikship,Delhi,Tier-1,9,1,0.0,5.1
2026-08-24,Kwikship,Pune,Tier-2,13,1,186.0,5.54
2026-08-24,Kwikship,Indore,Tier-2,7,0,0.0,3.86
2026-08-24,Kwikship,Jaipur,Tier-3,10,3,457.0,4.67
2026-08-24,Kwikship,Lucknow,Tier-3,8,2,0.0,4.88
2026-08-25,Delhivery,Mumbai,Tier-1,6,1,424.0,3.57
2026-08-25,Delhivery,Delhi,Tier-1,5,1,304.0,5.8
2026-08-25,Delhivery,Pune,Tier-2,7,2,405.0,4.0
2026-08-25,Delhivery,Indore,Tier-2,11,4,1020.0,5.45
2026-08-25,Delhivery,Jaipur,Tier-3,6,0,0.0,5.33
2026-08-25,Delhivery,Lucknow,Tier-3,11,2,711.0,5.82
2026-08-25,Bluedart,Mumbai,Tier-1,13,1,208.0,4.62
2026-08-25,Bluedart,Delhi,Tier-1,16,1,182.0,5.69
2026-08-25,Bluedart,Pune,Tier-2,8,3,672.0,5.75
2026-08-25,Bluedart,Indore,Tier-2,8,3,513.0,5.38
2026-08-25,Bluedart,Jaipur,Tier-3,10,4,233.0,6.1
2026-08-25,Bluedart,Lucknow,Tier-3,10,7,772.0,5.18
2026-08-25,Shiprocket,Mumbai,Tier-1,6,1,5688.0,7.33
2026-08-25,Shiprocket,Delhi,Tier-1,6,2,8802.0,10.17
2026-08-25,Shiprocket,Pune,Tier-2,10,0,0.0,5.3
2026-08-25,Shiprocket,Indore,Tier-2,15,3,3300.0,7.67
2026-08-25,Shiprocket,Jaipur,Tier-3,10,2,3524.0,7.7
2026-08-25,Shiprocket,Lucknow,Tier-3,4,1,4668.0,9.25
2026-08-25,DTDC,Mumbai,Tier-1,9,4,159.0,4.0
2026-08-25,DTDC,Delhi,Tier-1,11,1,8.0,6.18
2026-08-25,DTDC,Pune,Tier-2,3,0,0.0,6.33
2026-08-25,DTDC,Indore,Tier-2,7,1,19.0,7.14
2026-08-25,DTDC,Jaipur,Tier-3,8,6,97.0,4.38
2026-08-25,DTDC,Lucknow,Tier-3,9,4,70.0,5.33
2026-08-25,Kwikship,Mumbai,Tier-1,6,1,201.0,4.83
2026-08-25,Kwikship,Delhi,Tier-1,16,0,0.0,6.63
2026-08-25,Kwikship,Pune,Tier-2,9,0,0.0,5.67
2026-08-25,Kwikship,Indore,Tier-2,5,2,218.0,5.8
2026-08-25,Kwikship,Jaipur,Tier-3,8,3,430.0,3.44
2026-08-25,Kwikship,Lucknow,Tier-3,9,2,0.0,5.89
2026-08-26,Delhivery,Mumbai,Tier-1,11,2,510.0,6.93
2026-08-26,Delhivery,Delhi,Tier-1,11,1,444.0,5.08
2026-08-26,Delhivery,Pune,Tier-2,14,1,144.0,6.21
2026-08-26,Delhivery,Indore,Tier-2,7,2,210.0,6.38
2026-08-26,Delhivery,Jaipur,Tier-3,9,2,358.0,4.11
2026-08-26,Delhivery,Lucknow,Tier-3,13,5,854.0,4.93
2026-08-26,Bluedart,Mumbai,Tier-1,8,1,116.0,5.0
2026-08-26,Bluedart,Delhi,Tier-1,9,0,0.0,4.11
2026-08-26,Bluedart,Pune,Tier-2,9,0,0.0,6.22
2026-08-26,Bluedart,Indore,Tier-2,10,2,398.0,6.0
2026-08-26,Bluedart,Jaipur,Tier-3,5,1,75.0,6.4
2026-08-26,Bluedart,Lucknow,Tier-3,6,4,330.0,5.83
2026-08-26,Shiprocket,Mumbai,Tier-1,6,0,0.0,5.17
2026-08-26,Shiprocket,Delhi,Tier-1,6,2,115.0,11.43
2026-08-26,Shiprocket,Pune,Tier-2,13,1,232.0,5.46
2026-08-26,Shiprocket,Indore,Tier-2,5,2,0.0,10.4
2026-08-26,Shiprocket,Jaipur,Tier-3,10,3,5770.0,8.7
2026-08-26,Shiprocket,Lucknow,Tier-3,15,1,0.0,6.2
2026-08-26,DTDC,Mumbai,Tier-1,6,1,19.0,4.67
2026-08-26,DTDC,Delhi,Tier-1,9,6,429.0,5.0
2026-08-26,DTDC,Pune,Tier-2,6,2,214.0,5.71
2026-08-26,DTDC,Indore,Tier-2,13,4,169.0,5.23
2026-08-26,DTDC,Jaipur,Tier-3,7,3,29.0,6.57
2026-08-26,DTDC,Lucknow,Tier-3,9,3,45.0,4.78
2026-08-26,Kwikship,Mumbai,Tier-1,9,2,351.0,6.11
2026-08-26,Kwikship,Delhi,Tier-1,6,1,179.0,6.67
2026-08-26,Kwikship,Pune,Tier-2,7,1,183.0,6.71
2026-08-26,Kwikship,Indore,Tier-2,11,1,122.0,5.91
2026-08-26,Kwikship,Jaipur,Tier-3,9,2,119.0,4.78
2026-08-26,Kwikship,Lucknow,Tier-3,8,0,0.0,5.0
2026-08-27,Delhivery,Mumbai,Tier-1,9,2,269.0,5.0
2026-08-27,Delhivery,Delhi,Tier-1,8,1,393.0,5.5
2026-08-27,Delhivery,Pune,Tier-2,5,0,0.0,6.4
2026-08-27,Delhivery,Indore,Tier-2,1,0,0.0,8.0
2026-08-27,Delhivery,Jaipur,Tier-3,11,2,462.0,5.0
2026-08-27,Delhivery,Lucknow,Tier-3,8,1,100.0,5.13
2026-08-27,Bluedart,Mumbai,Tier-1,6,1,156.0,6.17
2026-08-27,Bluedart,Delhi,Tier-1,9,0,0.0,5.56
2026-08-27,Bluedart,Pune,Tier-2,8,0,0.0,6.5
2026-08-27,Bluedart,Indore,Tier-2,5,0,0.0,5.8
2026-08-27,Bluedart,Jaipur,Tier-3,9,4,398.0,6.0
2026-08-27,Bluedart,Lucknow,Tier-3,10,5,409.0,4.4
2026-08-27,Shiprocket,Mumbai,Tier-1,12,3,208.0,7.5
2026-08-27,Shiprocket,Delhi,Tier-1,10,3,4505.0,9.73
2026-08-27,Shiprocket,Pune,Tier-2,11,2,12969.0,6.92
2026-08-27,Shiprocket,Indore,Tier-2,10,3,5491.0,9.3
2026-08-27,Shiprocket,Jaipur,Tier-3,9,1,1611.0,5.56
2026-08-27,Shiprocket,Lucknow,Tier-3,8,2,427.0,8.38
2026-08-27,DTDC,Mumbai,Tier-1,13,5,548.0,6.0
2026-08-27,DTDC,Delhi,Tier-1,9,3,187.0,4.5
2026-08-27,DTDC,Pune,Tier-2,10,5,209.0,5.4
2026-08-27,DTDC,Indore,Tier-2,12,4,327.0,6.13
2026-08-27,DTDC,Jaipur,Tier-3,8,4,70.0,6.38
2026-08-27,DTDC,Lucknow,Tier-3,5,0,0.0,5.2
2026-08-27,Kwikship,Mumbai,Tier-1,10,1,133.0,4.9
2026-08-27,Kwikship,Delhi,Tier-1,10,1,215.0,5.1
2026-08-27,Kwikship,Pune,Tier-2,11,2,238.0,5.75
2026-08-27,Kwikship,Indore,Tier-2,8,0,0.0,5.25
2026-08-27,Kwikship,Jaipur,Tier-3,10,2,118.0,4.82
2026-08-27,Kwikship,Lucknow,Tier-3,7,3,0.0,4.29
2026-08-28,Delhivery,Mumbai,Tier-1,12,4,988.0,5.75
2026-08-28,Delhivery,Delhi,Tier-1,8,2,326.0,4.38
2026-08-28,Delhivery,Pune,Tier-2,5,1,378.0,5.4
2026-08-28,Delhivery,Indore,Tier-2,8,2,329.0,5.38
2026-08-28,Delhivery,Jaipur,Tier-3,10,2,848.0,3.55
2026-08-28,Delhivery,Lucknow,Tier-3,7,2,0.0,5.78
2026-08-28,Bluedart,Mumbai,Tier-1,9,0,0.0,6.78
2026-08-28,Bluedart,Delhi,Tier-1,7,1,105.0,7.14
2026-08-28,Bluedart,Pune,Tier-2,12,0,0.0,5.58
2026-08-28,Bluedart,Indore,Tier-2,12,1,0.0,5.54
2026-08-28,Bluedart,Jaipur,Tier-3,10,4,402.0,4.9
2026-08-28,Bluedart,Lucknow,Tier-3,10,6,8945.0,5.15
2026-08-28,Shiprocket,Mumbai,Tier-1,14,8,20490.0,12.71
2026-08-28,Shiprocket,Delhi,Tier-1,22,6,6197.0,8.95
2026-08-28,Shiprocket,Pune,Tier-2,11,4,16020.0,10.82
2026-08-28,Shiprocket,Indore,Tier-2,14,5,3626.0,9.21
2026-08-28,Shiprocket,Jaipur,Tier-3,14,4,2559.0,9.57
2026-08-28,Shiprocket,Lucknow,Tier-3,14,4,4823.0,8.8
2026-08-28,DTDC,Mumbai,Tier-1,13,1,162.0,5.85
2026-08-28,DTDC,Delhi,Tier-1,11,5,227.0,5.73
2026-08-28,DTDC,Pune,Tier-2,6,3,51.0,4.0
2026-08-28,DTDC,Indore,Tier-2,10,4,58.0,5.6
2026-08-28,DTDC,Jaipur,Tier-3,8,4,227.0,5.88
2026-08-28,DTDC,Lucknow,Tier-3,8,4,184.0,6.38
2026-08-28,Kwikship,Mumbai,Tier-1,11,2,412.0,4.82
2026-08-28,Kwikship,Delhi,Tier-1,10,0,0.0,6.6
2026-08-28,Kwikship,Pune,Tier-2,6,0,0.0,4.0
2026-08-28,Kwikship,Indore,Tier-2,13,2,451.0,7.0
2026-08-28,Kwikship,Jaipur,Tier-3,8,3,545.0,6.13
2026-08-28,Kwikship,Lucknow,Tier-3,9,4,0.0,5.1
2026-08-29,Delhivery,Mumbai,Tier-1,9,1,352.0,6.0
2026-08-29,Delhivery,Delhi,Tier-1,11,3,525.0,5.36
2026-08-29,Delhivery,Pune,Tier-2,3,0,0.0,6.33
2026-08-29,Delhivery,Indore,Tier-2,7,2,556.0,4.43
2026-08-29,Delhivery,Jaipur,Tier-3,10,0,0.0,6.6
2026-08-29,Delhivery,Lucknow,Tier-3,9,2,222.0,5.3
2026-08-29,Bluedart,Mumbai,Tier-1,7,1,200.0,5.29
2026-08-29,Bluedart,Delhi,Tier-1,9,0,0.0,5.0
2026-08-29,Bluedart,Pune,Tier-2,16,0,0.0,5.06
2026-08-29,Bluedart,Indore,Tier-2,9,1,171.0,5.56
2026-08-29,Bluedart,Jaipur,Tier-3,9,7,12045.0,5.58
2026-08-29,Bluedart,Lucknow,Tier-3,12,10,782.0,5.77
2026-08-29,Shiprocket,Mumbai,Tier-1,12,3,5869.0,9.42
2026-08-29,Shiprocket,Delhi,Tier-1,13,1,3661.0,6.46
2026-08-29,Shiprocket,Pune,Tier-2,9,1,3010.0,7.0
2026-08-29,Shiprocket,Indore,Tier-2,9,4,8004.0,8.89
2026-08-29,Shiprocket,Jaipur,Tier-3,10,3,807.0,10.5
2026-08-29,Shiprocket,Lucknow,Tier-3,13,8,10538.0,11.67
2026-08-29,DTDC,Mumbai,Tier-1,11,2,263.0,6.0
2026-08-29,DTDC,Delhi,Tier-1,7,2,32.0,4.29
2026-08-29,DTDC,Pune,Tier-2,6,4,76.0,3.33
2026-08-29,DTDC,Indore,Tier-2,6,3,34.0,4.67
2026-08-29,DTDC,Jaipur,Tier-3,12,2,32.0,5.58
2026-08-29,DTDC,Lucknow,Tier-3,11,6,477.0,6.08
2026-08-29,Kwikship,Mumbai,Tier-1,8,1,144.0,5.25
2026-08-29,Kwikship,Delhi,Tier-1,12,1,0.0,5.46
2026-08-29,Kwikship,Pune,Tier-2,12,2,145.0,5.38
2026-08-29,Kwikship,Indore,Tier-2,7,0,0.0,5.14
2026-08-29,Kwikship,Jaipur,Tier-3,13,6,175.0,5.29
2026-08-29,Kwikship,Lucknow,Tier-3,10,3,266.0,4.4
2026-08-30,Delhivery,Mumbai,Tier-1,6,1,215.0,4.5
2026-08-30,Delhivery,Delhi,Tier-1,7,1,170.0,5.57
2026-08-30,Delhivery,Pune,Tier-2,11,4,776.0,4.73
2026-08-30,Delhivery,Indore,Tier-2,12,3,596.0,6.17
2026-08-30,Delhivery,Jaipur,Tier-3,9,2,335.0,4.22
2026-08-30,Delhivery,Lucknow,Tier-3,7,2,832.0,5.88
2026-08-30,Bluedart,Mumbai,Tier-1,9,0,0.0,5.89
2026-08-30,Bluedart,Delhi,Tier-1,8,0,0.0,5.25
2026-08-30,Bluedart,Pune,Tier-2,7,0,0.0,5.29
2026-08-30,Bluedart,Indore,Tier-2,10,0,0.0,5.1
2026-08-30,Bluedart,Jaipur,Tier-3,8,2,210.0,6.25
2026-08-30,Bluedart,Lucknow,Tier-3,13,7,566.0,5.06
2026-08-30,Shiprocket,Mumbai,Tier-1,11,5,12641.0,11.36
2026-08-30,Shiprocket,Delhi,Tier-1,11,3,3620.0,9.09
2026-08-30,Shiprocket,Pune,Tier-2,14,5,3516.0,10.79
2026-08-30,Shiprocket,Indore,Tier-2,14,9,15599.0,14.53
2026-08-30,Shiprocket,Jaipur,Tier-3,10,1,0.0,6.1
2026-08-30,Shiprocket,Lucknow,Tier-3,11,5,9085.0,11.18
2026-08-30,DTDC,Mumbai,Tier-1,13,5,216.0,6.0
2026-08-30,DTDC,Delhi,Tier-1,9,2,32.0,4.78
2026-08-30,DTDC,Pune,Tier-2,12,4,482.0,4.85
2026-08-30,DTDC,Indore,Tier-2,9,5,95.0,6.56
2026-08-30,DTDC,Jaipur,Tier-3,15,4,234.0,6.47
2026-08-30,DTDC,Lucknow,Tier-3,15,4,470.0,5.25
2026-08-30,Kwikship,Mumbai,Tier-1,13,2,203.0,5.62
2026-08-30,Kwikship,Delhi,Tier-1,11,0,0.0,4.82
2026-08-30,Kwikship,Pune,Tier-2,9,0,0.0,5.22
2026-08-30,Kwikship,Indore,Tier-2,13,1,207.0,5.46
2026-08-30,Kwikship,Jaipur,Tier-3,7,2,0.0,5.43
2026-08-30,Kwikship,Lucknow,Tier-3,6,0,0.0,6.83
2026-08-31,Delhivery,Mumbai,Tier-1,11,1,222.0,5.64
2026-08-31,Delhivery,Delhi,Tier-1,8,1,260.0,5.88
2026-08-31,Delhivery,Pune,Tier-2,8,0,0.0,5.38
2026-08-31,Delhivery,Indore,Tier-2,8,3,7489.0,4.67
2026-08-31,Delhivery,Jaipur,Tier-3,2,2,580.0,7.5
2026-08-31,Delhivery,Lucknow,Tier-3,5,1,128.0,5.2
2026-08-31,Bluedart,Mumbai,Tier-1,11,0,0.0,4.55
2026-08-31,Bluedart,Delhi,Tier-1,10,2,326.0,5.5
2026-08-31,Bluedart,Pune,Tier-2,9,1,242.0,6.11
2026-08-31,Bluedart,Indore,Tier-2,11,0,0.0,6.27
2026-08-31,Bluedart,Jaipur,Tier-3,7,5,315.0,4.71
2026-08-31,Bluedart,Lucknow,Tier-3,11,5,586.0,5.25
2026-08-31,Shiprocket,Mumbai,Tier-1,11,3,0.0,10.82
2026-08-31,Shiprocket,Delhi,Tier-1,22,11,22561.0,13.74
2026-08-31,Shiprocket,Pune,Tier-2,16,6,8311.0,11.0
2026-08-31,Shiprocket,Indore,Tier-2,18,8,2142.0,13.11
2026-08-31,Shiprocket,Jaipur,Tier-3,18,8,18454.0,11.56
2026-08-31,Shiprocket,Lucknow,Tier-3,13,6,7737.0,10.85
2026-08-31,DTDC,Mumbai,Tier-1,9,2,21.0,5.44
2026-08-31,DTDC,Delhi,Tier-1,9,6,591.0,5.0
2026-08-31,DTDC,Pune,Tier-2,11,6,909.0,6.73
2026-08-31,DTDC,Indore,Tier-2,6,2,202.0,5.0
2026-08-31,DTDC,Jaipur,Tier-3,8,1,13.0,4.25
2026-08-31,DTDC,Lucknow,Tier-3,12,4,257.0,4.85
2026-08-31,Kwikship,Mumbai,Tier-1,9,3,251.0,6.5
2026-08-31,Kwikship,Delhi,Tier-1,9,0,0.0,5.56
2026-08-31,Kwikship,Pune,Tier-2,11,1,0.0,5.08
2026-08-31,Kwikship,Indore,Tier-2,11,2,379.0,5.73
2026-08-31,Kwikship,Jaipur,Tier-3,8,2,0.0,6.5
2026-08-31,Kwikship,Lucknow,Tier-3,9,4,10984.0,6.6
2026-09-01,Delhivery,Mumbai,Tier-1,6,3,603.0,6.83
2026-09-01,Delhivery,Delhi,Tier-1,11,2,237.0,6.33
2026-09-01,Delhivery,Pune,Tier-2,3,2,277.0,6.75
2026-09-01,Delhivery,Indore,Tier-2,6,0,0.0,5.5
2026-09-01,Delhivery,Jaipur,Tier-3,9,3,2671.0,5.8
2026-09-01,Delhivery,Lucknow,Tier-3,6,1,183.0,4.67
2026-09-01,Bluedart,Mumbai,Tier-1,7,0,0.0,5.43
2026-09-01,Bluedart,Delhi,Tier-1,9,0,0.0,6.44
2026-09-01,Bluedart,Pune,Tier-2,12,2,336.0,4.25
2026-09-01,Bluedart,Indore,Tier-2,8,0,0.0,7.25
2026-09-01,Bluedart,Jaipur,Tier-3,3,1,70.0,3.0
2026-09-01,Bluedart,Lucknow,Tier-3,7,5,447.0,5.14
2026-09-01,Shiprocket,Mumbai,Tier-1,22,15,43032.0,16.0
2026-09-01,Shiprocket,Delhi,Tier-1,19,10,13583.0,12.79
2026-09-01,Shiprocket,Pune,Tier-2,18,11,16580.0,13.72
2026-09-01,Shiprocket,Indore,Tier-2,19,12,23032.0,17.87
2026-09-01,Shiprocket,Jaipur,Tier-3,18,11,17463.0,14.63
2026-09-01,Shiprocket,Lucknow,Tier-3,16,6,3258.0,11.13
2026-09-01,DTDC,Mumbai,Tier-1,17,7,286.0,5.89
2026-09-01,DTDC,Delhi,Tier-1,9,1,200.0,6.0
2026-09-01,DTDC,Pune,Tier-2,5,3,162.0,6.4
2026-09-01,DTDC,Indore,Tier-2,9,2,245.0,5.1
2026-09-01,DTDC,Jaipur,Tier-3,13,2,38.0,5.15
2026-09-01,DTDC,Lucknow,Tier-3,10,0,0.0,5.4
2026-09-01,Kwikship,Mumbai,Tier-1,6,1,210.0,4.67
2026-09-01,Kwikship,Delhi,Tier-1,6,0,0.0,4.67
2026-09-01,Kwikship,Pune,Tier-2,5,2,9396.0,6.33
2026-09-01,Kwikship,Indore,Tier-2,11,2,354.0,5.09
2026-09-01,Kwikship,Jaipur,Tier-3,6,1,0.0,4.83
2026-09-01,Kwikship,Lucknow,Tier-3,13,3,189.0,5.43
2026-09-02,Delhivery,Mumbai,Tier-1,9,2,6736.0,4.33
2026-09-02,Delhivery,Delhi,Tier-1,18,3,1023.0,5.44
2026-09-02,Delhivery,Pune,Tier-2,9,2,496.0,5.3
2026-09-02,Delhivery,Indore,Tier-2,10,1,325.0,5.5
2026-09-02,Delhivery,Jaipur,Tier-3,10,3,11739.0,5.67
2026-09-02,Delhivery,Lucknow,Tier-3,5,0,0.0,6.6
2026-09-02,Bluedart,Mumbai,Tier-1,13,0,0.0,4.77
2026-09-02,Bluedart,Delhi,Tier-1,7,0,0.0,5.86
2026-09-02,Bluedart,Pune,Tier-2,11,1,106.0,5.64
2026-09-02,Bluedart,Indore,Tier-2,8,0,0.0,5.0
2026-09-02,Bluedart,Jaipur,Tier-3,8,5,563.0,6.0
2026-09-02,Bluedart,Lucknow,Tier-3,9,6,648.0,6.0
2026-09-02,Shiprocket,Mumbai,Tier-1,17,5,15502.0,9.76
2026-09-02,Shiprocket,Delhi,Tier-1,19,12,33176.0,16.05
2026-09-02,Shiprocket,Pune,Tier-2,12,6,13177.0,14.85
2026-09-02,Shiprocket,Indore,Tier-2,9,2,3477.0,8.56
2026-09-02,Shiprocket,Jaipur,Tier-3,21,7,6866.0,9.24
2026-09-02,Shiprocket,Lucknow,Tier-3,14,7,8067.0,9.93
2026-09-02,DTDC,Mumbai,Tier-1,10,5,275.0,5.3
2026-09-02,DTDC,Delhi,Tier-1,6,1,19.0,6.5
2026-09-02,DTDC,Pune,Tier-2,12,2,27.0,5.92
2026-09-02,DTDC,Indore,Tier-2,9,1,242.0,6.56
2026-09-02,DTDC,Jaipur,Tier-3,12,2,4691.0,6.38
2026-09-02,DTDC,Lucknow,Tier-3,9,5,269.0,5.4
2026-09-02,Kwikship,Mumbai,Tier-1,12,3,4136.0,5.77
2026-09-02,Kwikship,Delhi,Tier-1,6,1,184.0,6.33
2026-09-02,Kwikship,Pune,Tier-2,9,2,393.0,5.56
2026-09-02,Kwikship,Indore,Tier-2,9,0,0.0,4.78
2026-09-02,Kwikship,Jaipur,Tier-3,7,2,244.0,6.0
2026-09-02,Kwikship,Lucknow,Tier-3,8,0,0.0,6.63
2026-09-03,Delhivery,Mumbai,Tier-1,9,2,632.0,6.0
2026-09-03,Delhivery,Delhi,Tier-1,11,5,1210.0,5.18
2026-09-03,Delhivery,Pune,Tier-2,11,5,916.0,6.36
2026-09-03,Delhivery,Indore,Tier-2,10,5,1175.0,5.1
2026-09-03,Delhivery,Jaipur,Tier-3,7,0,0.0,5.0
2026-09-03,Delhivery,Lucknow,Tier-3,8,1,421.0,6.63
2026-09-03,Bluedart,Mumbai,Tier-1,9,0,0.0,5.22
2026-09-03,Bluedart,Delhi,Tier-1,3,0,0.0,5.67
2026-09-03,Bluedart,Pune,Tier-2,7,0,0.0,5.0
2026-09-03,Bluedart,Indore,Tier-2,12,0,0.0,5.0
2026-09-03,Bluedart,Jaipur,Tier-3,9,3,310.0,6.33
2026-09-03,Bluedart,Lucknow,Tier-3,8,6,465.0,6.89
2026-09-03,Shiprocket,Mumbai,Tier-1,17,9,22217.0,13.53
2026-09-03,Shiprocket,Delhi,Tier-1,15,5,11607.0,10.0
2026-09-03,Shiprocket,Pune,Tier-2,14,6,11014.0,13.43
2026-09-03,Shiprocket,Indore,Tier-2,18,12,21318.0,13.9
2026-09-03,Shiprocket,Jaipur,Tier-3,14,9,8545.0,14.4
2026-09-03,Shiprocket,Lucknow,Tier-3,16,7,6088.0,14.06
2026-09-03,DTDC,Mumbai,Tier-1,9,3,199.0,6.0
2026-09-03,DTDC,Delhi,Tier-1,11,3,384.0,5.5
2026-09-03,DTDC,Pune,Tier-2,11,3,45.0,5.36
2026-09-03,DTDC,Indore,Tier-2,6,2,27.0,4.83
2026-09-03,DTDC,Jaipur,Tier-3,6,0,0.0,5.5
2026-09-03,DTDC,Lucknow,Tier-3,4,3,181.0,5.75
2026-09-03,Kwikship,Mumbai,Tier-1,10,1,172.0,5.1
2026-09-03,Kwikship,Delhi,Tier-1,11,2,387.0,4.0
2026-09-03,Kwikship,Pune,Tier-2,9,2,305.0,6.22
2026-09-03,Kwikship,Indore,Tier-2,13,1,136.0,5.92
2026-09-03,Kwikship,Jaipur,Tier-3,7,2,0.0,5.29
2026-09-03,Kwikship,Lucknow,Tier-3,11,4,10049.0,6.07
2026-09-04,Delhivery,Mumbai,Tier-1,10,0,0.0,5.9
2026-09-04,Delhivery,Delhi,Tier-1,5,0,0.0,4.8
2026-09-04,Delhivery,Pune,Tier-2,11,4,927.0,5.82
2026-09-04,Delhivery,Indore,Tier-2,5,2,456.0,5.8
2026-09-04,Delhivery,Jaipur,Tier-3,9,3,780.0,5.7
2026-09-04,Delhivery,Lucknow,Tier-3,10,2,269.0,6.2
2026-09-04,Bluedart,Mumbai,Tier-1,14,2,347.0,5.07
2026-09-04,Bluedart,Delhi,Tier-1,10,0,0.0,6.5
2026-09-04,Bluedart,Pune,Tier-2,10,0,0.0,5.4
2026-09-04,Bluedart,Indore,Tier-2,10,2,411.0,5.3
2026-09-04,Bluedart,Jaipur,Tier-3,10,6,371.0,5.6
2026-09-04,Bluedart,Lucknow,Tier-3,7,3,303.0,4.57
2026-09-04,Shiprocket,Mumbai,Tier-1,18,12,12550.0,17.21
2026-09-04,Shiprocket,Delhi,Tier-1,19,10,10346.0,15.16
2026-09-04,Shiprocket,Pune,Tier-2,12,5,2545.0,12.75
2026-09-04,Shiprocket,Indore,Tier-2,12,7,13212.0,15.38
2026-09-04,Shiprocket,Jaipur,Tier-3,19,12,17554.0,15.68
2026-09-04,Shiprocket,Lucknow,Tier-3,13,5,6446.0,13.08
2026-09-04,DTDC,Mumbai,Tier-1,13,9,248.0,5.38
2026-09-04,DTDC,Delhi,Tier-1,6,2,253.0,4.0
2026-09-04,DTDC,Pune,Tier-2,13,8,263.0,4.92
2026-09-04,DTDC,Indore,Tier-2,6,2,38.0,6.5
2026-09-04,DTDC,Jaipur,Tier-3,7,2,390.0,5.71
2026-09-04,DTDC,Lucknow,Tier-3,15,7,404.0,4.8
2026-09-04,Kwikship,Mumbai,Tier-1,6,0,0.0,5.67
2026-09-04,Kwikship,Delhi,Tier-1,7,2,321.0,5.71
2026-09-04,Kwikship,Pune,Tier-2,7,1,203.0,5.86
2026-09-04,Kwikship,Indore,Tier-2,3,0,0.0,6.33
2026-09-04,Kwikship,Jaipur,Tier-3,10,7,234.0,5.8
2026-09-04,Kwikship,Lucknow,Tier-3,9,6,0.0,4.44
2026-09-05,Delhivery,Mumbai,Tier-1,16,3,568.0,6.06
2026-09-05,Delhivery,Delhi,Tier-1,12,2,502.0,5.46
2026-09-05,Delhivery,Pune,Tier-2,12,2,388.0,6.08
2026-09-05,Delhivery,Indore,Tier-2,13,2,316.0,4.46
2026-09-05,Delhivery,Jaipur,Tier-3,12,4,923.0,5.92
2026-09-05,Delhivery,Lucknow,Tier-3,11,4,982.0,5.55
2026-09-05,Bluedart,Mumbai,Tier-1,9,1,6086.0,4.9
2026-09-05,Bluedart,Delhi,Tier-1,16,0,0.0,6.0
2026-09-05,Bluedart,Pune,Tier-2,11,0,0.0,6.64
2026-09-05,Bluedart,Indore,Tier-2,9,4,592.0,5.11
2026-09-05,Bluedart,Jaipur,Tier-3,13,7,492.0,5.46
2026-09-05,Bluedart,Lucknow,Tier-3,9,4,183.0,5.22
2026-09-05,Shiprocket,Mumbai,Tier-1,13,7,18859.0,15.77
2026-09-05,Shiprocket,Delhi,Tier-1,13,5,8997.0,12.15
2026-09-05,Shiprocket,Pune,Tier-2,10,5,6442.0,12.4
2026-09-05,Shiprocket,Indore,Tier-2,7,4,11142.0,17.25
2026-09-05,Shiprocket,Jaipur,Tier-3,13,3,5050.0,8.07
2026-09-05,Shiprocket,Lucknow,Tier-3,12,5,7711.0,13.77
2026-09-05,DTDC,Mumbai,Tier-1,7,4,52.0,5.86
2026-09-05,DTDC,Delhi,Tier-1,12,5,213.0,4.25
2026-09-05,DTDC,Pune,Tier-2,12,7,127.0,5.67
2026-09-05,DTDC,Indore,Tier-2,6,6,295.0,5.5
2026-09-05,DTDC,Jaipur,Tier-3,11,4,465.0,5.31
2026-09-05,DTDC,Lucknow,Tier-3,12,7,613.0,5.17
2026-09-05,Kwikship,Mumbai,Tier-1,13,2,393.0,5.46
2026-09-05,Kwikship,Delhi,Tier-1,7,0,0.0,4.14
2026-09-05,Kwikship,Pune,Tier-2,9,0,0.0,6.44
2026-09-05,Kwikship,Indore,Tier-2,15,0,0.0,4.47
2026-09-05,Kwikship,Jaipur,Tier-3,8,5,228.0,4.0
2026-09-05,Kwikship,Lucknow,Tier-3,10,3,0.0,5.2
2026-09-06,Delhivery,Mumbai,Tier-1,12,6,1389.0,5.58
2026-09-06,Delhivery,Delhi,Tier-1,10,2,441.0,4.9
2026-09-06,Delhivery,Pune,Tier-2,5,1,196.0,4.6
2026-09-06,Delhivery,Indore,Tier-2,6,1,222.0,5.83
2026-09-06,Delhivery,Jaipur,Tier-3,12,3,476.0,6.17
2026-09-06,Delhivery,Lucknow,Tier-3,7,3,522.0,4.14
2026-09-06,Bluedart,Mumbai,Tier-1,7,0,0.0,5.57
2026-09-06,Bluedart,Delhi,Tier-1,7,0,0.0,4.57
2026-09-06,Bluedart,Pune,Tier-2,7,0,0.0,6.29
2026-09-06,Bluedart,Indore,Tier-2,8,2,430.0,5.0
2026-09-06,Bluedart,Jaipur,Tier-3,8,6,700.0,5.44
2026-09-06,Bluedart,Lucknow,Tier-3,10,3,132.0,5.9
2026-09-06,Shiprocket,Mumbai,Tier-1,13,6,8906.0,11.64
2026-09-06,Shiprocket,Delhi,Tier-1,17,7,11659.0,14.56
2026-09-06,Shiprocket,Pune,Tier-2,22,9,12772.0,12.57
2026-09-06,Shiprocket,Indore,Tier-2,12,7,7211.0,16.92
2026-09-06,Shiprocket,Jaipur,Tier-3,20,5,280.0,9.82
2026-09-06,Shiprocket,Lucknow,Tier-3,11,6,16964.0,16.0
2026-09-06,DTDC,Mumbai,Tier-1,9,5,84.0,6.11
2026-09-06,DTDC,Delhi,Tier-1,10,2,215.0,5.6
2026-09-06,DTDC,Pune,Tier-2,16,7,541.0,5.31
2026-09-06,DTDC,Indore,Tier-2,4,1,19.0,3.25
2026-09-06,DTDC,Jaipur,Tier-3,11,3,45.0,6.27
2026-09-06,DTDC,Lucknow,Tier-3,11,2,32.0,6.09
2026-09-06,Kwikship,Mumbai,Tier-1,12,1,213.0,5.33
2026-09-06,Kwikship,Delhi,Tier-1,13,1,181.0,6.23
2026-09-06,Kwikship,Pune,Tier-2,3,0,0.0,7.67
2026-09-06,Kwikship,Indore,Tier-2,6,2,383.0,6.33
2026-09-06,Kwikship,Jaipur,Tier-3,8,3,123.0,6.0
2026-09-06,Kwikship,Lucknow,Tier-3,3,3,5976.0,6.5
2026-09-07,Delhivery,Mumbai,Tier-1,8,2,432.0,5.5
2026-09-07,Delhivery,Delhi,Tier-1,8,2,11830.0,4.91
2026-09-07,Delhivery,Pune,Tier-2,10,3,745.0,5.64
2026-09-07,Delhivery,Indore,Tier-2,11,2,359.0,5.0
2026-09-07,Delhivery,Jaipur,Tier-3,9,1,147.0,5.56
2026-09-07,Delhivery,Lucknow,Tier-3,13,2,395.0,6.15
2026-09-07,Bluedart,Mumbai,Tier-1,8,1,222.0,5.63
2026-09-07,Bluedart,Delhi,Tier-1,12,2,11743.0,5.46
2026-09-07,Bluedart,Pune,Tier-2,5,0,0.0,7.4
2026-09-07,Bluedart,Indore,Tier-2,9,0,0.0,5.44
2026-09-07,Bluedart,Jaipur,Tier-3,11,11,1235.0,4.58
2026-09-07,Bluedart,Lucknow,Tier-3,8,4,255.0,5.25
2026-09-07,Shiprocket,Mumbai,Tier-1,17,6,8935.0,12.56
2026-09-07,Shiprocket,Delhi,Tier-1,16,7,10437.0,14.28
2026-09-07,Shiprocket,Pune,Tier-2,12,4,7055.0,11.67
2026-09-07,Shiprocket,Indore,Tier-2,16,4,11623.0,10.63
2026-09-07,Shiprocket,Jaipur,Tier-3,12,5,17235.0,10.0
2026-09-07,Shiprocket,Lucknow,Tier-3,8,3,5999.0,9.88
2026-09-07,DTDC,Mumbai,Tier-1,11,5,77.0,4.0
2026-09-07,DTDC,Delhi,Tier-1,7,3,51.0,4.0
2026-09-07,DTDC,Pune,Tier-2,8,5,262.0,6.63
2026-09-07,DTDC,Indore,Tier-2,13,4,266.0,5.21
2026-09-07,DTDC,Jaipur,Tier-3,5,2,162.0,5.6
2026-09-07,DTDC,Lucknow,Tier-3,7,2,27.0,5.43
2026-09-07,Kwikship,Mumbai,Tier-1,9,2,8411.0,6.8
2026-09-07,Kwikship,Delhi,Tier-1,7,1,168.0,5.71
2026-09-07,Kwikship,Pune,Tier-2,13,2,436.0,4.62
2026-09-07,Kwikship,Indore,Tier-2,8,0,0.0,6.5
2026-09-07,Kwikship,Jaipur,Tier-3,8,1,0.0,5.88
2026-09-07,Kwikship,Lucknow,Tier-3,9,3,0.0,5.33
2026-09-08,Delhivery,Mumbai,Tier-1,8,0,0.0,4.5
2026-09-08,Delhivery,Delhi,Tier-1,5,3,567.0,4.8
2026-09-08,Delhivery,Pune,Tier-2,8,1,186.0,5.88
2026-09-08,Delhivery,Indore,Tier-2,7,3,854.0,5.25
2026-09-08,Delhivery,Jaipur,Tier-3,6,1,325.0,4.5
2026-09-08,Delhivery,Lucknow,Tier-3,9,0,0.0,5.0
2026-09-08,Bluedart,Mumbai,Tier-1,14,0,0.0,5.43
2026-09-08,Bluedart,Delhi,Tier-1,12,1,208.0,4.75
2026-09-08,Bluedart,Pune,Tier-2,11,1,4216.0,5.17
2026-09-08,Bluedart,Indore,Tier-2,13,0,0.0,5.38
2026-09-08,Bluedart,Jaipur,Tier-3,6,3,4293.0,5.43
2026-09-08,Bluedart,Lucknow,Tier-3,8,5,415.0,7.44
2026-09-08,Shiprocket,Mumbai,Tier-1,21,5,10679.0,9.86
2026-09-08,Shiprocket,Delhi,Tier-1,18,5,5650.0,10.33
2026-09-08,Shiprocket,Pune,Tier-2,14,3,2758.0,10.36
2026-09-08,Shiprocket,Indore,Tier-2,12,3,748.0,10.67
2026-09-08,Shiprocket,Jaipur,Tier-3,11,5,18581.0,12.91
2026-09-08,Shiprocket,Lucknow,Tier-3,13,4,1796.0,8.62
2026-09-08,DTDC,Mumbai,Tier-1,7,4,70.0,3.86
2026-09-08,DTDC,Delhi,Tier-1,8,6,329.0,4.78
2026-09-08,DTDC,Pune,Tier-2,9,4,259.0,4.8
2026-09-08,DTDC,Indore,Tier-2,14,5,202.0,4.64
2026-09-08,DTDC,Jaipur,Tier-3,2,0,0.0,7.0
2026-09-08,DTDC,Lucknow,Tier-3,8,3,205.0,5.56
2026-09-08,Kwikship,Mumbai,Tier-1,6,0,0.0,6.67
2026-09-08,Kwikship,Delhi,Tier-1,12,3,460.0,4.5
2026-09-08,Kwikship,Pune,Tier-2,7,2,335.0,5.0
2026-09-08,Kwikship,Indore,Tier-2,11,0,0.0,6.09
2026-09-08,Kwikship,Jaipur,Tier-3,13,4,133.0,5.23
2026-09-08,Kwikship,Lucknow,Tier-3,10,3,0.0,5.0
2026-09-09,Delhivery,Mumbai,Tier-1,10,2,395.0,5.2
2026-09-09,Delhivery,Delhi,Tier-1,5,1,246.0,6.6
2026-09-09,Delhivery,Pune,Tier-2,3,0,0.0,6.33
2026-09-09,Delhivery,Indore,Tier-2,13,3,388.0,5.64
2026-09-09,Delhivery,Jaipur,Tier-3,5,0,0.0,5.8
2026-09-09,Delhivery,Lucknow,Tier-3,13,1,182.0,5.0
2026-09-09,Bluedart,Mumbai,Tier-1,12,0,0.0,6.58
2026-09-09,Bluedart,Delhi,Tier-1,8,0,0.0,5.38
2026-09-09,Bluedart,Pune,Tier-2,10,0,0.0,5.1
2026-09-09,Bluedart,Indore,Tier-2,6,0,0.0,5.33
2026-09-09,Bluedart,Jaipur,Tier-3,9,6,610.0,4.8
2026-09-09,Bluedart,Lucknow,Tier-3,11,8,545.0,5.09
2026-09-09,Shiprocket,Mumbai,Tier-1,12,3,0.0,11.0
2026-09-09,Shiprocket,Delhi,Tier-1,7,1,5055.0,10.29
2026-09-09,Shiprocket,Pune,Tier-2,10,1,1864.0,8.3
2026-09-09,Shiprocket,Indore,Tier-2,12,3,7520.0,10.25
2026-09-09,Shiprocket,Jaipur,Tier-3,13,1,5599.0,6.62
2026-09-09,Shiprocket,Lucknow,Tier-3,11,3,204.0,9.55
2026-09-09,DTDC,Mumbai,Tier-1,9,3,51.0,5.89
2026-09-09,DTDC,Delhi,Tier-1,13,5,262.0,6.62
2026-09-09,DTDC,Pune,Tier-2,8,4,76.0,5.75
2026-09-09,DTDC,Indore,Tier-2,11,5,95.0,4.82
2026-09-09,DTDC,Jaipur,Tier-3,8,3,195.0,5.0
2026-09-09,DTDC,Lucknow,Tier-3,6,3,173.0,5.5
2026-09-09,Kwikship,Mumbai,Tier-1,6,2,434.0,5.17
2026-09-09,Kwikship,Delhi,Tier-1,9,1,238.0,5.44
2026-09-09,Kwikship,Pune,Tier-2,8,1,110.0,5.0
2026-09-09,Kwikship,Indore,Tier-2,6,1,207.0,5.83
2026-09-09,Kwikship,Jaipur,Tier-3,11,7,201.0,6.17
2026-09-09,Kwikship,Lucknow,Tier-3,5,1,0.0,4.2
2026-09-10,Delhivery,Mumbai,Tier-1,9,1,246.0,5.89
2026-09-10,Delhivery,Delhi,Tier-1,11,1,170.0,5.0
2026-09-10,Delhivery,Pune,Tier-2,6,0,0.0,6.17
2026-09-10,Delhivery,Indore,Tier-2,10,4,778.0,5.3
2026-09-10,Delhivery,Jaipur,Tier-3,7,1,252.0,6.57
2026-09-10,Delhivery,Lucknow,Tier-3,8,4,819.0,6.63
2026-09-10,Bluedart,Mumbai,Tier-1,12,0,0.0,5.0
2026-09-10,Bluedart,Delhi,Tier-1,7,1,0.0,5.5
2026-09-10,Bluedart,Pune,Tier-2,5,0,0.0,5.2
2026-09-10,Bluedart,Indore,Tier-2,8,0,0.0,5.13
2026-09-10,Bluedart,Jaipur,Tier-3,9,8,3270.0,4.67
2026-09-10,Bluedart,Lucknow,Tier-3,2,0,0.0,5.0
2026-09-10,Shiprocket,Mumbai,Tier-1,20,3,2311.0,7.5
2026-09-10,Shiprocket,Delhi,Tier-1,5,1,0.0,9.6
2026-09-10,Shiprocket,Pune,Tier-2,19,3,7875.0,7.84
2026-09-10,Shiprocket,Indore,Tier-2,13,2,385.0,5.38
2026-09-10,Shiprocket,Jaipur,Tier-3,10,0,0.0,4.5
2026-09-10,Shiprocket,Lucknow,Tier-3,11,2,177.0,8.23
2026-09-10,DTDC,Mumbai,Tier-1,8,1,13.0,4.63
2026-09-10,DTDC,Delhi,Tier-1,7,4,76.0,5.57
2026-09-10,DTDC,Pune,Tier-2,17,7,121.0,5.29
2026-09-10,DTDC,Indore,Tier-2,5,2,227.0,6.5
2026-09-10,DTDC,Jaipur,Tier-3,13,5,83.0,6.0
2026-09-10,DTDC,Lucknow,Tier-3,7,1,19.0,7.29
2026-09-10,Kwikship,Mumbai,Tier-1,8,0,0.0,6.13
2026-09-10,Kwikship,Delhi,Tier-1,6,2,440.0,4.5
2026-09-10,Kwikship,Pune,Tier-2,6,3,8061.0,4.29
2026-09-10,Kwikship,Indore,Tier-2,4,0,0.0,4.5
2026-09-10,Kwikship,Jaipur,Tier-3,11,2,0.0,6.82
2026-09-10,Kwikship,Lucknow,Tier-3,6,2,337.0,5.57
2026-09-11,Delhivery,Mumbai,Tier-1,11,4,7040.0,4.4
2026-09-11,Delhivery,Delhi,Tier-1,5,3,656.0,5.0
2026-09-11,Delhivery,Pune,Tier-2,9,3,637.0,6.11
2026-09-11,Delhivery,Indore,Tier-2,12,4,718.0,5.42
2026-09-11,Delhivery,Jaipur,Tier-3,6,0,0.0,5.83
2026-09-11,Delhivery,Lucknow,Tier-3,11,3,798.0,5.55
2026-09-11,Bluedart,Mumbai,Tier-1,10,0,0.0,5.7
2026-09-11,Bluedart,Delhi,Tier-1,9,1,118.0,5.89
2026-09-11,Bluedart,Pune,Tier-2,8,2,2495.0,5.67
2026-09-11,Bluedart,Indore,Tier-2,11,1,0.0,5.25
2026-09-11,Bluedart,Jaipur,Tier-3,5,4,309.0,6.2
2026-09-11,Bluedart,Lucknow,Tier-3,9,6,8159.0,4.45
2026-09-11,Shiprocket,Mumbai,Tier-1,9,0,0.0,5.0
2026-09-11,Shiprocket,Delhi,Tier-1,4,1,217.0,5.75
2026-09-11,Shiprocket,Pune,Tier-2,9,1,130.0,4.67
2026-09-11,Shiprocket,Indore,Tier-2,9,0,0.0,6.0
2026-09-11,Shiprocket,Jaipur,Tier-3,6,0,0.0,5.17
2026-09-11,Shiprocket,Lucknow,Tier-3,7,1,164.0,4.0
2026-09-11,DTDC,Mumbai,Tier-1,9,4,70.0,6.0
2026-09-11,DTDC,Delhi,Tier-1,15,3,188.0,5.53
2026-09-11,DTDC,Pune,Tier-2,9,5,288.0,4.22
2026-09-11,DTDC,Indore,Tier-2,10,3,29.0,5.4
2026-09-11,DTDC,Jaipur,Tier-3,8,2,38.0,5.13
2026-09-11,DTDC,Lucknow,Tier-3,7,3,57.0,5.71
2026-09-11,Kwikship,Mumbai,Tier-1,6,1,238.0,6.17
2026-09-11,Kwikship,Delhi,Tier-1,10,0,0.0,4.2
2026-09-11,Kwikship,Pune,Tier-2,10,0,0.0,5.0
2026-09-11,Kwikship,Indore,Tier-2,10,3,10065.0,4.57
2026-09-11,Kwikship,Jaipur,Tier-3,10,2,0.0,6.2
2026-09-11,Kwikship,Lucknow,Tier-3,11,4,0.0,5.75
2026-09-12,Delhivery,Mumbai,Tier-1,8,2,659.0,4.78
2026-09-12,Delhivery,Delhi,Tier-1,10,0,0.0,5.4
2026-09-12,Delhivery,Pune,Tier-2,9,3,11293.0,4.83
2026-09-12,Delhivery,Indore,Tier-2,13,4,1145.0,4.79
2026-09-12,Delhivery,Jaipur,Tier-3,5,2,406.0,6.4
2026-09-12,Delhivery,Lucknow,Tier-3,7,1,202.0,5.29
2026-09-12,Bluedart,Mumbai,Tier-1,11,0,0.0,4.91
2026-09-12,Bluedart,Delhi,Tier-1,8,4,933.0,6.18
2026-09-12,Bluedart,Pune,Tier-2,10,1,128.0,4.6
2026-09-12,Bluedart,Indore,Tier-2,7,0,0.0,6.86
2026-09-12,Bluedart,Jaipur,Tier-3,7,4,262.0,4.43
2026-09-12,Bluedart,Lucknow,Tier-3,10,6,492.0,4.3
2026-09-12,Shiprocket,Mumbai,Tier-1,6,1,212.0,4.17
2026-09-12,Shiprocket,Delhi,Tier-1,8,0,0.0,5.75
2026-09-12,Shiprocket,Pune,Tier-2,12,0,0.0,4.92
2026-09-12,Shiprocket,Indore,Tier-2,14,0,0.0,5.79
2026-09-12,Shiprocket,Jaipur,Tier-3,12,0,0.0,5.17
2026-09-12,Shiprocket,Lucknow,Tier-3,8,0,0.0,6.0
2026-09-12,DTDC,Mumbai,Tier-1,8,3,223.0,6.38
2026-09-12,DTDC,Delhi,Tier-1,9,4,65.0,5.33
2026-09-12,DTDC,Pune,Tier-2,9,3,246.0,4.89
2026-09-12,DTDC,Indore,Tier-2,7,4,261.0,5.13
2026-09-12,DTDC,Jaipur,Tier-3,8,1,19.0,6.88
2026-09-12,DTDC,Lucknow,Tier-3,12,4,488.0,5.31
2026-09-12,Kwikship,Mumbai,Tier-1,10,1,123.0,5.4
2026-09-12,Kwikship,Delhi,Tier-1,5,0,0.0,5.2
2026-09-12,Kwikship,Pune,Tier-2,8,0,0.0,3.25
2026-09-12,Kwikship,Indore,Tier-2,5,0,0.0,5.0
2026-09-12,Kwikship,Jaipur,Tier-3,13,5,127.0,5.46
2026-09-12,Kwikship,Lucknow,Tier-3,5,2,0.0,3.4
2026-09-13,Delhivery,Mumbai,Tier-1,5,0,0.0,7.2
2026-09-13,Delhivery,Delhi,Tier-1,11,2,651.0,4.91
2026-09-13,Delhivery,Pune,Tier-2,9,0,0.0,5.11
2026-09-13,Delhivery,Indore,Tier-2,10,3,535.0,4.8
2026-09-13,Delhivery,Jaipur,Tier-3,14,4,712.0,5.71
2026-09-13,Delhivery,Lucknow,Tier-3,13,1,265.0,5.77
2026-09-13,Bluedart,Mumbai,Tier-1,8,0,0.0,4.5
2026-09-13,Bluedart,Delhi,Tier-1,15,1,123.0,6.07
2026-09-13,Bluedart,Pune,Tier-2,13,1,239.0,6.0
2026-09-13,Bluedart,Indore,Tier-2,8,0,0.0,5.75
2026-09-13,Bluedart,Jaipur,Tier-3,8,3,391.0,5.25
2026-09-13,Bluedart,Lucknow,Tier-3,5,2,288.0,6.8
2026-09-13,Shiprocket,Mumbai,Tier-1,10,1,212.0,5.8
2026-09-13,Shiprocket,Delhi,Tier-1,18,2,8363.0,4.68
2026-09-13,Shiprocket,Pune,Tier-2,5,1,106.0,5.2
2026-09-13,Shiprocket,Indore,Tier-2,8,0,0.0,3.75
2026-09-13,Shiprocket,Jaipur,Tier-3,14,1,133.0,5.93
2026-09-13,Shiprocket,Lucknow,Tier-3,10,0,0.0,5.0
2026-09-13,DTDC,Mumbai,Tier-1,10,3,51.0,5.1
2026-09-13,DTDC,Delhi,Tier-1,4,1,8.0,7.25
2026-09-13,DTDC,Pune,Tier-2,13,3,38.0,5.0
2026-09-13,DTDC,Indore,Tier-2,15,8,625.0,5.76
2026-09-13,DTDC,Jaipur,Tier-3,7,1,19.0,4.71
2026-09-13,DTDC,Lucknow,Tier-3,7,3,364.0,5.63
2026-09-13,Kwikship,Mumbai,Tier-1,9,1,216.0,6.78
2026-09-13,Kwikship,Delhi,Tier-1,10,0,0.0,5.6
2026-09-13,Kwikship,Pune,Tier-2,8,0,0.0,5.75
2026-09-13,Kwikship,Indore,Tier-2,10,2,275.0,4.7
2026-09-13,Kwikship,Jaipur,Tier-3,18,6,154.0,5.72
2026-09-13,Kwikship,Lucknow,Tier-3,14,6,0.0,5.43
2026-09-14,Delhivery,Mumbai,Tier-1,10,1,172.0,5.6
2026-09-14,Delhivery,Delhi,Tier-1,6,2,210.0,5.33
2026-09-14,Delhivery,Pune,Tier-2,10,2,317.0,5.3
2026-09-14,Delhivery,Indore,Tier-2,8,2,503.0,6.5
2026-09-14,Delhivery,Jaipur,Tier-3,14,3,541.0,6.8
2026-09-14,Delhivery,Lucknow,Tier-3,3,0,0.0,7.0
2026-09-14,Bluedart,Mumbai,Tier-1,8,0,0.0,5.13
2026-09-14,Bluedart,Delhi,Tier-1,8,0,0.0,6.38
2026-09-14,Bluedart,Pune,Tier-2,9,0,0.0,5.11
2026-09-14,Bluedart,Indore,Tier-2,13,2,427.0,7.08
2026-09-14,Bluedart,Jaipur,Tier-3,13,9,1050.0,6.33
2026-09-14,Bluedart,Lucknow,Tier-3,17,7,483.0,5.61
2026-09-14,Shiprocket,Mumbai,Tier-1,15,0,0.0,6.2
2026-09-14,Shiprocket,Delhi,Tier-1,8,2,382.0,5.88
2026-09-14,Shiprocket,Pune,Tier-2,14,0,0.0,5.0
2026-09-14,Shiprocket,Indore,Tier-2,9,1,164.0,7.11
2026-09-14,Shiprocket,Jaipur,Tier-3,8,0,0.0,4.88
2026-09-14,Shiprocket,Lucknow,Tier-3,8,0,0.0,5.38
2026-09-14,DTDC,Mumbai,Tier-1,11,4,219.0,4.64
2026-09-14,DTDC,Delhi,Tier-1,11,4,212.0,4.55
2026-09-14,DTDC,Pune,Tier-2,6,5,78.0,5.83
2026-09-14,DTDC,Indore,Tier-2,10,4,70.0,5.9
2026-09-14,DTDC,Jaipur,Tier-3,14,3,57.0,5.93
2026-09-14,DTDC,Lucknow,Tier-3,13,6,210.0,5.43
2026-09-14,Kwikship,Mumbai,Tier-1,5,1,102.0,4.8
2026-09-14,Kwikship,Delhi,Tier-1,12,1,227.0,5.58
2026-09-14,Kwikship,Pune,Tier-2,9,1,155.0,5.89
2026-09-14,Kwikship,Indore,Tier-2,12,1,238.0,4.67
2026-09-14,Kwikship,Jaipur,Tier-3,14,6,590.0,4.69
2026-09-14,Kwikship,Lucknow,Tier-3,6,2,0.0,4.5
2026-09-15,Delhivery,Mumbai,Tier-1,9,4,7232.0,5.9
2026-09-15,Delhivery,Delhi,Tier-1,10,2,307.0,7.1
2026-09-15,Delhivery,Pune,Tier-2,10,3,714.0,5.9
2026-09-15,Delhivery,Indore,Tier-2,9,5,918.0,5.11
2026-09-15,Delhivery,Jaipur,Tier-3,9,4,4488.0,4.0
2026-09-15,Delhivery,Lucknow,Tier-3,6,0,0.0,6.5
2026-09-15,Bluedart,Mumbai,Tier-1,12,0,0.0,4.75
2026-09-15,Bluedart,Delhi,Tier-1,9,0,0.0,5.44
2026-09-15,Bluedart,Pune,Tier-2,13,3,464.0,4.85
2026-09-15,Bluedart,Indore,Tier-2,7,1,133.0,4.14
2026-09-15,Bluedart,Jaipur,Tier-3,11,4,231.0,6.82
2026-09-15,Bluedart,Lucknow,Tier-3,12,9,758.0,4.73
2026-09-15,Shiprocket,Mumbai,Tier-1,14,0,0.0,5.21
2026-09-15,Shiprocket,Delhi,Tier-1,9,1,245.0,5.0
2026-09-15,Shiprocket,Pune,Tier-2,8,0,0.0,5.25
2026-09-15,Shiprocket,Indore,Tier-2,9,2,8474.0,5.36
2026-09-15,Shiprocket,Jaipur,Tier-3,10,0,0.0,6.3
2026-09-15,Shiprocket,Lucknow,Tier-3,8,1,0.0,5.78
2026-09-15,DTDC,Mumbai,Tier-1,11,7,319.0,5.36
2026-09-15,DTDC,Delhi,Tier-1,7,4,70.0,4.71
2026-09-15,DTDC,Pune,Tier-2,5,1,19.0,6.0
2026-09-15,DTDC,Indore,Tier-2,8,7,290.0,4.75
2026-09-15,DTDC,Jaipur,Tier-3,13,7,6878.0,4.41
2026-09-15,DTDC,Lucknow,Tier-3,11,6,8968.0,4.46
2026-09-15,Kwikship,Mumbai,Tier-1,12,3,346.0,4.0
2026-09-15,Kwikship,Delhi,Tier-1,7,0,0.0,6.43
2026-09-15,Kwikship,Pune,Tier-2,7,0,0.0,6.29
2026-09-15,Kwikship,Indore,Tier-2,7,1,152.0,5.57
2026-09-15,Kwikship,Jaipur,Tier-3,8,5,359.0,6.56
2026-09-15,Kwikship,Lucknow,Tier-3,5,3,210.0,4.8
2026-09-16,Delhivery,Mumbai,Tier-1,8,1,116.0,4.5
2026-09-16,Delhivery,Delhi,Tier-1,16,2,519.0,6.44
2026-09-16,Delhivery,Pune,Tier-2,5,1,205.0,5.8
2026-09-16,Delhivery,Indore,Tier-2,5,0,0.0,8.6
2026-09-16,Delhivery,Jaipur,Tier-3,5,2,342.0,4.6
2026-09-16,Delhivery,Lucknow,Tier-3,11,2,382.0,5.18
2026-09-16,Bluedart,Mumbai,Tier-1,12,0,0.0,5.33
2026-09-16,Bluedart,Delhi,Tier-1,11,1,205.0,5.55
2026-09-16,Bluedart,Pune,Tier-2,10,2,373.0,6.0
2026-09-16,Bluedart,Indore,Tier-2,6,0,0.0,5.33
2026-09-16,Bluedart,Jaipur,Tier-3,6,2,215.0,7.0
2026-09-16,Bluedart,Lucknow,Tier-3,9,5,303.0,6.11
2026-09-16,Shiprocket,Mumbai,Tier-1,8,0,0.0,6.5
2026-09-16,Shiprocket,Delhi,Tier-1,11,0,0.0,5.82
2026-09-16,Shiprocket,Pune,Tier-2,9,3,403.0,5.5
2026-09-16,Shiprocket,Indore,Tier-2,7,0,0.0,5.0
2026-09-16,Shiprocket,Jaipur,Tier-3,15,2,327.0,5.93
2026-09-16,Shiprocket,Lucknow,Tier-3,5,0,0.0,5.4
2026-09-16,DTDC,Mumbai,Tier-1,11,4,10051.0,6.0
2026-09-16,DTDC,Delhi,Tier-1,4,2,26.0,4.0
2026-09-16,DTDC,Pune,Tier-2,10,2,170.0,6.0
2026-09-16,DTDC,Indore,Tier-2,8,4,504.0,4.75
2026-09-16,DTDC,Jaipur,Tier-3,7,5,89.0,7.0
2026-09-16,DTDC,Lucknow,Tier-3,4,3,403.0,5.2
2026-09-16,Kwikship,Mumbai,Tier-1,5,0,0.0,6.6
2026-09-16,Kwikship,Delhi,Tier-1,13,1,148.0,5.38
2026-09-16,Kwikship,Pune,Tier-2,8,0,0.0,5.75
2026-09-16,Kwikship,Indore,Tier-2,7,0,0.0,4.86
2026-09-16,Kwikship,Jaipur,Tier-3,11,2,0.0,6.27
2026-09-16,Kwikship,Lucknow,Tier-3,10,3,0.0,6.2
2026-09-17,Delhivery,Mumbai,Tier-1,4,1,579.0,6.8
2026-09-17,Delhivery,Delhi,Tier-1,7,2,639.0,5.43
2026-09-17,Delhivery,Pune,Tier-2,5,1,134.0,7.4
2026-09-17,Delhivery,Indore,Tier-2,7,2,545.0,7.29
2026-09-17,Delhivery,Jaipur,Tier-3,7,4,1026.0,6.14
2026-09-17,Delhivery,Lucknow,Tier-3,4,0,0.0,7.25
2026-09-17,Bluedart,Mumbai,Tier-1,12,2,103.0,6.31
2026-09-17,Bluedart,Delhi,Tier-1,9,0,0.0,6.11
2026-09-17,Bluedart,Pune,Tier-2,6,1,231.0,6.33
2026-09-17,Bluedart,Indore,Tier-2,8,2,3469.0,6.78
2026-09-17,Bluedart,Jaipur,Tier-3,6,3,198.0,6.5
2026-09-17,Bluedart,Lucknow,Tier-3,7,4,341.0,6.29
2026-09-17,Shiprocket,Mumbai,Tier-1,4,1,220.0,7.5
2026-09-17,Shiprocket,Delhi,Tier-1,7,2,177.0,7.13
2026-09-17,Shiprocket,Pune,Tier-2,8,0,0.0,7.88
2026-09-17,Shiprocket,Indore,Tier-2,8,1,134.0,5.5
2026-09-17,Shiprocket,Jaipur,Tier-3,9,1,9460.0,7.2
2026-09-17,Shiprocket,Lucknow,Tier-3,8,0,0.0,7.63
2026-09-17,DTDC,Mumbai,Tier-1,7,3,8856.0,7.5
2026-09-17,DTDC,Delhi,Tier-1,4,4,70.0,8.0
2026-09-17,DTDC,Pune,Tier-2,8,5,247.0,5.4
2026-09-17,DTDC,Indore,Tier-2,4,0,0.0,5.5
2026-09-17,DTDC,Jaipur,Tier-3,6,2,211.0,4.86
2026-09-17,DTDC,Lucknow,Tier-3,8,2,21.0,6.38
2026-09-17,Kwikship,Mumbai,Tier-1,8,1,247.0,6.38
2026-09-17,Kwikship,Delhi,Tier-1,7,1,186.0,7.29
2026-09-17,Kwikship,Pune,Tier-2,5,0,0.0,6.6
2026-09-17,Kwikship,Indore,Tier-2,3,0,0.0,7.0
2026-09-17,Kwikship,Jaipur,Tier-3,5,1,0.0,6.0
2026-09-17,Kwikship,Lucknow,Tier-3,9,4,103.0,7.0
2026-09-18,Delhivery,Mumbai,Tier-1,4,0,0.0,7.25
2026-09-18,Delhivery,Delhi,Tier-1,5,1,248.0,6.6
2026-09-18,Delhivery,Pune,Tier-2,7,2,315.0,7.0
2026-09-18,Delhivery,Indore,Tier-2,4,1,336.0,6.25
2026-09-18,Delhivery,Jaipur,Tier-3,8,2,429.0,8.0
2026-09-18,Delhivery,Lucknow,Tier-3,6,2,279.0,7.43
2026-09-18,Bluedart,Mumbai,Tier-1,5,0,0.0,6.4
2026-09-18,Bluedart,Delhi,Tier-1,6,0,0.0,7.83
2026-09-18,Bluedart,Pune,Tier-2,8,2,470.0,6.88
2026-09-18,Bluedart,Indore,Tier-2,3,0,0.0,8.67
2026-09-18,Bluedart,Jaipur,Tier-3,5,0,0.0,6.0
2026-09-18,Bluedart,Lucknow,Tier-3,6,4,329.0,6.83
2026-09-18,Shiprocket,Mumbai,Tier-1,8,1,176.0,6.88
2026-09-18,Shiprocket,Delhi,Tier-1,4,0,0.0,5.75
2026-09-18,Shiprocket,Pune,Tier-2,6,0,0.0,7.33
2026-09-18,Shiprocket,Indore,Tier-2,6,2,4933.0,6.71
2026-09-18,Shiprocket,Jaipur,Tier-3,10,1,170.0,6.7
2026-09-18,Shiprocket,Lucknow,Tier-3,4,0,0.0,6.5
2026-09-18,DTDC,Mumbai,Tier-1,8,4,7178.0,6.42
2026-09-18,DTDC,Delhi,Tier-1,4,3,46.0,6.5
2026-09-18,DTDC,Pune,Tier-2,6,2,315.0,6.14
2026-09-18,DTDC,Indore,Tier-2,8,3,45.0,7.5
2026-09-18,DTDC,Jaipur,Tier-3,8,2,32.0,7.75
2026-09-18,Kwikship,Mumbai,Tier-1,2,0,0.0,6.5
2026-09-18,Kwikship,Delhi,Tier-1,9,0,0.0,7.67
2026-09-18,Kwikship,Pune,Tier-2,5,0,0.0,6.8
2026-09-18,Kwikship,Indore,Tier-2,6,2,402.0,7.67
2026-09-18,Kwikship,Jaipur,Tier-3,5,3,0.0,6.4
2026-09-18,Kwikship,Lucknow,Tier-3,6,2,0.0,7.0
2026-09-19,Delhivery,Mumbai,Tier-1,2,0,0.0,6.5
2026-09-19,Delhivery,Delhi,Tier-1,7,2,486.0,7.57
2026-09-19,Delhivery,Pune,Tier-2,2,1,214.0,7.5
2026-09-19,Delhivery,Indore,Tier-2,3,1,255.0,7.67
2026-09-19,Delhivery,Jaipur,Tier-3,5,0,0.0,7.6
2026-09-19,Delhivery,Lucknow,Tier-3,5,1,317.0,8.0
2026-09-19,Bluedart,Mumbai,Tier-1,7,0,0.0,7.71
2026-09-19,Bluedart,Delhi,Tier-1,3,0,0.0,6.67
2026-09-19,Bluedart,Pune,Tier-2,10,0,0.0,7.6
2026-09-19,Bluedart,Indore,Tier-2,5,1,180.0,7.0
2026-09-19,Bluedart,Jaipur,Tier-3,4,2,123.0,8.0
2026-09-19,Bluedart,Lucknow,Tier-3,5,4,259.0,7.0
2026-09-19,Shiprocket,Mumbai,Tier-1,2,0,0.0,7.5
2026-09-19,Shiprocket,Delhi,Tier-1,2,0,0.0,6.5
2026-09-19,Shiprocket,Pune,Tier-2,3,1,0.0,8.25
2026-09-19,Shiprocket,Indore,Tier-2,2,1,0.0,8.0
2026-09-19,Shiprocket,Jaipur,Tier-3,2,0,0.0,8.5
2026-09-19,Shiprocket,Lucknow,Tier-3,3,0,0.0,7.0
2026-09-19,DTDC,Mumbai,Tier-1,3,1,13.0,7.67
2026-09-19,DTDC,Delhi,Tier-1,7,4,70.0,7.0
2026-09-19,DTDC,Pune,Tier-2,4,2,235.0,7.0
2026-09-19,DTDC,Indore,Tier-2,4,1,19.0,6.75
2026-09-19,DTDC,Jaipur,Tier-3,3,1,19.0,7.67
2026-09-19,DTDC,Lucknow,Tier-3,5,2,135.0,7.4
2026-09-19,Kwikship,Mumbai,Tier-1,3,0,0.0,7.33
2026-09-19,Kwikship,Delhi,Tier-1,4,0,0.0,7.75
2026-09-19,Kwikship,Pune,Tier-2,6,0,0.0,7.5
2026-09-19,Kwikship,Indore,Tier-2,5,0,0.0,7.0
2026-09-19,Kwikship,Jaipur,Tier-3,5,2,0.0,7.4
2026-09-19,Kwikship,Lucknow,Tier-3,3,2,0.0,8.33
2026-09-20,Delhivery,Mumbai,Tier-1,4,2,327.0,8.25
2026-09-20,Delhivery,Delhi,Tier-1,3,0,0.0,8.0
2026-09-20,Delhivery,Pune,Tier-2,3,2,5188.0,7.5
2026-09-20,Delhivery,Indore,Tier-2,3,0,0.0,8.0
2026-09-20,Delhivery,Jaipur,Tier-3,3,2,626.0,7.67
2026-09-20,Delhivery,Lucknow,Tier-3,8,0,0.0,7.75
2026-09-20,Bluedart,Mumbai,Tier-1,6,0,0.0,7.67
2026-09-20,Bluedart,Delhi,Tier-1,3,0,0.0,8.33
2026-09-20,Bluedart,Pune,Tier-2,6,0,0.0,7.33
2026-09-20,Bluedart,Indore,Tier-2,3,0,0.0,8.67
2026-09-20,Bluedart,Jaipur,Tier-3,4,3,192.0,8.25
2026-09-20,Bluedart,Lucknow,Tier-3,5,3,220.0,8.0
2026-09-20,Shiprocket,Mumbai,Tier-1,4,1,221.0,8.0
2026-09-20,Shiprocket,Delhi,Tier-1,3,0,0.0,8.0
2026-09-20,Shiprocket,Pune,Tier-2,5,0,0.0,7.6
2026-09-20,Shiprocket,Indore,Tier-2,3,0,0.0,8.0
2026-09-20,Shiprocket,Jaipur,Tier-3,6,0,0.0,7.33
2026-09-20,Shiprocket,Lucknow,Tier-3,4,0,0.0,8.25
2026-09-20,DTDC,Mumbai,Tier-1,4,2,38.0,7.5
2026-09-20,DTDC,Delhi,Tier-1,4,2,32.0,7.75
2026-09-20,DTDC,Indore,Tier-2,5,2,257.0,8.0
2026-09-20,DTDC,Jaipur,Tier-3,5,2,184.0,7.5
2026-09-20,DTDC,Lucknow,Tier-3,3,1,8.0,7.0
2026-09-20,Kwikship,Mumbai,Tier-1,3,0,0.0,7.67
2026-09-20,Kwikship,Delhi,Tier-1,4,1,224.0,7.25
2026-09-20,Kwikship,Pune,Tier-2,5,0,0.0,8.0
2026-09-20,Kwikship,Indore,Tier-2,4,0,0.0,7.75
2026-09-20,Kwikship,Jaipur,Tier-3,3,0,0.0,7.67
2026-09-20,Kwikship,Lucknow,Tier-3,1,0,0.0,9.0
2026-09-21,Delhivery,Delhi,Tier-1,1,0,0.0,8.0
2026-09-21,Delhivery,Pune,Tier-2,1,0,0.0,9.0
2026-09-21,Delhivery,Lucknow,Tier-3,1,0,0.0,8.0
2026-09-21,Bluedart,Mumbai,Tier-1,3,0,0.0,8.33
2026-09-21,Bluedart,Delhi,Tier-1,2,0,0.0,9.0
2026-09-21,Bluedart,Pune,Tier-2,2,0,0.0,8.5
2026-09-21,Bluedart,Indore,Tier-2,2,0,0.0,8.5
2026-09-21,Bluedart,Jaipur,Tier-3,2,1,75.0,9.0
2026-09-21,Bluedart,Lucknow,Tier-3,1,0,0.0,8.0
2026-09-21,Shiprocket,Mumbai,Tier-1,3,0,0.0,8.33
2026-09-21,Shiprocket,Delhi,Tier-1,3,0,0.0,8.33
2026-09-21,Shiprocket,Pune,Tier-2,3,0,0.0,8.33
2026-09-21,Shiprocket,Indore,Tier-2,4,2,329.0,8.25
2026-09-21,Shiprocket,Jaipur,Tier-3,3,0,0.0,8.33
2026-09-21,DTDC,Mumbai,Tier-1,4,0,0.0,8.75
2026-09-21,DTDC,Pune,Tier-2,1,0,0.0,9.0
2026-09-21,DTDC,Indore,Tier-2,3,0,0.0,8.67
2026-09-21,DTDC,Jaipur,Tier-3,1,0,0.0,9.0
2026-09-21,DTDC,Lucknow,Tier-3,4,1,19.0,8.25
2026-09-21,Kwikship,Mumbai,Tier-1,1,0,0.0,9.0
2026-09-21,Kwikship,Delhi,Tier-1,3,0,0.0,8.33
2026-09-21,Kwikship,Pune,Tier-2,5,1,176.0,8.2
2026-09-21,Kwikship,Indore,Tier-2,1,0,0.0,9.0
2026-09-21,Kwikship,Jaipur,Tier-3,3,2,0.0,8.33
2026-09-22,Delhivery,Delhi,Tier-1,1,0,0.0,9.0
2026-09-22,Delhivery,Jaipur,Tier-3,1,1,7174.0,9.0
2026-09-22,Bluedart,Delhi,Tier-1,3,0,0.0,9.0
2026-09-22,Bluedart,Pune,Tier-2,1,0,0.0,9.0
2026-09-22,Bluedart,Indore,Tier-2,1,0,0.0,9.0
2026-09-22,Bluedart,Lucknow,Tier-3,3,1,41.0,9.0
2026-09-22,Shiprocket,Mumbai,Tier-1,3,1,236.0,9.0
2026-09-22,Shiprocket,Pune,Tier-2,2,0,0.0,9.0
2026-09-22,Shiprocket,Indore,Tier-2,2,0,0.0,9.0
2026-09-22,Shiprocket,Jaipur,Tier-3,1,0,0.0,9.0
2026-09-22,DTDC,Pune,Tier-2,1,1,19.0,9.0
2026-09-22,DTDC,Indore,Tier-2,1,1,8.0,9.0
2026-09-22,DTDC,Jaipur,Tier-3,2,0,0.0,9.0
2026-09-22,DTDC,Lucknow,Tier-3,1,0,0.0,9.0
2026-09-22,Kwikship,Pune,Tier-2,2,0,0.0,9.0
